Time,Price,BUY,SELL,EXIT
00:00:00,100.0,0,0,0
00:00:01,99.9910685737048,0,0,0
00:00:02,99.98340540994351,0,0,0
00:00:03,99.97838594836564,0,0,0
00:00:04,99.96945452207044,0,0,0
00:00:05,99.9765996631066,0,0,0
00:00:06,99.99267623043794,0,0,0
00:00:07,100.00339394199216,0,0,0
00:00:08,100.0051802272512,0,0,0
00:00:09,100.0230430798416,0,0,0
00:00:10,100.01053908302832,0,0,0
00:00:11,100.00158979388053,0,0,0
00:00:12,99.98731737466082,0,0,0
00:00:13,100.0194705093235,0,0,0
00:00:14,100.0053588557771,0,0,0
00:00:15,99.9998213714741,0,0,0
00:00:16,100.00160765673311,0,0,0
00:00:17,100.0166839043194,0,0,0
00:00:18,100.00875279776928,0,0,0
00:00:19,100.01768422406448,0,0,0
00:00:20,100.0230430798416,0,0,0
00:00:21,100.02018502342712,0,0,0
00:00:22,100.02125679458256,0,0,0
00:00:23,100.0194705093235,0,0,0
00:00:24,100.0141116535464,0,0,0
00:00:25,100.02125679458256,0,0,0
00:00:26,100.02482936510064,0,0,0
00:00:27,100.03197450613678,0,0,0
00:00:28,100.042692217691,0,0,0
00:00:29,100.04733655936452,0,0,0
00:00:30,100.05340992924523,0,0,0
00:00:31,100.06770021131754,0,0,0
00:00:32,100.04805107346812,0,0,0
00:00:33,100.05766128816175,0,0,0
00:00:34,100.0560893571338,0,0,0
00:00:35,100.04090593243195,0,0,0
00:00:36,100.0230430798416,0,0,0
00:00:37,100.0141116535464,0,0,0
00:00:38,100.00339394199216,0,0,0
00:00:39,99.9998213714741,0,0,0
00:00:40,99.99446251569697,0,0,0
00:00:41,100.00160765673311,0,0,0
00:00:42,100.01053908302832,0,0,0
00:00:43,100.02482936510064,0,0,0
00:00:44,100.02125679458256,0,0,0
00:00:45,100.00875279776928,0,0,0
00:00:46,99.98392343266865,0,0,0
00:00:47,99.9765996631066,0,0,0
00:00:48,99.97481337784754,0,0,0
00:00:49,99.97088355027768,0,0,0
00:00:50,99.96409566629332,0,0,0
00:00:51,99.9676682368114,0,0,0
00:00:52,99.95695052525718,0,0,0
00:00:53,99.949805384221,0,0,0
00:00:54,99.94266024318487,0,0,0
00:00:55,99.9598621702294,0,0,0
00:00:56,99.95516423999814,0,0,0
00:00:57,99.94801909896198,0,0,0
00:00:58,99.9511450981653,0,0,0
00:00:59,99.94801909896198,0,0,0
00:01:00,99.93551510214871,0,0,0
00:01:01,99.93067426909673,0,0,0
00:01:02,99.92301110533543,0,0,0
00:01:03,99.92660153870612,0,0,0
00:01:04,99.92479739059448,0,0,0
00:01:05,99.92658367585352,0,0,0
00:01:06,99.91407967904028,0,0,0
00:01:07,99.901575682227,0,0,0
00:01:08,99.90872082326314,0,0,0
00:01:09,99.89443054119084,0,0,0
00:01:10,99.87835397385948,0,0,0
00:01:11,99.87478140334142,0,0,0
00:01:12,99.86584997704624,0,0,0
00:01:13,99.88192654437756,0,0,0
00:01:14,99.88549911489564,0,0,0
00:01:15,99.89085797067276,0,0,0
00:01:16,99.89800311170892,0,0,0
00:01:17,99.91229339378124,0,0,0
00:01:18,99.91229339378124,0,0,0
00:01:19,99.94266024318487,0,0,0
00:01:20,99.95159166948004,0,0,0
00:01:21,99.9676682368114,0,0,0
00:01:22,99.97838594836564,0,0,0
00:01:23,100.01232536828736,0,0,0
00:01:24,99.996248800956,0,0,0
00:01:25,100.00696651251025,0,0,0
00:01:26,100.0262048047501,0,0,0
00:01:27,100.03554707665484,0,0,0
00:01:28,100.0337786542484,0,0,0
00:01:29,100.02661565035967,0,0,0
00:01:30,100.00875279776928,0,0,0
00:01:31,99.98017223362469,0,0,0
00:01:32,99.9587368105162,0,0,0
00:01:33,99.94087395792585,0,0,0
00:01:34,99.93192466877804,0,0,0
00:01:35,99.91407967904028,0,0,0
00:01:36,99.91079291416362,0,0,0
00:01:37,99.9212248200764,0,0,0
00:01:38,99.901575682227,0,0,0
00:01:39,99.89978939696796,0,0,0
00:01:40,99.9069345380041,0,0,0
00:01:41,99.91765224955832,0,0,0
00:01:42,99.92479739059448,0,0,0
00:01:43,99.91057855993252,0,0,0
00:01:44,99.91536580442676,0,0,0
00:01:45,99.90872082326314,0,0,0
00:01:46,99.91407967904028,0,0,0
00:01:47,99.9158659642993,0,0,0
00:01:48,99.9158659642993,0,0,0
00:01:49,99.90872082326314,0,0,0
00:01:50,99.89460916971674,0,0,0
00:01:51,99.88192654437756,0,0,0
00:01:52,99.87862191664834,0,0,0
00:01:53,99.88549911489564,0,0,0
00:01:54,99.879247116489,0,0,0
00:01:55,99.86227740652814,0,0,0
00:01:56,99.86942254756433,0,0,0
00:01:57,99.855132265492,0,0,0
00:01:58,99.8604911212691,0,0,0
00:01:59,99.86234885793851,0,0,0
00:02:00,99.84262826867874,0,0,0
00:02:01,99.85870483601008,0,0,0
00:02:02,99.84798712445586,0,0,0
00:02:03,99.85691855075105,0,0,0
00:02:04,99.86763626230528,0,0,0
00:02:05,99.86227740652814,0,0,0
00:02:06,99.85824040184272,0,0,0
00:02:07,99.86406369178718,0,0,0
00:02:08,99.84441455393778,0,0,0
00:02:09,99.8372694129016,0,0,0
00:02:10,99.83369684238352,0,0,0
00:02:11,99.84441455393778,0,0,0
00:02:12,99.84888026708536,0,0,0
00:02:13,99.86225954367556,0,0,0
00:02:14,99.84977340971489,0,0,0
00:02:15,99.84441455393778,0,0,0
00:02:16,99.8462008391968,0,0,0
00:02:17,99.81583398979316,0,0,0
00:02:18,99.8220859881998,0,0,0
00:02:19,99.8176202750522,0,0,0
00:02:20,99.81226141927507,0,0,0
00:02:21,99.81161835658185,0,0,0
00:02:22,99.82119284557028,0,0,0
00:02:23,99.82476541608835,0,0,0
00:02:24,99.81047513401604,0,0,0
00:02:25,99.78725342564854,0,0,0
00:02:26,99.78546714038951,0,0,0
00:02:27,99.808688848757,0,0,0
00:02:28,99.7979711372028,0,0,0
00:02:29,99.79975742246182,0,0,0
00:02:30,99.78544927753693,0,0,0
00:02:31,99.78546714038951,0,0,0
00:02:32,99.78368085513048,0,0,0
00:02:33,99.7801082846124,0,0,0
00:02:34,99.7979711372028,0,0,0
00:02:35,99.81583398979316,0,0,0
00:02:36,99.81226141927507,0,0,0
00:02:37,99.82119284557028,0,0,0
00:02:38,99.81404770453412,0,0,0
00:02:39,99.8172630180004,0,0,0
00:02:40,99.81583398979316,0,0,0
00:02:41,99.8176202750522,0,0,0
00:02:42,99.81226141927507,0,0,0
00:02:43,99.83905569816064,0,0,0
00:02:44,99.8604911212691,0,0,0
00:02:45,99.85691855075105,0,0,0
00:02:46,99.855132265492,0,0,0
00:02:47,99.84866591285429,0,0,0
00:02:48,99.85781169338055,0,0,0
00:02:49,99.86674311967576,0,0,0
00:02:50,99.85870483601008,0,0,0
00:02:51,99.85959797863958,0,0,0
00:02:52,99.8604911212691,0,0,0
00:02:53,99.86929750759616,0,0,0
00:02:54,99.87120883282334,0,0,0
00:02:55,99.86763626230528,0,0,0
00:02:56,99.86942254756433,0,0,0
00:02:57,99.855132265492,0,0,0
00:02:58,99.86227740652814,0,0,0
00:02:59,99.86942254756433,0,0,0
00:03:00,99.8872854001547,0,0,0
00:03:01,99.91407967904028,0,0,0
00:03:02,99.9069345380041,0,0,0
00:03:03,99.89443054119084,0,0,0
00:03:04,99.87949719642528,0,0,0
00:03:05,99.89621682644989,0,0,0
00:03:06,99.90139705370107,0,0,0
00:03:07,99.8729951180824,0,0,0
00:03:08,99.89800311170892,0,0,0
00:03:09,99.89443054119084,0,0,0
00:03:10,99.89621682644989,0,0,0
00:03:11,99.8926442559318,0,0,0
00:03:12,99.8729951180824,0,0,0
00:03:13,99.87656768860046,0,0,0
00:03:14,99.88014025911852,0,0,0
00:03:15,99.85870483601008,0,0,0
00:03:16,99.855132265492,0,0,0
00:03:17,99.85334598023296,0,0,0
00:03:18,99.84262826867874,0,0,0
00:03:19,99.84977340971489,0,0,0
00:03:20,99.83369684238352,0,0,0
00:03:21,99.85334598023296,0,0,0
00:03:22,99.8462008391968,0,0,0
00:03:23,99.8604911212691,0,0,0
00:03:24,99.8729772552298,0,0,0
00:03:25,99.87478140334142,0,0,0
00:03:26,99.89085797067276,0,0,0
00:03:27,99.88549911489564,0,0,0
00:03:28,99.89800311170892,0,0,0
00:03:29,99.90336196748602,0,0,0
00:03:30,99.88617790329408,0,0,0
00:03:31,99.8604911212691,0,0,0
00:03:32,99.84441455393778,0,0,0
00:03:33,99.81610193258204,0,0,0
00:03:34,99.81404770453412,0,0,0
00:03:35,99.79261228142566,0,0,0
00:03:36,99.78546714038951,0,0,0
00:03:37,99.79082599616662,0,0,0
00:03:38,99.7988642798323,0,0,0
00:03:39,99.79975742246182,0,0,0
00:03:40,99.8033299929799,0,0,0
00:03:41,99.8176202750522,0,0,0
00:03:42,99.83369684238352,0,0,0
00:03:43,99.84084198341968,0,0,0
00:03:44,99.85870483601008,0,0,0
00:03:45,99.83012427186549,0,0,0
00:03:46,99.82833798660644,0,0,0
00:03:47,99.82119284557028,0,0,0
00:03:48,99.8176202750522,0,0,0
00:03:49,99.8265517013474,0,0,0
00:03:50,99.83369684238352,0,0,0
00:03:51,99.82476541608835,0,0,0
00:03:52,99.8319105571245,0,0,0
00:03:53,99.8462008391968,0,0,0
00:03:54,99.84262826867874,0,0,0
00:03:55,99.8319105571245,0,0,0
00:03:56,99.8319105571245,0,0,0
00:03:57,99.8462008391968,0,0,0
00:03:58,99.855132265492,0,0,0
00:03:59,99.84798712445586,0,0,0
00:04:00,99.85155969497391,0,0,0
00:04:01,99.82833798660644,0,0,0
00:04:02,99.77296314357623,0,0,0
00:04:03,99.77474942883528,0,0,0
00:04:04,99.77653571409432,0,0,0
00:04:05,99.79261228142566,0,0,0
00:04:06,99.77467797742491,0,0,0
00:04:07,99.7890397109076,0,0,0
00:04:08,99.78189456987144,0,0,0
00:04:09,99.76581800254009,0,0,0
00:04:10,99.76760428779912,0,0,0
00:04:11,99.75510029098588,0,0,0
00:04:12,99.76045914676298,0,0,0
00:04:13,99.78546714038951,0,0,0
00:04:14,99.78546714038951,0,0,0
00:04:15,99.80154370772088,0,0,0
00:04:16,99.79261228142566,0,0,0
00:04:17,99.75867286150394,0,0,0
00:04:18,99.76581800254009,0,0,0
00:04:19,99.76939057305816,0,0,0
00:04:20,99.76939057305816,0,0,0
00:04:21,99.76045914676298,0,0,0
00:04:22,99.76939057305816,0,0,0
00:04:23,99.77653571409432,0,0,0
00:04:24,99.78368085513048,0,0,0
00:04:25,99.77653571409432,0,0,0
00:04:26,99.78189456987144,0,0,0
00:04:27,99.78189456987144,0,0,0
00:04:28,99.79975742246182,0,0,0
00:04:29,99.80154370772088,0,0,0
00:04:30,99.81583398979316,0,0,0
00:04:31,99.81940656031122,0,0,0
00:04:32,99.80600942086843,0,0,0
00:04:33,99.81226141927507,0,0,0
00:04:34,99.8176202750522,0,0,0
00:04:35,99.83548312764258,0,0,0
00:04:36,99.82833798660644,0,0,0
00:04:37,99.82476541608835,0,0,0
00:04:38,99.79263014427826,0,0,0
00:04:39,99.78725342564854,0,0,0
00:04:40,99.78189456987144,0,0,0
00:04:41,99.77394560046872,0,0,0
00:04:42,99.76939057305816,0,0,0
00:04:43,99.78546714038951,0,0,0
00:04:44,99.79618485194374,0,0,0
00:04:45,99.7988642798323,0,0,0
00:04:46,99.79798900005537,0,0,0
00:04:47,99.76581800254009,0,0,0
00:04:48,99.76706840222144,0,0,0
00:04:49,99.74438257943164,0,0,0
00:04:50,99.74974143520872,0,0,0
00:04:51,99.75867286150394,0,0,0
00:04:52,99.75331400572684,0,0,0
00:04:53,99.75331400572684,0,0,0
00:04:54,99.74438257943164,0,0,0
00:04:55,99.75152772046778,0,0,0
00:04:56,99.75777971887445,0,0,0
00:04:57,99.75331400572684,0,0,0
00:04:58,99.75152772046778,0,0,0
00:04:59,99.75867286150394,0,0,0
00:05:00,99.75688657624492,0,0,0
00:05:01,99.76760428779912,0,0,0
00:05:02,99.76939057305816,0,0,0
00:05:03,99.7801082846124,0,0,0
00:05:04,99.7890397109076,0,0,0
00:05:05,99.78725342564854,0,0,0
00:05:06,99.7890397109076,0,0,0
00:05:07,99.78100142724192,0,0,0
00:05:08,99.76939057305816,0,0,0
00:05:09,99.76581800254009,0,0,0
00:05:10,99.7801082846124,0,0,0
00:05:11,99.78368085513048,0,0,0
00:05:12,99.79082599616662,0,0,0
00:05:13,99.7979711372028,0,0,0
00:05:14,99.80690256349796,0,0,0
00:05:15,99.81047513401604,0,0,0
00:05:16,99.79975742246182,0,0,0
00:05:17,99.79618485194374,0,0,0
00:05:18,99.78110860435746,0,0,0
00:05:19,99.78189456987144,0,0,0
00:05:20,99.79261228142566,0,0,0
00:05:21,99.8176202750522,0,0,0
00:05:22,99.82297913082932,0,0,0
00:05:23,99.83576893328404,0,0,0
00:05:24,99.82262187377748,0,0,0
00:05:25,99.8319105571245,0,0,0
00:05:26,99.8319105571245,0,0,0
00:05:27,99.82476541608835,0,0,0
00:05:28,99.8283737123116,0,0,0
00:05:29,99.81940656031122,0,0,0
00:05:30,99.8265517013474,0,0,0
00:05:31,99.81940656031122,0,0,0
00:05:32,99.82119284557028,0,0,0
00:05:33,99.8274448439769,0,0,0
00:05:34,99.8250512217298,0,0,0
00:05:35,99.85959797863958,0,0,0
00:05:36,99.87835397385948,0,0,0
00:05:37,99.88905382256112,0,0,0
00:05:38,99.90336196748602,0,0,0
00:05:39,99.90872082326314,0,0,0
00:05:40,99.91943853481736,0,0,0
00:05:41,99.93194253163064,0,0,0
00:05:42,99.92836996111257,0,0,0
00:05:43,99.9301562463716,0,0,0
00:05:44,99.9212248200764,0,0,0
00:05:45,99.9158659642993,0,0,0
00:05:46,99.9301562463716,0,0,0
00:05:47,99.94487523690609,0,0,0
00:05:48,99.9212248200764,0,0,0
00:05:49,99.93104938900112,0,0,0
00:05:50,99.91429403327132,0,0,0
00:05:51,99.94442866559132,0,0,0
00:05:52,99.95159166948004,0,0,0
00:05:53,99.96588195155236,0,0,0
00:05:54,99.96588195155236,0,0,0
00:05:55,99.96230938103427,0,0,0
00:05:56,99.95695052525718,0,0,0
00:05:57,99.94087395792585,0,0,0
00:05:58,99.9676682368114,0,0,0
00:05:59,99.97124080732948,0,0,0
00:06:00,99.98195851888372,0,0,0
00:06:01,99.996248800956,0,0,0
00:06:02,99.98910365991986,0,0,0
00:06:03,100.0141116535464,0,0,0
00:06:04,100.00339394199216,0,0,0
00:06:05,100.00339394199216,0,0,0
00:06:06,100.0141116535464,0,0,0
00:06:07,100.0051980901038,0,0,0
00:06:08,100.00696651251025,0,0,0
00:06:09,100.00158979388053,0,0,0
00:06:10,100.01053908302832,0,0,0
00:06:11,100.0284019356187,0,0,0
00:06:12,100.0194705093235,0,0,0
00:06:13,100.00875279776928,0,0,0
00:06:14,99.98374480414276,0,0,0
00:06:15,99.98374480414276,0,0,0
00:06:16,99.99088994517888,0,0,0
00:06:17,100.0141116535464,0,0,0
00:06:18,100.01768422406448,0,0,0
00:06:19,100.0349040139616,0,0,0
00:06:20,100.0614482129109,0,0,0
00:06:21,100.06055507028138,0,0,0
00:06:22,100.07654232334978,0,0,0
00:06:23,100.08556306390793,0,0,0
00:06:24,100.08199049338984,0,0,0
00:06:25,100.06412764079946,0,0,0
00:06:26,100.08181186486394,0,0,0
00:06:27,100.0980670607212,0,0,0
00:06:28,100.08734934916694,0,0,0
00:06:29,100.08047215091965,0,0,0
00:06:30,100.05878664787492,0,0,0
00:06:31,100.07484535235368,0,0,0
00:06:32,100.07484535235368,0,0,0
00:06:33,100.0694864965766,0,0,0
00:06:34,100.06412764079946,0,0,0
00:06:35,100.0757384949832,0,0,0
00:06:36,100.07127278183562,0,0,0
00:06:37,100.06591392605851,0,0,0
00:06:38,100.0694864965766,0,0,0
00:06:39,100.06412764079946,0,0,0
00:06:40,100.06591392605851,0,0,0
00:06:41,100.06521727480748,0,0,0
00:06:42,100.07663163761272,0,0,0
00:06:43,100.11055319468186,0,0,0
00:06:44,100.11057105753449,0,0,0
00:06:45,100.1188415582838,0,0,0
00:06:46,100.11414362805252,0,0,0
00:06:47,100.1123573427935,0,0,0
00:06:48,100.11592991331158,0,0,0
00:06:49,100.12396819697724,0,0,0
00:06:50,100.12486133960677,0,0,0
00:06:51,100.135579051161,0,0,0
00:06:52,100.12486133960677,0,0,0
00:06:53,100.11950248382963,0,0,0
00:06:54,100.12486133960677,0,0,0
00:06:55,100.11414362805252,0,0,0
00:06:56,100.11414362805252,0,0,0
00:06:57,100.11989546658664,0,0,0
00:06:58,100.1177340614232,0,0,0
00:06:59,100.12486133960677,0,0,0
00:07:00,100.1266476248658,0,0,0
00:07:01,100.12128876908868,0,0,0
00:07:02,100.0980670607212,0,0,0
00:07:03,100.10163963123928,0,0,0
00:07:04,100.1034259164983,0,0,0
00:07:05,100.12486133960677,0,0,0
00:07:06,100.135579051161,0,0,0
00:07:07,100.12307505434772,0,0,0
00:07:08,100.14451047745618,0,0,0
00:07:09,100.13289962327244,0,0,0
00:07:10,100.12396819697724,0,0,0
00:07:11,100.1266476248658,0,0,0
00:07:12,100.13022019538388,0,0,0
00:07:13,100.1243790425868,0,0,0
00:07:14,100.1123573427935,0,0,0
00:07:15,100.11575128478567,0,0,0
00:07:16,100.11173214295285,0,0,0
00:07:17,100.08199049338984,0,0,0
00:07:18,100.089135634426,0,0,0
00:07:19,100.089135634426,0,0,0
00:07:20,100.07841792287176,0,0,0
00:07:21,100.0694864965766,0,0,0
00:07:22,100.05340992924523,0,0,0
00:07:23,100.04090593243195,0,0,0
00:07:24,100.03554707665484,0,0,0
00:07:25,100.04090593243195,0,0,0
00:07:26,100.03711900768282,0,0,0
00:07:27,100.0194705093235,0,0,0
00:07:28,100.03197450613678,0,0,0
00:07:29,100.02661565035967,0,0,0
00:07:30,100.03018822087772,0,0,0
00:07:31,100.01232536828736,0,0,0
00:07:32,100.02125679458256,0,0,0
00:07:33,100.02482936510064,0,0,0
00:07:34,100.0194705093235,0,0,0
00:07:35,99.98910365991986,0,0,0
00:07:36,99.98358403846944,0,0,0
00:07:37,99.97838594836564,0,0,0
00:07:38,99.99137224219884,0,0,0
00:07:39,99.98374480414276,0,0,0
00:07:40,100.00339394199216,0,0,0
00:07:41,100.02125679458256,0,0,0
00:07:42,100.03197450613678,0,0,0
00:07:43,100.06055507028138,0,0,0
00:07:44,100.04090593243195,0,0,0
00:07:45,100.03554707665484,0,0,0
00:07:46,100.03018822087772,0,0,0
00:07:47,100.0337607913958,0,0,0
00:07:48,100.03197450613678,0,0,0
00:07:49,100.05430307187476,0,0,0
00:07:50,100.07305906709466,0,0,0
00:07:51,100.04626478820909,0,0,0
00:07:52,100.03733336191388,0,0,0
00:07:53,100.04626478820909,0,0,0
00:07:54,100.03554707665484,0,0,0
00:07:55,100.05876878502234,0,0,0
00:07:56,100.0623413555404,0,0,0
00:07:57,100.04983735872716,0,0,0
00:07:58,100.0284019356187,0,0,0
00:07:59,100.042692217691,0,0,0
00:08:00,100.0141116535464,0,0,0
00:08:01,100.02125679458256,0,0,0
00:08:02,100.01232536828736,0,0,0
00:08:03,100.02125679458256,0,0,0
00:08:04,100.02125679458256,0,0,0
00:08:05,100.03018822087772,0,0,0
00:08:06,100.02125679458256,0,0,0
00:08:07,100.04090593243195,0,0,0
00:08:08,100.06055507028138,0,0,0
00:08:09,100.0542316204644,0,0,0
00:08:10,100.07395220972415,0,0,0
00:08:11,100.0748274895011,0,0,0
00:08:12,100.06055507028138,0,0,0
00:08:13,100.07127278183562,0,0,0
00:08:14,100.06680706868804,0,0,0
00:08:15,100.09983548312763,0,0,0
00:08:16,100.10378317355011,0,0,0
00:08:17,100.10163963123928,0,0,0
00:08:18,100.0980670607212,0,0,0
00:08:19,100.0980670607212,0,0,0
00:08:20,100.0891177715734,0,0,0
00:08:21,100.08734934916694,0,0,0
00:08:22,100.07484535235368,0,0,0
00:08:23,100.09092191968504,0,0,0
00:08:24,100.10521220175734,0,0,0
00:08:25,100.11950248382963,0,0,0
00:08:26,100.10521220175734,0,0,0
00:08:27,100.12486133960677,0,0,0
00:08:28,100.1087847722754,0,0,0
00:08:29,100.0980670607212,0,0,0
00:08:30,100.11592991331158,0,0,0
00:08:31,100.12128876908868,0,0,0
00:08:32,100.11592991331158,0,0,0
00:08:33,100.11414362805252,0,0,0
00:08:34,100.11414362805252,0,0,0
00:08:35,100.1123573427935,0,0,0
00:08:36,100.12128876908868,0,0,0
00:08:37,100.1320064806429,0,0,0
00:08:38,100.12307505434772,0,0,0
00:08:39,100.12843391012484,0,0,0
00:08:40,100.1462967627152,0,0,0
00:08:41,100.16773218582368,0,0,0
00:08:42,100.17114399066844,0,0,0
00:08:43,100.17130475634174,0,0,0
00:08:44,100.17075100791143,0,0,0
00:08:45,100.17296600163266,0,0,0
00:08:46,100.17130475634174,0,0,0
00:08:47,100.16773218582368,0,0,0
00:08:48,100.16505275793511,0,0,0
00:08:49,100.17130475634174,0,0,0
00:08:50,100.1748773268598,0,0,0
00:08:51,100.16594590056464,0,0,0
00:08:52,100.1748773268598,0,0,0
00:08:53,100.15556758320965,0,0,0
00:08:54,100.15344190375136,0,0,0
00:08:55,100.16056918193496,0,0,0
00:08:56,100.1604441419668,0,0,0
00:08:57,100.15881862238108,0,0,0
00:08:58,100.1677143229711,0,0,0
00:08:59,100.15880075952848,0,0,0
00:09:00,100.1462967627152,0,0,0
00:09:01,100.1455822486116,0,0,0
00:09:02,100.1123573427935,0,0,0
00:09:03,100.1177161985706,0,0,0
00:09:04,100.1087847722754,0,0,0
00:09:05,100.11592991331158,0,0,0
00:09:06,100.13736533642005,0,0,0
00:09:07,100.14272419219714,0,0,0
00:09:08,100.14451047745618,0,0,0
00:09:09,100.12486133960677,0,0,0
00:09:10,100.11950248382963,0,0,0
00:09:11,100.13736533642005,0,0,0
00:09:12,100.12307505434772,0,0,0
00:09:13,100.12484347675417,0,0,0
00:09:14,100.11414362805252,0,0,0
00:09:15,100.10521220175734,0,0,0
00:09:16,100.12128876908868,0,0,0
00:09:17,100.13379276590196,0,0,0
00:09:18,100.12843391012484,0,0,0
00:09:19,100.1177161985706,0,0,0
00:09:20,100.1143758451362,0,0,0
00:09:21,100.135579051161,0,0,0
00:09:22,100.15522818901042,0,0,0
00:09:23,100.15344190375136,0,0,0
00:09:24,100.15165561849231,0,0,0
00:09:25,100.14451047745618,0,0,0
00:09:26,100.17666361211886,0,0,0
00:09:27,100.17130475634174,0,0,0
00:09:28,100.17666361211886,0,0,0
00:09:29,100.14451047745618,0,0,0
00:09:30,100.13379276590196,0,0,0
00:09:31,100.14808304797424,0,0,0
00:09:32,100.14272419219714,0,0,0
00:09:33,100.14272419219714,0,0,0
00:09:34,100.15701447426946,0,0,0
00:09:35,100.16058704478752,0,0,0
00:09:36,100.14004476430858,0,0,0
00:09:37,100.11151778872174,0,0,0
00:09:38,100.09270820494407,0,0,0
00:09:39,100.09628077546216,0,0,0
00:09:40,100.09270820494407,0,0,0
00:09:41,100.08556306390793,0,0,0
00:09:42,100.07127278183562,0,0,0
00:09:43,100.0694864965766,0,0,0
00:09:44,100.07865013995544,0,0,0
00:09:45,100.08734934916694,0,0,0
00:09:46,100.09270820494407,0,0,0
00:09:47,100.1034259164983,0,0,0
00:09:48,100.10519433890477,0,0,0
00:09:49,100.09449449020312,0,0,0
00:09:50,100.1087847722754,0,0,0
00:09:51,100.1087847722754,0,0,0
00:09:52,100.09092191968504,0,0,0
00:09:53,100.10521220175734,0,0,0
00:09:54,100.09985334598022,0,0,0
00:09:55,100.11950248382963,0,0,0
00:09:56,100.12307505434772,0,0,0
00:09:57,100.1166444274152,0,0,0
00:09:58,100.0989602033507,0,0,0
00:09:59,100.0980670607212,0,0,0
00:10:00,100.089135634426,0,0,0
00:10:01,100.09628077546216,0,0,0
00:10:02,100.11503677068204,0,0,0
00:10:03,100.11592991331158,0,0,0
00:10:04,100.11414362805252,0,0,0
00:10:05,100.0980670607212,0,0,0
00:10:06,100.08377677864888,0,0,0
00:10:07,100.089135634426,0,0,0
00:10:08,100.08734934916694,0,0,0
00:10:09,100.10163963123928,0,0,0
00:10:10,100.09985334598022,0,0,0
00:10:11,100.09628077546216,0,0,0
00:10:12,100.1087847722754,0,0,0
00:10:13,100.1034259164983,0,0,0
00:10:14,100.09270820494407,0,0,0
00:10:15,100.10610534438683,0,0,0
00:10:16,100.09628077546216,0,0,0
00:10:17,100.0980670607212,0,0,0
00:10:18,100.09270820494407,0,0,0
00:10:19,100.09628077546216,0,0,0
00:10:20,100.08377677864888,0,0,0
00:10:21,100.09985334598022,0,0,0
00:10:22,100.09092191968504,0,0,0
00:10:23,100.0998712088328,0,0,0
00:10:24,100.10699848701636,0,0,0
00:10:25,100.11058892038704,0,0,0
00:10:26,100.09628077546216,0,0,0
00:10:27,100.06859335394708,0,0,0
00:10:28,100.04805107346812,0,0,0
00:10:29,100.03108136350724,0,0,0
00:10:30,100.01589793880542,0,0,0
00:10:31,99.9998213714741,0,0,0
00:10:32,99.98731737466082,0,0,0
00:10:33,99.97481337784754,0,0,0
00:10:34,99.97838594836564,0,0,0
00:10:35,99.99446251569697,0,0,0
00:10:36,99.99267623043794,0,0,0
00:10:37,99.98195851888372,0,0,0
00:10:38,99.9855310894018,0,0,0
00:10:39,99.996248800956,0,0,0
00:10:40,100.0051802272512,0,0,0
00:10:41,99.99519489265316,0,0,0
00:10:42,99.996248800956,0,0,0
00:10:43,99.9855310894018,0,0,0
00:10:44,99.97302709258852,0,0,0
00:10:45,99.96588195155236,0,0,0
00:10:46,99.93372881688968,0,0,0
00:10:47,99.92836996111257,0,0,0
00:10:48,99.92836996111257,0,0,0
00:10:49,99.9331572056068,0,0,0
00:10:50,99.94085609507324,0,0,0
00:10:51,99.93185321736767,0,0,0
00:10:52,99.90872082326314,0,0,0
00:10:53,99.91407967904028,0,0,0
00:10:54,99.92479739059448,0,0,0
00:10:55,99.92836996111257,0,0,0
00:10:56,99.92658367585352,0,0,0
00:10:57,99.9301562463716,0,0,0
00:10:58,99.9390876726668,0,0,0
00:10:59,99.9587368105162,0,0,0
00:11:00,99.96230938103427,0,0,0
00:11:01,99.9587368105162,0,0,0
00:11:02,99.95695052525718,0,0,0
00:11:03,99.9444465284439,0,0,0
00:11:04,99.9390876726668,0,0,0
00:11:05,99.90872082326314,0,0,0
00:11:06,99.91943853481736,0,0,0
00:11:07,99.91407967904028,0,0,0
00:11:08,99.90872082326314,0,0,0
00:11:09,99.91407967904028,0,0,0
00:11:10,99.89800311170892,0,0,0
00:11:11,99.9301562463716,0,0,0
00:11:12,99.9301562463716,0,0,0
00:11:13,99.9390876726668,0,0,0
00:11:14,99.93372881688968,0,0,0
00:11:15,99.96409566629332,0,0,0
00:11:16,99.95159166948004,0,0,0
00:11:17,99.96230938103427,0,0,0
00:11:18,99.97481337784754,0,0,0
00:11:19,99.97481337784754,0,0,0
00:11:20,99.9676682368114,0,0,0
00:11:21,99.96230938103427,0,0,0
00:11:22,99.96588195155236,0,0,0
00:11:23,99.9765996631066,0,0,0
00:11:24,100.01232536828736,0,0,0
00:11:25,100.01053908302832,0,0,0
00:11:26,100.00696651251025,0,0,0
00:11:27,100.0230430798416,0,0,0
00:11:28,100.0194705093235,0,0,0
00:11:29,100.01227177972956,0,0,0
00:11:30,100.01227177972956,0,0,0
00:11:31,100.0230430798416,0,0,0
00:11:32,100.04447850295006,0,0,0
00:11:33,100.0694864965766,0,0,0
00:11:34,100.07127278183562,0,0,0
00:11:35,100.06055507028138,0,0,0
00:11:36,100.04626478820909,0,0,0
00:11:37,100.03554707665484,0,0,0
00:11:38,100.04090593243195,0,0,0
00:11:39,100.04626478820909,0,0,0
00:11:40,100.03644021928436,0,0,0
00:11:41,100.03733336191388,0,0,0
00:11:42,100.03911964717292,0,0,0
00:11:43,100.04983735872716,0,0,0
00:11:44,100.05876878502234,0,0,0
00:11:45,100.0623413555404,0,0,0
00:11:46,100.07663163761272,0,0,0
00:11:47,100.07484535235368,0,0,0
00:11:48,100.06055507028138,0,0,0
00:11:49,100.06591392605851,0,0,0
00:11:50,100.0623413555404,0,0,0
00:11:51,100.04447850295006,0,0,0
00:11:52,100.05698249976332,0,0,0
00:11:53,100.0623413555404,0,0,0
00:11:54,100.05876878502234,0,0,0
00:11:55,100.06591392605851,0,0,0
00:11:56,100.089135634426,0,0,0
00:11:57,100.07216592446514,0,0,0
00:11:58,100.04983735872716,0,0,0
00:11:59,100.05876878502234,0,0,0
00:12:00,100.07216592446514,0,0,0
00:12:01,100.04983735872716,0,0,0
00:12:02,100.0516236439862,0,0,0
00:12:03,100.07752478024224,0,0,0
00:12:04,100.0802042081308,0,0,0
00:12:05,100.0802042081308,0,0,0
00:12:06,100.06591392605851,0,0,0
00:12:07,100.05966192765186,0,0,0
00:12:08,100.07484535235368,0,0,0
00:12:09,100.08377677864888,0,0,0
00:12:10,100.08556306390793,0,0,0
00:12:11,100.07486321520628,0,0,0
00:12:12,100.0757384949832,0,0,0
00:12:13,100.08556306390793,0,0,0
00:12:14,100.09270820494407,0,0,0
00:12:15,100.07843578572437,0,0,0
00:12:16,100.08074009370851,0,0,0
00:12:17,100.0623413555404,0,0,0
00:12:18,100.0590188649586,0,0,0
00:12:19,100.07305906709466,0,0,0
00:12:20,100.06770021131754,0,0,0
00:12:21,100.07663163761272,0,0,0
00:12:22,100.089135634426,0,0,0
00:12:23,100.07663163761272,0,0,0
00:12:24,100.07305906709466,0,0,0
00:12:25,100.089135634426,0,0,0
00:12:26,100.09270820494407,0,0,0
00:12:27,100.10521220175734,0,0,0
00:12:28,100.10521220175734,0,0,0
00:12:29,100.11950248382963,0,0,0
00:12:30,100.0989602033507,0,0,0
00:12:31,100.0980670607212,0,0,0
00:12:32,100.09270820494407,0,0,0
00:12:33,100.0980670607212,0,0,0
00:12:34,100.10074648860974,0,0,0
00:12:35,100.10699848701636,0,0,0
00:12:36,100.1177161985706,0,0,0
00:12:37,100.13379276590196,0,0,0
00:12:38,100.12843391012484,0,0,0
00:12:39,100.12843391012484,0,0,0
00:12:40,100.15165561849231,0,0,0
00:12:41,100.16773218582368,0,0,0
00:12:42,100.15701447426946,0,0,0
00:12:43,100.15612133163994,0,0,0
00:12:44,100.15701447426946,0,0,0
00:12:45,100.15701447426946,0,0,0
00:12:46,100.15165561849231,0,0,0
00:12:47,100.1462967627152,0,0,0
00:12:48,100.1409379069381,0,0,0
00:12:49,100.12128876908868,0,0,0
00:12:50,100.12307505434772,0,0,0
00:12:51,100.13379276590196,0,0,0
00:12:52,100.1462967627152,0,0,0
00:12:53,100.14272419219714,0,0,0
00:12:54,100.13379276590196,0,0,0
00:12:55,100.12575448223627,0,0,0
00:12:56,100.12128876908868,0,0,0
00:12:57,100.11325048542302,0,0,0
00:12:58,100.12128876908868,0,0,0
00:12:59,100.1177161985706,0,0,0
00:13:00,100.1087847722754,0,0,0
00:13:01,100.11057105753449,0,0,0
00:13:02,100.089135634426,0,0,0
00:13:03,100.0980491978686,0,0,0
00:13:04,100.09978189456986,0,0,0
00:13:05,100.09982262187376,0,0,0
00:13:06,100.11057105753449,0,0,0
00:13:07,100.12486133960677,0,0,0
00:13:08,100.12843391012484,0,0,0
00:13:09,100.11414362805252,0,0,0
00:13:10,100.11769833571805,0,0,0
00:13:11,100.11950248382963,0,0,0
00:13:12,100.12307505434772,0,0,0
00:13:13,100.15701447426946,0,0,0
00:13:14,100.15433504638088,0,0,0
00:13:15,100.1507624758628,0,0,0
00:13:16,100.150405218811,0,0,0
00:13:17,100.1641596153056,0,0,0
00:13:18,100.15701447426946,0,0,0
00:13:19,100.16058704478752,0,0,0
00:13:20,100.15165561849231,0,0,0
00:13:21,100.14272419219714,0,0,0
00:13:22,100.15701447426946,0,0,0
00:13:23,100.15522818901042,0,0,0
00:13:24,100.16594590056464,0,0,0
00:13:25,100.15701447426946,0,0,0
00:13:26,100.15344190375136,0,0,0
00:13:27,100.14986933323328,0,0,0
00:13:28,100.15165561849231,0,0,0
00:13:29,100.1641596153056,0,0,0
00:13:30,100.1641596153056,0,0,0
00:13:31,100.17844989737792,0,0,0
00:13:32,100.17844989737792,0,0,0
00:13:33,100.18380875315502,0,0,0
00:13:34,100.17844989737792,0,0,0
00:13:35,100.1748773268598,0,0,0
00:13:36,100.182022467896,0,0,0
00:13:37,100.1730731787482,0,0,0
00:13:38,100.16237333004656,0,0,0
00:13:39,100.16951847108272,0,0,0
00:13:40,100.1748773268598,0,0,0
00:13:41,100.18204033074858,0,0,0
00:13:42,100.1748773268598,0,0,0
00:13:43,100.16773218582368,0,0,0
00:13:44,100.18916760893214,0,0,0
00:13:45,100.18380875315502,0,0,0
00:13:46,100.2016716057454,0,0,0
00:13:47,100.19809903522732,0,0,0
00:13:48,100.19452646470924,0,0,0
00:13:49,100.20358293097256,0,0,0
00:13:50,100.19466936752995,0,0,0
00:13:51,100.1873813236731,0,0,0
00:13:52,100.17130475634174,0,0,0
00:13:53,100.1641596153056,0,0,0
00:13:54,100.15880075952848,0,0,0
00:13:55,100.16237333004656,0,0,0
00:13:56,100.15701447426946,0,0,0
00:13:57,100.15522818901042,0,0,0
00:13:58,100.15165561849231,0,0,0
00:13:59,100.15701447426946,0,0,0
00:14:00,100.15880075952848,0,0,0
00:14:01,100.15344190375136,0,0,0
00:14:02,100.16058704478752,0,0,0
00:14:03,100.1409379069381,0,0,0
00:14:04,100.14808304797424,0,0,0
00:14:05,100.1641596153056,0,0,0
00:14:06,100.15522818901042,0,0,0
00:14:07,100.1748773268598,0,0,0
00:14:08,100.15880075952848,0,0,0
00:14:09,100.15254876112184,0,0,0
00:14:10,100.13915162167908,0,0,0
00:14:11,100.1320064806429,0,0,0
00:14:12,100.1177161985706,0,0,0
00:14:13,100.1177161985706,0,0,0
00:14:14,100.1177161985706,0,0,0
00:14:15,100.11950248382963,0,0,0
00:14:16,100.12307505434772,0,0,0
00:14:17,100.1123573427935,0,0,0
00:14:18,100.11182145721578,0,0,0
00:14:19,100.04805107346812,0,0,0
00:14:20,100.05698249976332,0,0,0
00:14:21,100.04805107346812,0,0,0
00:14:22,100.04447850295006,0,0,0
00:14:23,100.04983735872716,0,0,0
00:14:24,100.05876878502234,0,0,0
00:14:25,100.06770021131754,0,0,0
00:14:26,100.04626478820909,0,0,0
00:14:27,100.02661565035967,0,0,0
00:14:28,100.01589793880542,0,0,0
00:14:29,100.00339394199216,0,0,0
00:14:30,99.99966060580078,0,0,0
00:14:31,100.01232536828736,0,0,0
00:14:32,100.0194705093235,0,0,0
00:14:33,100.02663351321225,0,0,0
00:14:34,100.01232536828736,0,0,0
00:14:35,100.02482936510064,0,0,0
00:14:36,100.05876878502234,0,0,0
00:14:37,100.042692217691,0,0,0
00:14:38,100.0623413555404,0,0,0
00:14:39,100.05394581482297,0,0,0
00:14:40,100.04447850295006,0,0,0
00:14:41,100.0194705093235,0,0,0
00:14:42,100.0194705093235,0,0,0
00:14:43,100.01321851091689,0,0,0
00:14:44,100.00696651251025,0,0,0
00:14:45,100.00414418180095,0,0,0
00:14:46,100.0194705093235,0,0,0
00:14:47,100.01053908302832,0,0,0
00:14:48,100.0051802272512,0,0,0
00:14:49,100.01232536828736,0,0,0
00:14:50,100.00339394199216,0,0,0
00:14:51,99.98910365991986,0,0,0
00:14:52,99.99446251569697,0,0,0
00:14:53,99.97838594836564,0,0,0
00:14:54,100.00875279776928,0,0,0
00:14:55,100.0105926715861,0,0,0
00:14:56,100.01768422406448,0,0,0
00:14:57,100.02214993721208,0,0,0
00:14:58,100.0194705093235,0,0,0
00:14:59,100.02482936510064,0,0,0
00:15:00,100.03554707665484,0,0,0
00:15:01,100.02663351321225,0,0,0
00:15:02,100.01768422406448,0,0,0
00:15:03,100.02482936510064,0,0,0
00:15:04,100.0194705093235,0,0,0
00:15:05,100.0194705093235,0,0,0
00:15:06,100.04983735872716,0,0,0
00:15:07,100.03197450613678,0,0,0
00:15:08,100.02883064408088,0,0,0
00:15:09,100.04983735872716,0,0,0
00:15:10,100.0623413555404,0,0,0
00:15:11,100.04626478820909,0,0,0
00:15:12,100.04447850295006,0,0,0
00:15:13,100.042692217691,0,0,0
00:15:14,100.04883703898209,0,0,0
00:15:15,100.04447850295006,0,0,0
00:15:16,100.01053908302832,0,0,0
00:15:17,100.00339394199216,0,0,0
00:15:18,100.00696651251025,0,0,0
00:15:19,99.98374480414276,0,0,0
00:15:20,99.97302709258852,0,0,0
00:15:21,99.98374480414276,0,0,0
00:15:22,99.9864242320313,0,0,0
00:15:23,100.0051802272512,0,0,0
00:15:24,100.05340992924523,0,0,0
00:15:25,100.05340992924523,0,0,0
00:15:26,100.04805107346812,0,0,0
00:15:27,100.05787564239284,0,0,0
00:15:28,100.0623413555404,0,0,0
00:15:29,100.06591392605851,0,0,0
00:15:30,100.0623413555404,0,0,0
00:15:31,100.05698249976332,0,0,0
00:15:32,100.06055507028138,0,0,0
00:15:33,100.06055507028138,0,0,0
00:15:34,100.05876878502234,0,0,0
00:15:35,100.05876878502234,0,0,0
00:15:36,100.07127278183562,0,0,0
00:15:37,100.05698249976332,0,0,0
00:15:38,100.06770021131754,0,0,0
00:15:39,100.04537164557956,0,0,0
00:15:40,100.05340992924523,0,0,0
00:15:41,100.05876878502234,0,0,0
00:15:42,100.04588966830468,0,0,0
00:15:43,100.06412764079946,0,0,0
00:15:44,100.04628265106167,0,0,0
00:15:45,100.05519621450428,0,0,0
00:15:46,100.04985522157976,0,0,0
00:15:47,100.04983735872716,0,0,0
00:15:48,100.04983735872716,0,0,0
00:15:49,100.06055507028138,0,0,0
00:15:50,100.06770021131754,0,0,0
00:15:51,100.08377677864888,0,0,0
00:15:52,100.07127278183562,0,0,0
00:15:53,100.07663163761272,0,0,0
00:15:54,100.0694864965766,0,0,0
00:15:55,100.0694864965766,0,0,0
00:15:56,100.07395220972415,0,0,0
00:15:57,100.07395220972415,0,0,0
00:15:58,100.05876878502234,0,0,0
00:15:59,100.05876878502234,0,0,0
00:16:00,100.06680706868804,0,0,0
00:16:01,100.0846699212784,0,0,0
00:16:02,100.09270820494407,0,0,0
00:16:03,100.09449449020312,0,0,0
00:16:04,100.08749225198768,0,0,0
00:16:05,100.09270820494407,0,0,0
00:16:06,100.089135634426,0,0,0
00:16:07,100.089135634426,0,0,0
00:16:08,100.06591392605851,0,0,0
00:16:09,100.05340992924523,0,0,0
00:16:10,100.04090593243195,0,0,0
00:16:11,100.04805107346812,0,0,0
00:16:12,100.02482936510064,0,0,0
00:16:13,100.04001278980245,0,0,0
00:16:14,100.06055507028138,0,0,0
00:16:15,100.05519621450428,0,0,0
00:16:16,100.0545888775162,0,0,0
00:16:17,100.06232349268784,0,0,0
00:16:18,100.09270820494407,0,0,0
00:16:19,100.09985334598022,0,0,0
00:16:20,100.089135634426,0,0,0
00:16:21,100.11592991331158,0,0,0
00:16:22,100.12128876908868,0,0,0
00:16:23,100.1320064806429,0,0,0
00:16:24,100.1409379069381,0,0,0
00:16:25,100.13915162167908,0,0,0
00:16:26,100.13825847904955,0,0,0
00:16:27,100.12843391012484,0,0,0
00:16:28,100.11950248382963,0,0,0
00:16:29,100.13379276590196,0,0,0
00:16:30,100.12843391012484,0,0,0
00:16:31,100.13736533642005,0,0,0
00:16:32,100.1409379069381,0,0,0
00:16:33,100.1320064806429,0,0,0
00:16:34,100.12128876908868,0,0,0
00:16:35,100.0980670607212,0,0,0
00:16:36,100.10699848701636,0,0,0
00:16:37,100.10163963123928,0,0,0
00:16:38,100.10699848701636,0,0,0
00:16:39,100.09628077546216,0,0,0
00:16:40,100.089135634426,0,0,0
00:16:41,100.08556306390793,0,0,0
00:16:42,100.07663163761272,0,0,0
00:16:43,100.0802042081308,0,0,0
00:16:44,100.08556306390793,0,0,0
00:16:45,100.089135634426,0,0,0
00:16:46,100.1266476248658,0,0,0
00:16:47,100.13022019538388,0,0,0
00:16:48,100.1320064806429,0,0,0
00:16:49,100.1320064806429,0,0,0
00:16:50,100.13022019538388,0,0,0
00:16:51,100.13345337170271,0,0,0
00:16:52,100.12843391012484,0,0,0
00:16:53,100.135579051161,0,0,0
00:16:54,100.14808304797424,0,0,0
00:16:55,100.15522818901042,0,0,0
00:16:56,100.16058704478752,0,0,0
00:16:57,100.15612133163994,0,0,0
00:16:58,100.15701447426946,0,0,0
00:16:59,100.15685370859616,0,0,0
00:17:00,100.15344190375136,0,0,0
00:17:01,100.15165561849231,0,0,0
00:17:02,100.14451047745618,0,0,0
00:17:03,100.15165561849231,0,0,0
00:17:04,100.16773218582368,0,0,0
00:17:05,100.16237333004656,0,0,0
00:17:06,100.16592803771204,0,0,0
00:17:07,100.15165561849231,0,0,0
00:17:08,100.15701447426946,0,0,0
00:17:09,100.15344190375136,0,0,0
00:17:10,100.1462967627152,0,0,0
00:17:11,100.15522818901042,0,0,0
00:17:12,100.15147698996644,0,0,0
00:17:13,100.15165561849231,0,0,0
00:17:14,100.15254876112184,0,0,0
00:17:15,100.15590697740885,0,0,0
00:17:16,100.16594590056464,0,0,0
00:17:17,100.1927401794502,0,0,0
00:17:18,100.17844989737792,0,0,0
00:17:19,100.17666361211886,0,0,0
00:17:20,100.17309104160078,0,0,0
00:17:21,100.1641596153056,0,0,0
00:17:22,100.18023618263696,0,0,0
00:17:23,100.18916760893214,0,0,0
00:17:24,100.2159618878177,0,0,0
00:17:25,100.22132074359482,0,0,0
00:17:26,100.23025216989,0,0,0
00:17:27,100.23382474040808,0,0,0
00:17:28,100.24632873722136,0,0,0
00:17:29,100.24096988144424,0,0,0
00:17:30,100.24098774429685,0,0,0
00:17:31,100.26061901929366,0,0,0
00:17:32,100.25976160236932,0,0,0
00:17:33,100.26027962509444,0,0,0
00:17:34,100.2677820231824,0,0,0
00:17:35,100.28205444240211,0,0,0
00:17:36,100.29813100973348,0,0,0
00:17:37,100.29634472447442,0,0,0
00:17:38,100.2908072401714,0,0,0
00:17:39,100.2945584392154,0,0,0
00:17:40,100.276695586625,0,0,0
00:17:41,100.27312301610694,0,0,0
00:17:42,100.26597787507076,0,0,0
00:17:43,100.2588327340346,0,0,0
00:17:44,100.26419158981172,0,0,0
00:17:45,100.27580244399547,0,0,0
00:17:46,100.2856270129202,0,0,0
00:17:47,100.28205444240211,0,0,0
00:17:48,100.2856270129202,0,0,0
00:17:49,100.29277215395636,0,0,0
00:17:50,100.28919958343828,0,0,0
00:17:51,100.29634472447442,0,0,0
00:17:52,100.30170358025154,0,0,0
00:17:53,100.31599386232384,0,0,0
00:17:54,100.29098586869732,0,0,0
00:17:55,100.29457630206798,0,0,0
00:17:56,100.28205444240211,0,0,0
00:17:57,100.28473387029068,0,0,0
00:17:58,100.27480212425044,0,0,0
00:17:59,100.27312301610694,0,0,0
00:18:00,100.26597787507076,0,0,0
00:18:01,100.27044358821836,0,0,0
00:18:02,100.27490930136597,0,0,0
00:18:03,100.23382474040808,0,0,0
00:18:04,100.23364611188218,0,0,0
00:18:05,100.2481150224804,0,0,0
00:18:06,100.24900816510991,0,0,0
00:18:07,100.27848187188404,0,0,0
00:18:08,100.28473387029068,0,0,0
00:18:09,100.26419158981172,0,0,0
00:18:10,100.26061901929366,0,0,0
00:18:11,100.26240530455269,0,0,0
00:18:12,100.2588327340346,0,0,0
00:18:13,100.26240530455269,0,0,0
00:18:14,100.2481150224804,0,0,0
00:18:15,100.25168759299848,0,0,0
00:18:16,100.26776416032982,0,0,0
00:18:17,100.27490930136597,0,0,0
00:18:18,100.26597787507076,0,0,0
00:18:19,100.25704644877558,0,0,0
00:18:20,100.25526016351654,0,0,0
00:18:21,100.25347387825752,0,0,0
00:18:22,100.2588327340346,0,0,0
00:18:23,100.26597787507076,0,0,0
00:18:24,100.28473387029068,0,0,0
00:18:25,100.28652015554972,0,0,0
00:18:26,100.27314087895952,0,0,0
00:18:27,100.26419158981172,0,0,0
00:18:28,100.29277215395636,0,0,0
00:18:29,100.3052761507696,0,0,0
00:18:30,100.32045957547145,0,0,0
00:18:31,100.32313900336,0,0,0
00:18:32,100.32939100176662,0,0,0
00:18:33,100.32313900336,0,0,0
00:18:34,100.31599386232384,0,0,0
00:18:35,100.3142075770648,0,0,0
00:18:36,100.31242129180578,0,0,0
00:18:37,100.32045957547145,0,0,0
00:18:38,100.3142075770648,0,0,0
00:18:39,100.2945584392154,0,0,0
00:18:40,100.30081043762202,0,0,0
00:18:41,100.29813100973348,0,0,0
00:18:42,100.3052761507696,0,0,0
00:18:43,100.30884872128767,0,0,0
00:18:44,100.31063500654672,0,0,0
00:18:45,100.30263244858624,0,0,0
00:18:46,100.30438300814008,0,0,0
00:18:47,100.32671157387809,0,0,0
00:18:48,100.32313900336,0,0,0
00:18:49,100.32581843124856,0,0,0
00:18:50,100.32692592810916,0,0,0
00:18:51,100.32492528861904,0,0,0
00:18:52,100.31956643284192,0,0,0
00:18:53,100.32135271810095,0,0,0
00:18:54,100.30718747599678,0,0,0
00:18:55,100.30348986551056,0,0,0
00:18:56,100.28937821196418,0,0,0
00:18:57,100.29634472447442,0,0,0
00:18:58,100.2999172949925,0,0,0
00:18:59,100.3038471225624,0,0,0
00:19:00,100.3142075770648,0,0,0
00:19:01,100.33564300017328,0,0,0
00:19:02,100.31063500654672,0,0,0
00:19:03,100.30348986551056,0,0,0
00:19:04,100.29277215395636,0,0,0
00:19:05,100.28294758503164,0,0,0
00:19:06,100.29098586869732,0,0,0
00:19:07,100.27489143851338,0,0,0
00:19:08,100.27310515325436,0,0,0
00:19:09,100.276695586625,0,0,0
00:19:10,100.27848187188404,0,0,0
00:19:11,100.27960723159724,0,0,0
00:19:12,100.28741329817922,0,0,0
00:19:13,100.294183319311,0,0,0
00:19:14,100.33028414439616,0,0,0
00:19:15,100.33028414439616,0,0,0
00:19:16,100.33207042965518,0,0,0
00:19:17,100.33028414439616,0,0,0
00:19:18,100.31954856998934,0,0,0
00:19:19,100.3284978591371,0,0,0
00:19:20,100.32135271810095,0,0,0
00:19:21,100.32135271810095,0,0,0
00:19:22,100.31063500654672,0,0,0
00:19:23,100.31242129180578,0,0,0
00:19:24,100.33028414439616,0,0,0
00:19:25,100.34100185595038,0,0,0
00:19:26,100.33385671491423,0,0,0
00:19:27,100.33117728702564,0,0,0
00:19:28,100.32671157387809,0,0,0
00:19:29,100.3284978591371,0,0,0
00:19:30,100.32313900336,0,0,0
00:19:31,100.30733037881753,0,0,0
00:19:32,100.28919958343828,0,0,0
00:19:33,100.276695586625,0,0,0
00:19:34,100.27312301610694,0,0,0
00:19:35,100.27133673084788,0,0,0
00:19:36,100.26240530455269,0,0,0
00:19:37,100.27312301610694,0,0,0
00:19:38,100.26061901929366,0,0,0
00:19:39,100.27126527943751,0,0,0
00:19:40,100.2588327340346,0,0,0
00:19:41,100.26955044558886,0,0,0
00:19:42,100.2668710177003,0,0,0
00:19:43,100.26776416032982,0,0,0
00:19:44,100.26955044558886,0,0,0
00:19:45,100.26955044558886,0,0,0
00:19:46,100.25526016351654,0,0,0
00:19:47,100.27312301610694,0,0,0
00:19:48,100.26776416032982,0,0,0
00:19:49,100.26419158981172,0,0,0
00:19:50,100.27401615873644,0,0,0
00:19:51,100.2856270129202,0,0,0
00:19:52,100.27848187188404,0,0,0
00:19:53,100.28652015554972,0,0,0
00:19:54,100.27135459370048,0,0,0
00:19:55,100.27133673084788,0,0,0
00:19:56,100.24722187985088,0,0,0
00:19:57,100.26061901929366,0,0,0
00:19:58,100.28919958343828,0,0,0
00:19:59,100.28741329817922,0,0,0
00:20:00,100.27312301610694,1,0,0
00:20:01,100.29098586869732,0,0,0
00:20:02,100.27848187188404,0,0,0
00:20:03,100.2945584392154,0,0,0
00:20:04,100.30348986551056,0,0,0
00:20:05,100.30706243602864,0,0,0
00:20:06,100.31778014758288,0,0,0
00:20:07,100.32490742576644,0,0,0
00:20:08,100.30708029888125,0,0,0
00:20:09,100.32490742576644,0,0,0
00:20:10,100.32492528861904,0,0,0
00:20:11,100.32671157387809,0,0,0
00:20:12,100.3052761507696,0,0,0
00:20:13,100.31063500654672,0,0,0
00:20:14,100.30884872128767,0,0,0
00:20:15,100.31056355513635,0,0,0
00:20:16,100.2999172949925,0,0,0
00:20:17,100.30215015156632,0,0,0
00:20:18,100.29098586869732,0,0,0
00:20:19,100.28294758503164,0,0,0
00:20:20,100.28384072766114,0,0,0
00:20:21,100.2632984471822,0,0,0
00:20:22,100.2579395914051,0,0,0
00:20:23,100.25347387825752,0,0,0
00:20:24,100.23561102566713,0,0,0
00:20:25,100.23025216989,0,0,0
00:20:26,100.24632873722136,0,0,0
00:20:27,100.25526016351654,0,0,0
00:20:28,100.24456031481492,0,0,0
00:20:29,100.25704644877558,0,0,0
00:20:30,100.2481150224804,0,0,0
00:20:31,100.23561102566713,0,0,0
00:20:32,100.22400017148338,0,0,0
00:20:33,100.22310702885387,0,0,0
00:20:34,100.22667959937192,0,0,0
00:20:35,100.21664067621614,0,0,0
00:20:36,100.2159618878177,0,0,0
00:20:37,100.21417560255868,0,0,0
00:20:38,100.16237333004656,0,0,0
00:20:39,100.16058704478752,0,0,0
00:20:40,100.17309104160078,0,0,0
00:20:41,100.15433504638088,0,0,0
00:20:42,100.15165561849231,0,0,0
00:20:43,100.1409379069381,0,0,0
00:20:44,100.15880075952848,0,0,0
00:20:45,100.15344190375136,0,0,0
00:20:46,100.15880075952848,0,0,0
00:20:47,100.16594590056464,0,0,0
00:20:48,100.16773218582368,0,0,0
00:20:49,100.16951847108272,0,0,0
00:20:50,100.16237333004656,0,0,0
00:20:51,100.1748773268598,0,0,0
00:20:52,100.19631274996829,0,0,0
00:20:53,100.1927401794502,0,0,0
00:20:54,100.18982853447795,0,0,0
00:20:55,100.18982853447795,0,0,0
00:20:56,100.20345789100443,0,0,0
00:20:57,100.19809903522732,0,0,0
00:20:58,100.18916760893214,0,0,0
00:20:59,100.2007784631159,0,0,0
00:21:00,100.26955044558886,0,0,0
00:21:01,100.25345601540492,0,0,0
00:21:02,100.26061901929366,0,0,0
00:21:03,100.27044358821836,0,0,0
00:21:04,100.26508473244124,0,0,0
00:21:05,100.25704644877558,0,0,0
00:21:06,100.28026815714308,0,0,0
00:21:07,100.28741329817922,0,0,0
00:21:08,100.3052761507696,0,0,0
00:21:09,100.29814887258604,0,0,0
00:21:10,100.29634472447442,0,0,0
00:21:11,100.30170358025154,0,0,0
00:21:12,100.29545158184492,0,0,0
00:21:13,100.276695586625,0,0,0
00:21:14,100.28205444240211,0,0,0
00:21:15,100.26776416032982,0,0,0
00:21:16,100.25526016351654,0,0,0
00:21:17,100.25526016351654,0,0,0
00:21:18,100.23025216989,0,0,0
00:21:19,100.22400017148338,0,0,0
00:21:20,100.2248933141129,0,0,0
00:21:21,100.22132074359482,0,0,0
00:21:22,100.20703046152252,0,0,0
00:21:23,100.20524417626348,0,0,0
00:21:24,100.20881674678157,0,0,0
00:21:25,100.20345789100443,0,0,0
00:21:26,100.1927580423028,0,0,0
00:21:27,100.20524417626348,0,0,0
00:21:28,100.21238931729962,0,0,0
00:21:29,100.20599441607229,0,0,0
00:21:30,100.20081418882106,0,0,0
00:21:31,100.19988532048636,0,0,0
00:21:32,100.19093603133858,0,0,0
00:21:33,100.17309104160078,0,0,0
00:21:34,100.1748773268598,0,0,0
00:21:35,100.18023618263696,0,0,0
00:21:36,100.17130475634174,0,0,0
00:21:37,100.16773218582368,0,0,0
00:21:38,100.15880075952848,0,0,0
00:21:39,100.1748773268598,0,0,0
00:21:40,100.16237333004656,0,0,0
00:21:41,100.15703233712205,0,0,0
00:21:42,100.14986933323328,0,0,0
00:21:43,100.15880075952848,0,0,0
00:21:44,100.15165561849231,0,0,0
00:21:45,100.14808304797424,0,0,0
00:21:46,100.14808304797424,0,0,0
00:21:47,100.1477972423328,0,0,0
00:21:48,100.1454036200857,0,0,0
00:21:49,100.15547826894668,0,0,0
00:21:50,100.14808304797424,0,0,0
00:21:51,100.15701447426946,0,0,0
00:21:52,100.16237333004656,0,0,0
00:21:53,100.17130475634174,0,0,0
00:21:54,100.18648818104356,0,0,0
00:21:55,100.1829156105255,0,0,0
00:21:56,100.17934304000744,0,0,0
00:21:57,100.17666361211886,0,0,0
00:21:58,100.16951847108272,0,0,0
00:21:59,100.15433504638088,0,0,0
00:22:00,100.14808304797424,0,0,0
00:22:01,100.13647219379052,0,0,0
00:22:02,100.08556306390793,0,0,1
00:22:03,100.089135634426,0,0,0
00:22:04,100.07484535235368,0,0,0
00:22:05,100.06591392605851,0,0,0
00:22:06,100.05698249976332,0,0,0
00:22:07,100.06302014393886,0,0,0
00:22:08,100.06591392605851,0,0,0
00:22:09,100.07484535235368,0,0,0
00:22:10,100.07484535235368,0,0,0
00:22:11,100.07770340876814,0,0,0
00:22:12,100.09181506231457,0,0,0
00:22:13,100.1087847722754,0,0,0
00:22:14,100.10699848701636,0,0,0
00:22:15,100.09717391809168,0,0,0
00:22:16,100.07663163761272,0,0,0
00:22:17,100.05876878502234,0,0,0
00:22:18,100.06323449816992,0,0,0
00:22:19,100.07663163761272,0,0,0
00:22:20,100.08199049338984,0,0,0
00:22:21,100.08199049338984,0,0,0
00:22:22,100.08734934916694,0,0,0
00:22:23,100.10521220175734,0,0,0
00:22:24,100.11035670330337,0,0,0
00:22:25,100.09270820494407,0,0,0
00:22:26,100.09092191968504,0,0,0
00:22:27,100.09985334598022,0,0,0
00:22:28,100.1177161985706,0,0,0
00:22:29,100.1065697785542,0,0,0
00:22:30,100.09449449020312,0,0,0
00:22:31,100.10163963123928,0,0,0
00:22:32,100.09628077546216,0,0,0
00:22:33,100.089135634426,0,0,0
00:22:34,100.09449449020312,0,0,0
00:22:35,100.09963899174912,0,0,0
00:22:36,100.07195157023403,0,0,0
00:22:37,100.06502078342898,0,0,0
00:22:38,100.06323449816992,0,0,0
00:22:39,100.0802042081308,0,0,0
00:22:40,100.08199049338984,0,0,0
00:22:41,100.07484535235368,0,0,0
00:22:42,100.0694864965766,0,0,0
00:22:43,100.05698249976332,0,0,0
00:22:44,100.05698249976332,0,0,0
00:22:45,100.0623413555404,0,0,0
00:22:46,100.06055507028138,0,0,0
00:22:47,100.06412764079946,0,0,0
00:22:48,100.06770021131754,0,0,0
00:22:49,100.06341312669583,0,0,0
00:22:50,100.05876878502234,0,0,0
00:22:51,100.05876878502234,0,0,0
00:22:52,100.06591392605851,0,0,0
00:22:53,100.07484535235368,0,0,0
00:22:54,100.0694864965766,0,0,0
00:22:55,100.0802042081308,0,0,0
00:22:56,100.07305906709466,0,0,0
00:22:57,100.06771807417012,0,0,0
00:22:58,100.0694864965766,0,0,0
00:22:59,100.06591392605851,0,0,0
00:23:00,100.04805107346812,0,0,0
00:23:01,100.04626478820909,0,0,0
00:23:02,100.04983735872716,0,0,0
00:23:03,100.04847978193028,0,0,0
00:23:04,100.04626478820909,0,0,0
00:23:05,100.042692217691,0,0,0
00:23:06,100.04090593243195,0,0,0
00:23:07,100.03554707665484,0,0,0
00:23:08,100.02661565035967,0,0,0
00:23:09,100.0051802272512,0,0,0
00:23:10,99.99267623043794,0,0,0
00:23:11,99.996248800956,0,0,0
00:23:12,100.00337607913956,0,0,0
00:23:13,100.00339394199216,0,0,0
00:23:14,100.00339394199216,0,0,0
00:23:15,100.01591580165804,0,0,0
00:23:16,100.01589793880542,0,0,0
00:23:17,100.01589793880542,0,0,0
00:23:18,100.00764530090868,0,0,0
00:23:19,100.00875279776928,0,0,0
00:23:20,100.01053908302832,0,0,0
00:23:21,100.0051802272512,0,0,0
00:23:22,100.0051802272512,0,0,0
00:23:23,100.00160765673311,0,0,0
00:23:24,100.0194705093235,0,0,0
00:23:25,99.99892822884458,0,0,0
00:23:26,100.0051802272512,0,0,0
00:23:27,99.9998213714741,0,0,0
00:23:28,99.98195851888372,0,0,0
00:23:29,99.9855310894018,0,0,0
00:23:30,99.98731737466082,0,0,0
00:23:31,99.9765996631066,0,0,0
00:23:32,99.97392023521805,0,0,0
00:23:33,99.95516423999814,0,0,0
00:23:34,99.96230938103427,0,0,0
00:23:35,99.95337795473908,0,0,0
00:23:36,99.95962995314574,0,0,0
00:23:37,99.949805384221,0,0,0
00:23:38,99.95159166948004,0,0,0
00:23:39,99.9444465284439,0,0,0
00:23:40,99.96230938103427,0,0,0
00:23:41,99.94623281370292,0,0,0
00:23:42,99.94623281370292,0,0,0
00:23:43,99.96052309577526,0,0,0
00:23:44,99.96052309577526,0,0,0
00:23:45,99.97300922973592,0,0,0
00:23:46,99.97124080732948,0,0,0
00:23:47,99.9587368105162,0,0,0
00:23:48,99.94623281370292,0,0,0
00:23:49,99.95605738262766,0,0,0
00:23:50,99.9676682368114,0,0,0
00:23:51,99.96588195155236,0,0,0
00:23:52,99.96409566629332,0,0,0
00:23:53,99.96498880892284,0,0,0
00:23:54,99.96498880892284,0,0,0
00:23:55,99.9676682368114,0,0,0
00:23:56,99.96641783713008,0,0,0
00:23:57,99.98910365991986,0,0,0
00:23:58,99.99088994517888,0,0,0
00:23:59,100.00339394199216,0,0,0
00:24:00,100.00160765673311,0,0,0
00:24:01,99.996248800956,0,0,0
00:24:02,100.00785965513975,0,0,0
00:24:03,99.996248800956,0,0,0
00:24:04,100.01053908302832,0,0,0
00:24:05,100.01589793880542,0,0,0
00:24:06,100.02393622247112,0,0,0
00:24:07,100.0051802272512,0,0,0
00:24:08,100.00696651251025,0,0,0
00:24:09,100.00919936908404,0,0,0
00:24:10,99.9998213714741,0,0,0
00:24:11,99.98374480414276,0,0,0
00:24:12,99.98731737466082,0,0,0
00:24:13,99.9765996631066,0,0,0
00:24:14,99.97124080732948,0,0,0
00:24:15,99.96707876267592,0,0,0
00:24:16,99.96945452207044,0,0,0
00:24:17,99.97395596092322,0,0,0
00:24:18,99.96652501424562,0,0,0
00:24:19,99.9587368105162,0,0,0
00:24:20,99.96409566629332,0,0,0
00:24:21,99.97661752595918,0,0,0
00:24:22,99.9855310894018,0,0,0
00:24:23,100.00160765673311,0,0,0
00:24:24,99.996248800956,0,0,0
00:24:25,99.99088994517888,0,0,0
00:24:26,99.996248800956,0,0,0
00:24:27,99.9998213714741,0,0,0
00:24:28,99.99267623043794,0,0,0
00:24:29,99.97570652047706,0,0,0
00:24:30,99.99140796790402,0,0,0
00:24:31,99.97936840525811,0,0,0
00:24:32,99.9743310808276,0,0,0
00:24:33,99.9855310894018,0,0,0
00:24:34,99.9676682368114,0,0,0
00:24:35,99.9855310894018,0,0,0
00:24:36,99.9765996631066,0,0,0
00:24:37,99.97302709258852,0,0,0
00:24:38,99.97479551499497,0,0,0
00:24:39,99.972133949959,0,0,0
00:24:40,99.9676682368114,0,0,0
00:24:41,99.95337795473908,0,0,0
00:24:42,99.92390424796496,0,0,0
00:24:43,99.93551510214871,0,0,0
00:24:44,99.9390876726668,0,0,0
00:24:45,99.93697985606111,0,0,0
00:24:46,99.9390876726668,0,0,0
00:24:47,99.98374480414276,0,0,0
00:24:48,99.98195851888372,0,0,0
00:24:49,99.96230938103427,0,0,0
00:24:50,99.949805384221,0,0,0
00:24:51,99.96052309577526,0,0,0
00:24:52,99.98195851888372,0,0,0
00:24:53,99.9765996631066,0,0,0
00:24:54,99.97302709258852,0,0,0
00:24:55,99.97302709258852,0,0,0
00:24:56,99.98910365991986,0,0,0
00:24:57,99.97860030259672,0,0,0
00:24:58,99.99267623043794,0,0,0
00:24:59,100.01053908302832,0,0,0
00:25:00,99.9998213714741,0,0,0
00:25:01,100.01053908302832,0,0,0
00:25:02,99.99267623043794,0,0,0
00:25:03,99.99267623043794,0,0,0
00:25:04,99.9676682368114,0,0,0
00:25:05,99.97838594836564,0,0,0
00:25:06,99.97392023521805,0,0,0
00:25:07,99.949805384221,0,0,0
00:25:08,99.94266024318487,0,0,0
00:25:09,99.94801909896198,0,0,0
00:25:10,99.94644716793404,0,0,0
00:25:11,99.9444465284439,0,0,0
00:25:12,99.95141304095417,0,0,0
00:25:13,99.9444465284439,0,0,0
00:25:14,99.94337475728848,0,0,0
00:25:15,99.96230938103427,0,0,0
00:25:16,99.95737923371934,0,0,0
00:25:17,99.96588195155236,0,0,0
00:25:18,99.96588195155236,0,0,0
00:25:19,99.95516423999814,0,0,0
00:25:20,99.98017223362469,0,0,0
00:25:21,99.9855310894018,0,0,0
00:25:22,99.996248800956,0,0,0
00:25:23,99.98910365991986,0,0,0
00:25:24,100.00339394199216,0,0,0
00:25:25,100.00875279776928,0,0,0
00:25:26,100.0000178628526,0,0,0
00:25:27,100.0000178628526,0,0,0
00:25:28,100.00160765673311,0,0,0
00:25:29,100.01232536828736,0,0,0
00:25:30,100.01143222565784,0,0,0
00:25:31,100.03197450613678,0,0,0
00:25:32,100.02482936510064,0,0,0
00:25:33,100.02236429144314,0,0,0
00:25:34,100.01768422406448,0,0,0
00:25:35,100.02125679458256,0,0,0
00:25:36,100.01500479617592,0,0,0
00:25:37,100.00986029462987,0,0,0
00:25:38,100.00250079936264,0,0,0
00:25:39,100.01768422406448,0,0,0
00:25:40,100.02302521698898,0,0,0
00:25:41,100.03018822087772,0,0,0
00:25:42,99.99803508621504,0,0,0
00:25:43,99.98195851888372,0,0,0
00:25:44,99.9855310894018,0,0,0
00:25:45,99.98372694129016,0,0,0
00:25:46,99.9810653762542,0,0,0
00:25:47,99.98910365991986,0,0,0
00:25:48,99.9855310894018,0,0,0
00:25:49,100.00160765673311,0,0,0
00:25:50,100.00875279776928,0,0,0
00:25:51,100.00875279776928,0,0,0
00:25:52,100.00875279776928,0,0,0
00:25:53,99.981422633306,0,0,0
00:25:54,99.98017223362469,0,0,0
00:25:55,99.96813267097876,0,0,0
00:25:56,99.96230938103427,0,0,0
00:25:57,99.96409566629332,0,0,0
00:25:58,99.97124080732948,0,0,0
00:25:59,99.97838594836564,0,0,0
00:26:00,99.99267623043794,0,0,0
00:26:01,99.96052309577526,0,0,0
00:26:02,99.96054095862785,0,0,0
00:26:03,99.96409566629332,0,0,0
00:26:04,99.9656318716161,0,0,0
00:26:05,99.9656318716161,0,0,0
00:26:06,99.94266024318487,0,0,0
00:26:07,99.94623281370292,0,0,0
00:26:08,99.95337795473908,0,0,0
00:26:09,99.95516423999814,0,0,0
00:26:10,99.96498880892284,0,0,0
00:26:11,99.95695052525718,0,0,0
00:26:12,99.9855310894018,0,0,0
00:26:13,100.00341180484476,0,0,0
00:26:14,100.00250079936264,0,0,0
00:26:15,100.00339394199216,0,0,0
00:26:16,100.00875279776928,0,0,0
00:26:17,99.99642742948193,0,0,0
00:26:18,99.97838594836564,0,0,0
00:26:19,99.96588195155236,0,0,0
00:26:20,99.95695052525718,0,0,0
00:26:21,99.97802869131382,0,0,0
00:26:22,99.97302709258852,0,0,0
00:26:23,99.98285166151324,0,0,0
00:26:24,99.98910365991986,0,0,0
00:26:25,99.97481337784754,0,0,0
00:26:26,99.97481337784754,0,0,0
00:26:27,99.9587368105162,0,0,0
00:26:28,99.96945452207044,0,0,0
00:26:29,99.96052309577526,0,0,0
00:26:30,99.9587368105162,0,0,0
00:26:31,99.96298816943272,0,0,0
00:26:32,99.96588195155236,0,0,0
00:26:33,99.96588195155236,0,0,0
00:26:34,99.95752213654008,0,0,0
00:26:35,99.95516423999814,0,0,0
00:26:36,99.95516423999814,0,0,0
00:26:37,99.949805384221,0,0,0
00:26:38,99.95695052525718,0,0,0
00:26:39,99.95695052525718,0,0,0
00:26:40,99.93372881688968,0,0,0
00:26:41,99.93728352455516,0,0,0
00:26:42,99.91765224955832,0,0,0
00:26:43,99.92920951518433,0,0,0
00:26:44,99.9390876726668,0,0,0
00:26:45,99.94266024318487,0,0,0
00:26:46,99.94266024318487,0,0,0
00:26:47,99.94623281370292,0,0,0
00:26:48,99.94266024318487,0,0,0
00:26:49,99.95516423999814,0,0,0
00:26:50,99.94801909896198,0,0,0
00:26:51,99.94712595633246,0,0,0
00:26:52,99.95695052525718,0,0,0
00:26:53,99.96945452207044,0,0,0
00:26:54,99.98195851888372,0,0,0
00:26:55,99.96945452207044,0,0,0
00:26:56,99.97300922973592,0,0,0
00:26:57,99.97302709258852,0,0,0
00:26:58,99.97838594836564,0,0,0
00:26:59,99.9676682368114,0,0,0
00:27:00,99.96423856911406,0,0,0
00:27:01,99.98429855257304,0,0,0
00:27:02,99.99088994517888,0,0,0
00:27:03,99.99803508621504,0,0,0
00:27:04,99.99535565832647,0,0,0
00:27:05,99.9786538911545,0,0,0
00:27:06,99.98374480414276,0,0,0
00:27:07,99.98208355885184,0,0,0
00:27:08,99.9765996631066,0,0,0
00:27:09,99.98821051729034,0,0,0
00:27:10,100.00160765673311,0,0,0
00:27:11,100.00339394199216,0,0,0
00:27:12,99.99714194358552,0,0,0
00:27:13,99.9946054185177,0,0,0
00:27:14,99.97302709258852,0,0,0
00:27:15,99.9765996631066,0,0,0
00:27:16,99.97481337784754,0,0,0
00:27:17,99.96113043276333,0,0,0
00:27:18,99.9572541937512,0,0,0
00:27:19,99.98195851888372,0,0,0
00:27:20,99.98285166151324,0,0,0
00:27:21,99.98731737466082,0,0,0
00:27:22,99.9855310894018,0,0,0
00:27:23,99.99088994517888,0,0,0
00:27:24,99.98731737466082,0,0,0
00:27:25,99.9855310894018,0,0,0
00:27:26,99.97838594836564,0,0,0
00:27:27,99.98195851888372,0,0,0
00:27:28,100.0051802272512,0,0,0
00:27:29,100.00250079936264,0,0,0
00:27:30,100.00339394199216,0,0,0
00:27:31,100.00339394199216,0,0,0
00:27:32,99.98910365991986,0,0,0
00:27:33,99.996248800956,0,0,0
00:27:34,100.00875279776928,0,0,0
00:27:35,100.0194705093235,0,0,0
00:27:36,100.03733336191388,0,0,0
00:27:37,100.04447850295006,0,0,0
00:27:38,100.07484535235368,0,0,0
00:27:39,100.07484535235368,0,0,0
00:27:40,100.07484535235368,0,0,0
00:27:41,100.07484535235368,0,0,0
00:27:42,100.07598857491948,0,0,0
00:27:43,100.07841792287176,0,0,0
00:27:44,100.08370532723852,0,0,0
00:27:45,100.07940037976424,0,0,0
00:27:46,100.06770021131754,0,0,0
00:27:47,100.05519621450428,0,0,0
00:27:48,100.05876878502234,0,0,0
00:27:49,100.05340992924523,0,0,0
00:27:50,100.05251678661573,0,0,0
00:27:51,100.05519621450428,0,0,0
00:27:52,100.05283831796234,0,0,0
00:27:53,100.05517835165168,0,0,0
00:27:54,100.042692217691,0,0,0
00:27:55,100.02125679458256,0,0,0
00:27:56,100.00160765673311,0,0,0
00:27:57,100.00875279776928,0,0,0
00:27:58,100.00339394199216,0,0,0
00:27:59,100.00339394199216,0,0,0
00:28:00,100.01768422406448,0,0,0
00:28:01,100.02482936510064,0,0,0
00:28:02,100.03468965973052,0,0,0
00:28:03,100.02750879298918,0,0,0
00:28:04,100.02750879298918,0,0,0
00:28:05,100.0230430798416,0,0,0
00:28:06,100.0284019356187,0,0,0
00:28:07,100.05340992924523,0,0,0
00:28:08,100.04626478820909,0,0,0
00:28:09,100.03733336191388,0,0,0
00:28:10,100.03018822087772,0,0,0
00:28:11,100.03197450613678,0,0,0
00:28:12,100.02481150224804,0,0,0
00:28:13,100.03197450613678,0,0,0
00:28:14,100.01768422406448,0,0,0
00:28:15,100.0141116535464,0,0,0
00:28:16,99.99088994517888,0,0,0
00:28:17,99.9998213714741,0,0,0
00:28:18,100.00160765673311,0,0,0
00:28:19,100.00607336988072,0,0,0
00:28:20,100.0051980901038,0,0,0
00:28:21,100.0141116535464,0,0,0
00:28:22,100.00696651251025,0,0,0
00:28:23,100.0042870846217,0,0,0
00:28:24,100.00875279776928,0,0,0
00:28:25,100.00875279776928,0,0,0
00:28:26,100.00785965513975,0,0,0
00:28:27,100.00339394199216,0,0,0
00:28:28,100.01588007595284,0,0,0
00:28:29,100.0230430798416,0,0,0
00:28:30,100.01143222565784,0,0,0
00:28:31,100.0141116535464,0,0,0
00:28:32,100.01232536828736,0,0,0
00:28:33,100.03197450613678,0,0,0
00:28:34,100.03018822087772,0,0,0
00:28:35,100.01768422406448,0,0,0
00:28:36,100.01768422406448,0,0,0
00:28:37,100.0051802272512,0,0,0
00:28:38,99.98910365991986,0,0,0
00:28:39,99.98195851888372,0,0,0
00:28:40,100.00696651251025,0,0,0
00:28:41,99.99267623043794,0,0,0
00:28:42,99.99358723592006,0,0,0
00:28:43,99.9917830878084,0,0,0
00:28:44,99.996248800956,0,0,0
00:28:45,99.99088994517888,0,0,0
00:28:46,99.99088994517888,0,0,0
00:28:47,99.99803508621504,0,0,0
00:28:48,99.98910365991986,0,0,0
00:28:49,100.00160765673311,0,0,0
00:28:50,100.01589793880542,0,0,0
00:28:51,100.0051802272512,0,0,0
00:28:52,99.99446251569697,0,0,0
00:28:53,99.98910365991986,0,0,0
00:28:54,99.98017223362469,0,0,0
00:28:55,99.98910365991986,0,0,0
00:28:56,99.98910365991986,0,0,0
00:28:57,99.98017223362469,0,0,0
00:28:58,99.9810653762542,0,0,0
00:28:59,99.99446251569697,0,0,0
00:29:00,99.86942254756433,0,0,0
00:29:01,99.87835397385948,0,0,0
00:29:02,99.92479739059448,0,0,0
00:29:03,99.76760428779912,0,0,0
00:29:04,99.80690256349796,0,0,0
00:29:05,99.79888214268487,0,0,0
00:29:06,99.7479730128023,0,0,0
00:29:07,99.8033299929799,0,0,0
00:29:08,99.8837128296366,0,0,0
00:29:09,99.85959797863958,0,0,0
00:29:10,99.86584997704624,0,0,0
00:29:11,99.85334598023296,0,0,0
00:29:12,99.85004135250374,0,0,0
00:29:13,99.85870483601008,0,0,0
00:29:14,99.84084198341968,0,0,0
00:29:15,99.8513632035954,0,0,0
00:29:16,99.82119284557028,0,0,0
00:29:17,99.83012427186549,0,0,0
00:29:18,99.855132265492,0,0,0
00:29:19,99.9105071085222,0,0,0
00:29:20,99.90513038989248,0,0,0
00:29:21,99.9444465284439,0,0,0
00:29:22,99.93998081529632,0,0,0
00:29:23,99.9390876726668,0,0,0
00:29:24,99.94623281370292,0,0,0
00:29:25,100.00160765673311,0,0,0
00:29:26,100.00160765673311,0,0,0
00:29:27,100.02482936510064,0,0,0
00:29:28,100.06591392605851,0,0,0
00:29:29,100.0597512419148,0,0,0
00:29:30,100.05505331168354,0,0,0
00:29:31,100.04805107346812,0,0,0
00:29:32,100.03911964717292,0,0,0
00:29:33,100.04179907506148,0,0,0
00:29:34,100.03018822087772,0,0,0
00:29:35,100.02170336589732,0,0,0
00:29:36,100.04537164557956,0,0,0
00:29:37,100.0337607913958,0,0,0
00:29:38,100.07841792287176,0,0,0
00:29:39,100.10485494470554,0,0,0
00:29:40,100.0980670607212,0,0,0
00:29:41,100.12575448223627,0,0,0
00:29:42,100.14986933323328,0,0,0
00:29:43,100.1409379069381,0,0,0
00:29:44,100.14808304797424,0,0,0
00:29:45,100.16594590056464,0,0,0
00:29:46,100.19675932128304,0,0,0
00:29:47,100.1927401794502,0,0,0
00:29:48,100.1972058925978,0,0,0
00:29:49,100.21774817307674,0,0,0
00:29:50,100.24990130773944,0,0,0
00:29:51,100.25704644877558,0,0,0
00:29:52,100.24275616670327,0,0,0
00:29:53,100.24454245196232,0,0,0
00:29:54,100.22667959937192,0,0,0
00:29:55,100.24096988144424,0,0,0
00:29:56,100.25345601540492,0,0,0
00:29:57,100.21953445833576,0,0,0
00:29:58,100.22221388622437,0,0,0
00:29:59,100.23561102566713,0,0,0
00:30:00,100.24632873722136,0,0,0
00:30:01,100.28919958343828,0,0,0
00:30:02,100.26508473244124,0,0,0
00:30:03,100.23025216989,0,0,0
00:30:04,100.31242129180578,0,0,0
00:30:05,100.33207042965518,0,0,0
00:30:06,100.33564300017328,0,0,0
00:30:07,100.35350585276365,0,0,0
00:30:08,100.37672756113112,0,0,0
00:30:09,100.32760471650758,0,0,0
00:30:10,100.2999172949925,0,0,0
00:30:11,100.30348986551056,0,0,0
00:30:12,100.31063500654672,0,0,0
00:30:13,100.31242129180578,0,0,0
00:30:14,100.30706243602864,0,0,0
00:30:15,100.30884872128767,0,0,0
00:30:16,100.31778014758288,0,0,0
00:30:17,100.2999172949925,0,0,0
00:30:18,100.2999172949925,0,0,0
00:30:19,100.30840214997292,0,0,0
00:30:20,100.3052761507696,0,0,0
00:30:21,100.3133144344353,0,0,0
00:30:22,100.36600984957693,0,0,0
00:30:23,100.3785138463902,0,0,0
00:30:24,100.37315499061306,0,0,0
00:30:25,100.36093679944123,0,0,0
00:30:26,100.35350585276365,0,0,0
00:30:27,100.34814699698651,0,0,0
00:30:28,100.33117728702564,0,0,0
00:30:29,100.33385671491423,0,0,0
00:30:30,100.3142075770648,0,0,0
00:30:31,100.30348986551056,0,0,0
00:30:32,100.29634472447442,0,0,0
00:30:33,100.25704644877558,0,0,0
00:30:34,100.24096988144424,0,0,0
00:30:35,100.24632873722136,0,0,0
00:30:36,100.23203845514904,0,0,0
00:30:37,100.18380875315502,0,0,0
00:30:38,100.18559503841406,0,0,0
00:30:39,100.2048154678013,0,0,0
00:30:40,100.1641596153056,0,0,0
00:30:41,100.1266476248658,0,0,0
00:30:42,100.14451047745618,0,0,0
00:30:43,100.14986933323328,0,0,0
00:30:44,100.1266476248658,0,0,0
00:30:45,100.11057105753449,0,0,0
00:30:46,100.12486133960677,0,0,0
00:30:47,100.1177161985706,0,0,0
00:30:48,100.11385782241108,0,0,0
00:30:49,100.11414362805252,0,0,0
00:30:50,100.1270406076228,0,0,0
00:30:51,100.12128876908868,0,0,0
00:30:52,100.12307505434772,0,0,0
00:30:53,100.1462967627152,0,0,0
00:30:54,100.14808304797424,0,0,0
00:30:55,100.15522818901042,0,0,0
00:30:56,100.15880075952848,0,0,0
00:30:57,100.15165561849231,0,0,0
00:30:58,100.15344190375136,0,0,0
00:30:59,100.1266476248658,0,0,0
00:31:00,100.09944250037064,0,0,0
00:31:01,100.10699848701636,0,0,0
00:31:02,100.08734934916694,0,0,0
00:31:03,100.09092191968504,0,0,0
00:31:04,100.07127278183562,0,0,0
00:31:05,100.03554707665484,0,0,0
00:31:06,100.0194705093235,0,0,0
00:31:07,100.0284019356187,0,0,0
00:31:08,100.042692217691,0,0,0
00:31:09,100.0337607913958,0,0,0
00:31:10,100.00160765673311,0,0,0
00:31:11,100.00160765673311,0,0,0
00:31:12,100.0284019356187,0,0,0
00:31:13,100.02661565035967,0,0,0
00:31:14,100.0516236439862,0,0,0
00:31:15,100.0516236439862,0,0,0
00:31:16,100.06055507028138,0,0,0
00:31:17,100.07127278183562,0,0,0
00:31:18,100.042692217691,0,0,0
00:31:19,100.0096459403988,0,0,0
00:31:20,100.00339394199216,0,0,0
00:31:21,99.99803508621504,0,0,0
00:31:22,99.96230938103427,0,0,0
00:31:23,99.92301110533543,0,0,0
00:31:24,99.901575682227,0,0,0
00:31:25,99.89443054119084,0,0,0
00:31:26,99.91229339378124,0,0,0
00:31:27,99.90189721357362,0,0,0
00:31:28,99.90695240085672,0,0,0
00:31:29,99.88192654437756,0,0,0
00:31:30,99.87478140334142,0,0,0
00:31:31,99.87567454597094,0,0,0
00:31:32,99.84441455393778,0,0,0
00:31:33,99.82297913082932,0,0,0
00:31:34,99.81226141927507,0,0,0
00:31:35,99.8176202750522,0,0,0
00:31:36,99.81226141927507,0,0,0
00:31:37,99.77832199935337,0,0,0
00:31:38,99.7801082846124,0,0,0
00:31:39,99.78189456987144,0,0,0
00:31:40,99.8033299929799,0,0,0
00:31:41,99.84977340971489,0,0,0
00:31:42,99.84084198341968,0,0,0
00:31:43,99.84084198341968,0,0,0
00:31:44,99.83994884079016,0,0,0
00:31:45,99.8372694129016,0,0,0
00:31:46,99.85334598023296,0,0,0
00:31:47,99.85245283760344,0,0,0
00:31:48,99.83905569816064,0,0,0
00:31:49,99.81047513401604,0,0,0
00:31:50,99.80511627823893,0,0,0
00:31:51,99.78189456987144,0,0,0
00:31:52,99.7336648678774,0,0,0
00:31:53,99.74616886469067,0,0,0
00:31:54,99.76045914676298,0,0,0
00:31:55,99.75152772046778,0,0,0
00:31:56,99.78189456987144,0,0,0
00:31:57,99.77653571409432,0,0,0
00:31:58,99.74616886469067,0,0,0
00:31:59,99.74420395090571,0,0,0
00:32:00,99.74348943680212,0,0,0
00:32:01,99.76939057305816,0,0,0
00:32:02,99.74081000891356,0,0,0
00:32:03,99.75510029098588,0,0,0
00:32:04,99.76581800254009,0,0,0
00:32:05,99.80511627823893,0,0,0
00:32:06,99.7801082846124,0,0,0
00:32:07,99.78725342564854,0,0,0
00:32:08,99.77921514198287,0,0,0
00:32:09,99.76581800254009,0,0,0
00:32:10,99.76297780897822,0,0,0
00:32:11,99.77115899546462,0,0,0
00:32:12,99.75999471259564,0,0,0
00:32:13,99.7711768583172,0,0,0
00:32:14,99.77653571409432,0,0,0
00:32:15,99.77028371568768,0,0,0
00:32:16,99.80690256349796,0,0,0
00:32:17,99.8176202750522,0,0,0
00:32:18,99.79082599616662,0,0,0
00:32:19,99.78546714038951,0,0,0
00:32:20,99.79261228142566,0,0,0
00:32:21,99.79082599616662,0,0,0
00:32:22,99.8033299929799,0,0,0
00:32:23,99.7611200723088,0,0,0
00:32:24,99.74974143520872,0,0,0
00:32:25,99.72830601210028,0,0,0
00:32:26,99.70328015562116,0,0,0
00:32:27,99.69793916269664,0,0,0
00:32:28,99.7050843037328,0,0,0
00:32:29,99.69972544795569,0,0,0
00:32:30,99.69972544795569,0,0,0
00:32:31,99.7193745858051,0,0,0
00:32:32,99.71044315950992,0,0,0
00:32:33,99.70329801847376,0,0,0
00:32:34,99.6407780344074,0,0,0
00:32:35,99.64167117703695,0,0,0
00:32:36,99.61934261129898,0,0,0
00:32:37,99.62023575392848,0,0,0
00:32:38,99.6300603228532,0,0,0
00:32:39,99.63297196782544,0,0,0
00:32:40,99.61755632603992,0,0,0
00:32:41,99.6407780344074,0,0,0
00:32:42,99.63363289337128,0,0,0
00:32:43,99.62648775233512,0,0,0
00:32:44,99.6068386144857,0,0,0
00:32:45,99.61934261129898,0,0,0
00:32:46,99.61398375552184,0,0,0
00:32:47,99.62432634717167,0,0,0
00:32:48,99.62738089496465,0,0,0
00:32:49,99.64613689018454,0,0,0
00:32:50,99.667572313293,0,0,0
00:32:51,99.66580389088656,0,0,0
00:32:52,99.6961528774376,0,0,0
00:32:53,99.714015730028,0,0,0
00:32:54,99.68007631010626,0,0,0
00:32:55,99.68364888062432,0,0,0
00:32:56,99.65953402962732,0,0,0
00:32:57,99.63184660811224,0,0,0
00:32:58,99.61398375552184,0,0,0
00:32:59,99.61041118500376,0,0,0
00:33:00,99.6300603228532,0,0,0
00:33:01,99.61577004078087,0,0,0
00:33:02,99.62380832444656,0,0,0
00:33:03,99.64167117703695,0,0,0
00:33:04,99.6426536339294,0,0,0
00:33:05,99.65685460173876,0,0,0
00:33:06,99.65149574596164,0,0,0
00:33:07,99.64613689018454,0,0,0
00:33:08,99.6443506049255,0,0,0
00:33:09,99.61755632603992,0,0,0
00:33:10,99.5657540535278,0,0,0
00:33:11,99.54967748619649,0,0,0
00:33:12,99.52109692205188,0,0,0
00:33:13,99.52125768772515,0,0,0
00:33:14,99.5175243515338,0,0,0
00:33:15,99.49073007264822,0,0,0
00:33:16,99.4898369300187,0,0,0
00:33:17,99.49787521368437,0,0,0
00:33:18,99.48715750213016,0,0,0
00:33:19,99.49251635790723,0,0,0
00:33:20,99.4943026431663,0,0,0
00:33:21,99.49733932810663,0,0,0
00:33:22,99.48358493161206,0,0,0
00:33:23,99.46750836428072,0,0,0
00:33:24,99.4389278001361,0,0,0
00:33:25,99.4532180822084,0,0,0
00:33:26,99.44428665591325,0,0,0
00:33:27,99.45411122483792,0,0,0
00:33:28,99.47465350531688,0,0,0
00:33:29,99.44428665591325,0,0,0
00:33:30,99.4246375180638,0,0,0
00:33:31,99.4192786622867,0,0,0
00:33:32,99.433568944359,0,0,0
00:33:33,99.43535522961804,0,0,0
00:33:34,99.45143179694938,0,0,0
00:33:35,99.47643979057592,0,0,0
00:33:36,99.4755466479464,0,0,0
00:33:37,99.45679065272648,0,0,0
00:33:38,99.47593963070338,0,0,0
00:33:39,99.45589751009696,0,0,0
00:33:40,99.43535522961804,0,0,0
00:33:41,99.42106494754572,0,0,0
00:33:42,99.42285123280476,0,0,0
00:33:43,99.40230895232582,0,0,0
00:33:44,99.39248438340113,0,0,0
00:33:45,99.40766780810294,0,0,0
00:33:46,99.39069809814208,0,0,0
00:33:47,99.39427066866014,0,0,0
00:33:48,99.38176667184688,0,0,0
00:33:49,99.41302666388005,0,0,0
00:33:50,99.4478592264313,0,0,0
00:33:51,99.46393579376264,0,0,0
00:33:52,99.46929464953976,0,0,0
00:33:53,99.4710809347988,0,0,0
00:33:54,99.51573806627476,0,0,0
00:33:55,99.50680663997954,0,0,0
00:33:56,99.50948606786812,0,0,0
00:33:57,99.50323406946148,0,0,0
00:33:58,99.49608892842532,0,0,0
00:33:59,99.4951957857958,0,0,0
00:34:00,99.4755466479464,0,0,0
00:34:01,99.50680663997954,0,0,0
00:34:02,99.53270777623564,0,0,0
00:34:03,99.52645577782896,0,0,0
00:34:04,99.54253234516032,0,0,0
00:34:05,99.55325005671456,0,0,0
00:34:06,99.55684049008522,0,0,0
00:34:07,99.5550363419736,0,0,0
00:34:08,99.53895977464224,0,0,0
00:34:09,99.56900509269926,0,0,0
00:34:10,99.5318146336061,0,0,0
00:34:11,99.5228832073109,0,0,0
00:34:12,99.5371734893832,0,0,0
00:34:13,99.5550363419736,0,0,0
00:34:14,99.56039519775072,0,0,0
00:34:15,99.56396776826878,0,0,0
00:34:16,99.58540319137724,0,0,0
00:34:17,99.5934414750429,0,0,0
00:34:18,99.59969347344956,0,0,0
00:34:19,99.6068386144857,0,0,0
00:34:20,99.60505232922668,0,0,0
00:34:21,99.58897576189533,0,0,0
00:34:22,99.61398375552184,0,0,0
00:34:23,99.59790718819052,0,0,0
00:34:24,99.60862489974473,0,0,0
00:34:25,99.58629633400676,0,0,0
00:34:26,99.55682262723263,0,0,0
00:34:27,99.58183062085917,0,0,0
00:34:28,99.58897576189533,0,0,0
00:34:29,99.58897576189533,0,0,0
00:34:30,99.6014797587086,0,0,0
00:34:31,99.59433461767242,0,0,0
00:34:32,99.5550363419736,0,0,0
00:34:33,99.54789120093744,0,0,0
00:34:34,99.54431863041935,0,0,0
00:34:35,99.5514637714555,0,0,0
00:34:36,99.55860891249166,0,0,0
00:34:37,99.55860891249166,0,0,0
00:34:38,99.57111290930492,0,0,0
00:34:39,99.56039519775072,0,0,0
00:34:40,99.55682262723263,0,0,0
00:34:41,99.57111290930492,0,0,0
00:34:42,99.56218148300974,0,0,0
00:34:43,99.57557862245254,0,0,0
00:34:44,99.56039519775072,0,0,0
00:34:45,99.5595020551212,0,0,0
00:34:46,99.56396776826878,0,0,0
00:34:47,99.56843348141636,0,0,0
00:34:48,99.59076204715434,0,0,0
00:34:49,99.57825805034108,0,0,0
00:34:50,99.5657540535278,0,0,0
00:34:51,99.55235691408504,0,0,0
00:34:52,99.58183062085917,0,0,0
00:34:53,99.59433461767242,0,0,0
00:34:54,99.58540319137724,0,0,0
00:34:55,99.57647176508203,0,0,0
00:34:56,99.57289919456396,0,0,0
00:34:57,99.5550363419736,0,0,0
00:34:58,99.58183062085917,0,0,0
00:34:59,99.58540319137724,0,0,0
00:35:00,99.61130432763328,0,0,0
00:35:01,99.59969347344956,0,0,0
00:35:02,99.64613689018454,0,0,0
00:35:03,99.667572313293,0,0,0
00:35:04,99.68364888062432,0,0,0
00:35:05,99.66578602803396,0,0,0
00:35:06,99.667572313293,0,0,0
00:35:07,99.68364888062432,0,0,0
00:35:08,99.71580201528704,0,0,0
00:35:09,99.68900773640144,0,0,0
00:35:10,99.67114488381108,0,0,0
00:35:11,99.69168716429002,0,0,0
00:35:12,99.68543516588336,0,0,0
00:35:13,99.67471745432914,0,0,0
00:35:14,99.67471745432914,0,0,0
00:35:15,99.67650373958818,0,0,0
00:35:16,99.667572313293,0,0,0
00:35:17,99.69704602006712,0,0,0
00:35:18,99.72562658421172,0,0,0
00:35:19,99.73991686628403,0,0,0
00:35:20,99.72830601210028,0,0,0
00:35:21,99.72116087106411,0,0,0
00:35:22,99.714015730028,0,0,0
00:35:23,99.7336648678774,0,0,0
00:35:24,99.7425962941726,0,0,0
00:35:25,99.76403171728106,0,0,0
00:35:26,99.78725342564854,0,0,0
00:35:27,99.79618485194374,0,0,0
00:35:28,99.81047513401604,0,0,0
00:35:29,99.808688848757,0,0,0
00:35:30,99.8176202750522,0,0,0
00:35:31,99.81047513401604,0,0,0
00:35:32,99.80681324923502,0,0,0
00:35:33,99.80690256349796,0,0,0
00:35:34,99.81583398979316,0,0,0
00:35:35,99.81317242475718,0,0,0
00:35:36,99.81226141927507,0,0,0
00:35:37,99.82476541608835,0,0,0
00:35:38,99.8319105571245,0,0,0
00:35:39,99.8319105571245,0,0,0
00:35:40,99.82297913082932,0,0,0
00:35:41,99.83905569816064,0,0,0
00:35:42,99.83905569816064,0,0,0
00:35:43,99.83996670364276,0,0,0
00:35:44,99.83012427186549,0,0,0
00:35:45,99.82565855871788,0,0,0
00:35:46,99.8319105571245,0,0,0
00:35:47,99.8319105571245,0,0,0
00:35:48,99.83369684238352,0,0,0
00:35:49,99.83548312764258,0,0,0
00:35:50,99.81904930325943,0,0,0
00:35:51,99.80690256349796,0,0,0
00:35:52,99.81904930325943,0,0,0
00:35:53,99.82476541608835,0,0,0
00:35:54,99.81047513401604,0,0,0
00:35:55,99.80690256349796,0,0,0
00:35:56,99.81047513401604,0,0,0
00:35:57,99.82297913082932,0,0,0
00:35:58,99.81226141927507,0,0,0
00:35:59,99.82119284557028,0,0,0
00:36:00,99.8729951180824,0,0,0
00:36:01,99.87120883282334,0,0,0
00:36:02,99.89085797067276,0,0,0
00:36:03,99.86763626230528,0,0,0
00:36:04,99.85781169338055,0,0,0
00:36:05,99.86584997704624,0,0,0
00:36:06,99.86406369178718,0,0,0
00:36:07,99.85691855075105,0,0,0
00:36:08,99.85334598023296,0,0,0
00:36:09,99.84977340971489,0,0,0
00:36:10,99.84262826867874,0,0,0
00:36:11,99.82476541608835,0,0,0
00:36:12,99.81585185264576,0,0,0
00:36:13,99.8176381379048,0,0,0
00:36:14,99.83369684238352,0,0,0
00:36:15,99.80600942086843,0,0,0
00:36:16,99.79261228142566,0,0,0
00:36:17,99.8033299929799,0,0,0
00:36:18,99.8033299929799,0,0,0
00:36:19,99.80422313560942,0,0,0
00:36:20,99.79082599616662,0,0,0
00:36:21,99.78368085513048,0,0,0
00:36:22,99.78189456987144,0,0,0
00:36:23,99.78278771250096,0,0,0
00:36:24,99.78457399776,0,0,0
00:36:25,99.79082599616662,0,0,0
00:36:26,99.8033299929799,0,0,0
00:36:27,99.808688848757,0,0,0
00:36:28,99.81583398979316,0,0,0
00:36:29,99.808688848757,0,0,0
00:36:30,99.80154370772088,0,0,0
00:36:31,99.7944164295373,0,0,0
00:36:32,99.78546714038951,0,0,0
00:36:33,99.78546714038951,0,0,0
00:36:34,99.78546714038951,0,0,0
00:36:35,99.75867286150394,0,0,0
00:36:36,99.74081000891356,0,0,0
00:36:37,99.74438257943164,0,0,0
00:36:38,99.75349263425274,0,0,0
00:36:39,99.74616886469067,0,0,0
00:36:40,99.7481337784756,0,0,0
00:36:41,99.76581800254009,0,0,0
00:36:42,99.77296314357623,0,0,0
00:36:43,99.73187858261838,0,0,0
00:36:44,99.74081000891356,0,0,0
00:36:45,99.74616886469067,0,0,0
00:36:46,99.76403171728106,0,0,0
00:36:47,99.8033299929799,0,0,0
00:36:48,99.78909329946536,0,0,0
00:36:49,99.78909329946536,0,0,0
00:36:50,99.78368085513048,0,0,0
00:36:51,99.77049806991876,0,0,0
00:36:52,99.75867286150394,0,0,0
00:36:53,99.76939057305816,0,0,0
00:36:54,99.78189456987144,0,0,0
00:36:55,99.79261228142566,0,0,0
00:36:56,99.78725342564854,0,0,0
00:36:57,99.7801082846124,0,0,0
00:36:58,99.77832199935337,0,0,0
00:36:59,99.78546714038951,0,0,0
00:37:00,99.80511627823893,0,0,0
00:37:01,99.81047513401604,0,0,0
00:37:02,99.81404770453412,0,0,0
00:37:03,99.8176202750522,0,0,0
00:37:04,99.8033299929799,0,0,0
00:37:05,99.80511627823893,0,0,0
00:37:06,99.79439856668468,0,0,0
00:37:07,99.81851341768171,0,0,0
00:37:08,99.81226141927507,0,0,0
00:37:09,99.83369684238352,0,0,0
00:37:10,99.84084198341968,0,0,0
00:37:11,99.83905569816064,0,0,0
00:37:12,99.8265517013474,0,0,0
00:37:13,99.8319105571245,0,0,0
00:37:14,99.80511627823893,0,0,0
00:37:15,99.808688848757,0,0,0
00:37:16,99.81047513401604,0,0,0
00:37:17,99.79618485194374,0,0,0
00:37:18,99.78546714038951,0,0,0
00:37:19,99.77296314357623,0,0,0
00:37:20,99.7801082846124,0,0,0
00:37:21,99.7711768583172,0,0,0
00:37:22,99.76760428779912,0,0,0
00:37:23,99.7711768583172,0,0,0
00:37:24,99.76403171728106,0,0,0
00:37:25,99.75331400572684,0,0,0
00:37:26,99.7479551499497,0,0,0
00:37:27,99.74531144776634,0,0,0
00:37:28,99.77296314357623,0,0,0
00:37:29,99.75688657624492,0,0,0
00:37:30,99.75688657624492,0,0,0
00:37:31,99.75867286150394,0,0,0
00:37:32,99.76939057305816,0,0,0
00:37:33,99.75688657624492,0,0,0
00:37:34,99.76045914676298,0,0,0
00:37:35,99.80154370772088,0,0,0
00:37:36,99.82476541608835,0,0,0
00:37:37,99.83548312764258,0,0,0
00:37:38,99.83012427186549,0,0,0
00:37:39,99.84262826867874,0,0,0
00:37:40,99.84262826867874,0,0,0
00:37:41,99.82299699368193,0,0,0
00:37:42,99.81583398979316,0,0,0
00:37:43,99.81226141927507,0,0,0
00:37:44,99.82297913082932,0,0,0
00:37:45,99.81404770453412,0,0,0
00:37:46,99.78368085513048,0,0,0
00:37:47,99.78725342564854,0,0,0
00:37:48,99.78368085513048,0,0,0
00:37:49,99.77832199935337,0,0,0
00:37:50,99.76760428779912,0,0,0
00:37:51,99.76760428779912,0,0,0
00:37:52,99.76403171728106,0,0,0
00:37:53,99.7667111451696,0,0,0
00:37:54,99.79618485194374,0,0,0
00:37:55,99.77832199935337,0,0,0
00:37:56,99.77832199935337,0,0,0
00:37:57,99.78368085513048,0,0,0
00:37:58,99.8176202750522,0,0,0
00:37:59,99.82476541608835,0,0,0
00:38:00,99.8265517013474,0,0,0
00:38:01,99.8372694129016,0,0,0
00:38:02,99.879247116489,0,0,0
00:38:03,99.91943853481736,0,0,0
00:38:04,99.9301562463716,0,0,0
00:38:05,99.95695052525718,0,0,0
00:38:06,99.95695052525718,0,0,0
00:38:07,99.95098433249198,0,0,0
00:38:08,99.94623281370292,0,0,0
00:38:09,99.94801909896198,0,0,0
00:38:10,99.9676682368114,0,0,0
00:38:11,99.93372881688968,0,0,0
00:38:12,99.93447905669848,0,0,0
00:38:13,99.92836996111257,0,0,0
00:38:14,99.9676682368114,0,0,0
00:38:15,99.93730138740776,0,0,0
00:38:16,99.94266024318487,0,0,0
00:38:17,99.9301562463716,0,0,0
00:38:18,99.9158659642993,0,0,0
00:38:19,99.92211796270593,0,0,0
00:38:20,99.95805802211775,0,0,0
00:38:21,99.97124080732948,0,0,0
00:38:22,99.96588195155236,0,0,0
00:38:23,99.94801909896198,0,0,0
00:38:24,99.96409566629332,0,0,0
00:38:25,99.95337795473908,0,0,0
00:38:26,99.98731737466082,0,0,0
00:38:27,99.96409566629332,0,0,0
00:38:28,99.9855310894018,0,0,0
00:38:29,99.97838594836564,0,0,0
00:38:30,99.96945452207044,0,0,0
00:38:31,99.98910365991986,0,0,0
00:38:32,99.9877639459756,0,0,0
00:38:33,99.98910365991986,0,0,0
00:38:34,99.9765996631066,0,0,0
00:38:35,99.97572438332968,0,0,0
00:38:36,99.97572438332968,0,0,0
00:38:37,99.97302709258852,0,0,0
00:38:38,99.97481337784754,0,0,0
00:38:39,99.98017223362469,0,0,0
00:38:40,99.98374480414276,0,0,0
00:38:41,99.96418498055628,0,0,0
00:38:42,99.9765996631066,0,0,0
00:38:43,99.99088994517888,0,0,0
00:38:44,100.0141116535464,0,0,0
00:38:45,100.0051802272512,0,0,0
00:38:46,100.00339394199216,0,0,0
00:38:47,99.9998213714741,0,0,0
00:38:48,100.00160765673311,0,0,0
00:38:49,100.0194705093235,0,0,0
00:38:50,100.01768422406448,0,0,0
00:38:51,100.01696970996086,0,0,0
00:38:52,100.0051802272512,0,0,0
00:38:53,100.0051802272512,0,0,0
00:38:54,99.97481337784754,0,0,0
00:38:55,99.99446251569697,0,0,0
00:38:56,100.00339394199216,0,0,0
00:38:57,99.9855310894018,0,0,0
00:38:58,99.98260158157696,0,0,0
00:38:59,99.98195851888372,0,0,0
00:39:00,99.99446251569697,0,0,0
00:39:01,99.9998213714741,0,0,0
00:39:02,99.98910365991986,0,0,0
00:39:03,99.99267623043794,0,0,0
00:39:04,99.949805384221,0,0,0
00:39:05,99.94266024318487,0,0,0
00:39:06,99.93194253163064,0,0,0
00:39:07,99.93372881688968,0,0,0
00:39:08,99.9212248200764,0,0,0
00:39:09,99.9301562463716,0,0,0
00:39:10,99.9301562463716,0,0,0
00:39:11,99.94087395792585,0,0,0
00:39:12,99.93194253163064,0,0,0
00:39:13,99.9390876726668,0,0,0
00:39:14,99.90872082326314,0,0,0
00:39:15,99.91943853481736,0,0,0
00:39:16,99.92301110533543,0,0,0
00:39:17,99.92479739059448,0,0,0
00:39:18,99.9151157244905,0,0,0
00:39:19,99.93372881688968,0,0,0
00:39:20,99.94087395792585,0,0,0
00:39:21,99.94294604882631,0,0,0
00:39:22,99.93372881688968,0,0,0
00:39:23,99.93194253163064,0,0,0
00:39:24,99.93194253163064,0,0,0
00:39:25,99.94266024318487,0,0,0
00:39:26,99.92301110533543,0,0,0
00:39:27,99.9346219595192,0,0,0
00:39:28,99.92926310374207,0,0,0
00:39:29,99.93640824477824,0,0,0
00:39:30,99.93819453003728,0,0,0
00:39:31,99.98374480414276,0,0,0
00:39:32,99.98195851888372,0,0,0
00:39:33,99.99135437934623,0,0,0
00:39:34,99.98017223362469,0,0,0
00:39:35,99.98821051729034,0,0,0
00:39:36,99.9998213714741,0,0,0
00:39:37,99.99446251569697,0,0,0
00:39:38,99.98910365991986,0,0,0
00:39:39,99.97124080732948,0,0,0
00:39:40,99.98374480414276,0,0,0
00:39:41,99.9810653762542,0,0,0
00:39:42,99.96561400876352,0,0,0
00:39:43,99.96856137944091,0,0,0
00:39:44,99.95516423999814,0,0,0
00:39:45,99.97124080732948,0,0,0
00:39:46,99.95784366788668,0,0,0
00:39:47,99.98195851888372,0,0,0
00:39:48,99.96945452207044,0,0,0
00:39:49,99.95516423999814,0,0,0
00:39:50,99.96409566629332,0,0,0
00:39:51,99.96945452207044,0,0,0
00:39:52,99.95159166948004,0,0,0
00:39:53,99.9676682368114,0,0,0
00:39:54,99.94801909896198,0,0,0
00:39:55,99.95516423999814,0,0,0
00:39:56,99.92836996111257,0,0,0
00:39:57,99.92301110533543,0,0,0
00:39:58,99.91943853481736,0,0,0
00:39:59,99.91147170256204,0,0,0
00:40:00,99.89800311170892,0,1,0
00:40:01,99.89978939696796,0,0,0
00:40:02,99.89800311170892,0,0,0
00:40:03,99.8872854001547,0,0,0
00:40:04,99.87120883282334,0,0,0
00:40:05,99.85777596767538,0,0,0
00:40:06,99.86942254756433,0,0,0
00:40:07,99.8729951180824,0,0,0
00:40:08,99.87478140334142,0,0,0
00:40:09,99.86227740652814,0,0,0
00:40:10,99.85334598023296,0,0,0
00:40:11,99.86942254756433,0,0,0
00:40:12,99.87835397385948,0,0,0
00:40:13,99.88014025911852,0,0,0
00:40:14,99.8926442559318,0,0,0
00:40:15,99.88014025911852,0,0,0
00:40:16,99.87120883282334,0,0,0
00:40:17,99.86942254756433,0,0,0
00:40:18,99.8685294049348,0,0,0
00:40:19,99.86674311967576,0,0,0
00:40:20,99.86584997704624,0,0,0
00:40:21,99.85691855075105,0,0,0
00:40:22,99.87478140334142,0,0,0
00:40:23,99.86495683441672,0,0,0
00:40:24,99.86674311967576,0,0,0
00:40:25,99.8729951180824,0,0,0
00:40:26,99.87031569019383,0,0,0
00:40:27,99.86674311967576,0,0,0
00:40:28,99.88014025911852,0,0,0
00:40:29,99.9069345380041,0,0,0
00:40:30,99.89443054119084,0,0,0
00:40:31,99.87478140334142,0,0,0
00:40:32,99.8729951180824,0,0,0
00:40:33,99.87120883282334,0,0,0
00:40:34,99.85602540812152,0,0,0
00:40:35,99.83319668251102,0,0,0
00:40:36,99.83907356101324,0,0,0
00:40:37,99.8265517013474,0,0,0
00:40:38,99.83307164254288,0,0,0
00:40:39,99.83012427186549,0,0,0
00:40:40,99.83905569816064,0,0,0
00:40:41,99.85691855075105,0,0,0
00:40:42,99.84262826867874,0,0,0
00:40:43,99.8019902790356,0,0,0
00:40:44,99.80154370772088,0,0,0
00:40:45,99.80690256349796,0,0,0
00:40:46,99.80154370772088,0,0,0
00:40:47,99.8033299929799,0,0,0
00:40:48,99.80399091852574,0,0,0
00:40:49,99.7979711372028,0,0,0
00:40:50,99.79975742246182,0,0,0
00:40:51,99.8033299929799,0,0,0
00:40:52,99.82119284557028,0,0,0
00:40:53,99.81047513401604,0,0,0
00:40:54,99.7979711372028,0,0,0
00:40:55,99.8033299929799,0,0,0
00:40:56,99.79439856668468,0,0,0
00:40:57,99.7988642798323,0,0,0
00:40:58,99.808688848757,0,0,0
00:40:59,99.80154370772088,0,0,0
00:41:00,99.80154370772088,0,0,0
00:41:01,99.80690256349796,0,0,0
00:41:02,99.78189456987144,0,0,0
00:41:03,99.79975742246182,0,0,0
00:41:04,99.79439856668468,0,0,0
00:41:05,99.78457399776,0,0,0
00:41:06,99.78546714038951,0,0,0
00:41:07,99.7801082846124,0,0,0
00:41:08,99.78725342564854,0,0,0
00:41:09,99.79082599616662,0,0,0
00:41:10,99.80511627823893,0,0,0
00:41:11,99.80690256349796,0,0,0
00:41:12,99.79618485194374,0,0,0
00:41:13,99.80600942086843,0,0,0
00:41:14,99.78725342564854,0,0,0
00:41:15,99.7979711372028,0,0,0
00:41:16,99.79082599616662,0,0,0
00:41:17,99.79261228142566,0,0,0
00:41:18,99.71222944476897,0,0,0
00:41:19,99.74081000891356,0,0,0
00:41:20,99.71580201528704,0,0,0
00:41:21,99.71758830054608,0,0,0
00:41:22,99.74081000891356,0,0,0
00:41:23,99.75152772046778,0,0,0
00:41:24,99.7425962941726,0,0,0
00:41:25,99.7425962941726,0,0,0
00:41:26,99.73187858261838,0,0,0
00:41:27,99.74081000891356,0,0,0
00:41:28,99.762245432022,0,0,0
00:41:29,99.76581800254009,0,0,0
00:41:30,99.76939057305816,0,0,0
00:41:31,99.77832199935337,0,0,0
00:41:32,99.77876857066812,0,0,0
00:41:33,99.77385628620576,0,0,0
00:41:34,99.78189456987144,0,0,0
00:41:35,99.77832199935337,0,0,0
00:41:36,99.80154370772088,0,0,0
00:41:37,99.7890397109076,0,0,0
00:41:38,99.7979711372028,0,0,0
00:41:39,99.7890397109076,0,0,0
00:41:40,99.79082599616662,0,0,0
00:41:41,99.80154370772088,0,0,0
00:41:42,99.79975742246182,0,0,0
00:41:43,99.78189456987144,0,0,0
00:41:44,99.74974143520872,0,0,0
00:41:45,99.74438257943164,0,0,0
00:41:46,99.7336648678774,0,0,0
00:41:47,99.73187858261838,0,0,0
00:41:48,99.72830601210028,0,0,0
00:41:49,99.71758830054608,0,0,0
00:41:50,99.70151173321472,0,0,0
00:41:51,99.69813565407512,0,0,0
00:41:52,99.71044315950992,0,0,0
00:41:53,99.71222944476897,0,0,0
00:41:54,99.71046102236252,0,0,0
00:41:55,99.71758830054608,0,0,0
00:41:56,99.73187858261838,0,0,0
00:41:57,99.71312258739847,0,0,0
00:41:58,99.72294715632316,0,0,0
00:41:59,99.71960680288878,0,0,0
00:42:00,99.73277172524789,0,0,0
00:42:01,99.74438257943164,0,0,0
00:42:02,99.76045914676298,0,0,0
00:42:03,99.76583586539267,0,0,0
00:42:04,99.76403171728106,0,0,0
00:42:05,99.74974143520872,0,0,0
00:42:06,99.74081000891356,0,0,0
00:42:07,99.73545115313644,0,0,0
00:42:08,99.76403171728106,0,0,0
00:42:09,99.76574655112972,0,0,0
00:42:10,99.76403171728106,0,0,0
00:42:11,99.7711768583172,0,0,0
00:42:12,99.76581800254009,0,0,0
00:42:13,99.75527891951177,0,0,0
00:42:14,99.76581800254009,0,0,0
00:42:15,99.7559934336154,0,0,0
00:42:16,99.76760428779912,0,0,0
00:42:17,99.76760428779912,0,0,0
00:42:18,99.77474942883528,0,0,0
00:42:19,99.77653571409432,0,0,0
00:42:20,99.7711768583172,0,0,0
00:42:21,99.77296314357623,0,0,0
00:42:22,99.77298100642884,0,0,0
00:42:23,99.76760428779912,0,0,0
00:42:24,99.76581800254009,0,0,0
00:42:25,99.78189456987144,0,0,0
00:42:26,99.7890397109076,0,0,0
00:42:27,99.78189456987144,0,0,0
00:42:28,99.78905757376018,0,0,0
00:42:29,99.77296314357623,0,0,0
00:42:30,99.79082599616662,0,0,0
00:42:31,99.76403171728106,0,0,0
00:42:32,99.76842597901828,0,0,0
00:42:33,99.76842597901828,0,0,0
00:42:34,99.75331400572684,0,0,0
00:42:35,99.76760428779912,0,0,0
00:42:36,99.76760428779912,0,0,0
00:42:37,99.74081000891356,0,0,0
00:42:38,99.75867286150394,0,0,0
00:42:39,99.75867286150394,0,0,0
00:42:40,99.77296314357623,0,0,0
00:42:41,99.7711768583172,0,0,0
00:42:42,99.76403171728106,0,0,0
00:42:43,99.75331400572684,0,0,0
00:42:44,99.76581800254009,0,0,0
00:42:45,99.75152772046778,0,0,0
00:42:46,99.749294863894,0,0,0
00:42:47,99.75152772046778,0,0,0
00:42:48,99.75152772046778,0,0,0
00:42:49,99.76760428779912,0,0,0
00:42:50,99.75867286150394,0,0,0
00:42:51,99.76047700961556,0,0,0
00:42:52,99.76403171728106,0,0,0
00:42:53,99.76939057305816,0,0,0
00:42:54,99.76760428779912,0,0,0
00:42:55,99.76581800254009,0,0,0
00:42:56,99.75510029098588,0,0,0
00:42:57,99.7578511702848,0,0,0
00:42:58,99.76760428779912,0,0,0
00:42:59,99.76760428779912,0,0,0
00:43:00,99.76045914676298,0,0,0
00:43:01,99.77742885672384,0,0,0
00:43:02,99.79082599616662,0,0,0
00:43:03,99.79975742246182,0,0,0
00:43:04,99.79975742246182,0,0,0
00:43:05,99.7890397109076,0,0,0
00:43:06,99.79975742246182,0,0,0
00:43:07,99.80583079234256,0,0,0
00:43:08,99.7979711372028,0,0,0
00:43:09,99.81047513401604,0,0,0
00:43:10,99.81404770453412,0,0,0
00:43:11,99.7711768583172,0,0,0
00:43:12,99.77653571409432,0,0,0
00:43:13,99.78100142724192,0,0,0
00:43:14,99.78368085513048,0,0,0
00:43:15,99.77921514198287,0,0,0
00:43:16,99.75867286150394,0,0,0
00:43:17,99.75867286150394,0,0,0
00:43:18,99.72221477936696,0,0,0
00:43:19,99.69258030691952,0,0,0
00:43:20,99.7149088726575,0,0,0
00:43:21,99.714015730028,0,0,0
00:43:22,99.72651972684125,0,0,0
00:43:23,99.73545115313644,0,0,0
00:43:24,99.73902372365453,0,0,0
00:43:25,99.74081000891356,0,0,0
00:43:26,99.72830601210028,0,0,0
00:43:27,99.74974143520872,0,0,0
00:43:28,99.75331400572684,0,0,0
00:43:29,99.75331400572684,0,0,0
00:43:30,99.73545115313644,0,0,0
00:43:31,99.74081000891356,0,0,0
00:43:32,99.72294715632316,0,0,0
00:43:33,99.714015730028,0,0,0
00:43:34,99.70865687425088,0,0,0
00:43:35,99.69258030691952,0,0,0
00:43:36,99.67293116907013,0,0,0
00:43:37,99.65328203122068,0,0,0
00:43:38,99.66042717225685,0,0,0
00:43:39,99.65328203122068,0,0,0
00:43:40,99.66935859855204,0,0,0
00:43:41,99.69258030691952,0,0,0
00:43:42,99.66935859855204,0,0,0
00:43:43,99.67489608285504,0,0,0
00:43:44,99.68722145114242,0,0,0
00:43:45,99.66578602803396,0,0,0
00:43:46,99.67114488381108,0,0,0
00:43:47,99.66221345751588,0,0,0
00:43:48,99.621128896558,0,0,0
00:43:49,99.60864276259731,0,0,0
00:43:50,99.61041118500376,0,0,0
00:43:51,99.61755632603992,0,0,0
00:43:52,99.62291518181704,0,0,0
00:43:53,99.6300603228532,0,0,0
00:43:54,99.68096945273577,0,0,0
00:43:55,99.68543516588336,0,0,0
00:43:56,99.68007631010626,0,0,0
00:43:57,99.68007631010626,0,0,0
00:43:58,99.68364888062432,0,0,0
00:43:59,99.66221345751588,0,0,0
00:44:00,99.67114488381108,0,0,0
00:44:01,99.6782900248472,0,0,0
00:44:02,99.667572313293,0,0,0
00:44:03,99.68990087903096,0,0,0
00:44:04,99.69793916269664,0,0,0
00:44:05,99.69436659217855,0,0,0
00:44:06,99.68900773640144,0,0,0
00:44:07,99.6782900248472,0,0,0
00:44:08,99.6586408869978,0,0,0
00:44:09,99.66221345751588,0,0,0
00:44:10,99.66221345751588,0,0,0
00:44:11,99.65149574596164,0,0,0
00:44:12,99.66221345751588,0,0,0
00:44:13,99.66221345751588,0,0,0
00:44:14,99.65685460173876,0,0,0
00:44:15,99.63899174914836,0,0,0
00:44:16,99.64881631807307,0,0,0
00:44:17,99.65328203122068,0,0,0
00:44:18,99.6407780344074,0,0,0
00:44:19,99.63543704148287,0,0,0
00:44:20,99.63273975074176,0,0,0
00:44:21,99.62648775233512,0,0,0
00:44:22,99.6354191786303,0,0,0
00:44:23,99.65685460173876,0,0,0
00:44:24,99.66221345751588,0,0,0
00:44:25,99.64836974675832,0,0,0
00:44:26,99.65685460173876,0,0,0
00:44:27,99.68007631010626,0,0,0
00:44:28,99.68722145114242,0,0,0
00:44:29,99.68364888062432,0,0,0
00:44:30,99.68898987354883,0,0,0
00:44:31,99.69436659217855,0,0,0
00:44:32,99.68900773640144,0,0,0
00:44:33,99.68722145114242,0,0,0
00:44:34,99.68186259536527,0,0,0
00:44:35,99.68543516588336,0,0,0
00:44:36,99.69793916269664,0,0,0
00:44:37,99.71044315950992,0,0,0
00:44:38,99.70151173321472,0,0,0
00:44:39,99.73009229735932,0,0,0
00:44:40,99.72830601210028,0,0,0
00:44:41,99.73187858261838,0,0,0
00:44:42,99.73187858261838,0,0,0
00:44:43,99.76581800254009,0,0,0
00:44:44,99.76045914676298,0,0,0
00:44:45,99.74624031610104,0,0,0
00:44:46,99.75867286150394,0,0,0
00:44:47,99.73902372365453,0,0,0
00:44:48,99.73902372365453,0,0,0
00:44:49,99.73902372365453,0,0,0
00:44:50,99.71758830054608,0,0,0
00:44:51,99.72319723625944,0,0,0
00:44:52,99.73723743839548,0,0,0
00:44:53,99.7425962941726,0,0,0
00:44:54,99.74895546969478,0,0,0
00:44:55,99.74974143520872,0,0,0
00:44:56,99.75867286150394,0,0,0
00:44:57,99.75510029098588,0,0,0
00:44:58,99.76939057305816,0,0,0
00:44:59,99.76581800254009,0,0,0
00:45:00,99.76403171728106,0,0,0
00:45:01,99.79082599616662,0,0,0
00:45:02,99.82476541608835,0,0,0
00:45:03,99.81583398979316,0,0,0
00:45:04,99.80690256349796,0,0,0
00:45:05,99.7801082846124,0,0,0
00:45:06,99.74616886469067,0,0,0
00:45:07,99.76313857465152,0,0,0
00:45:08,99.76581800254009,0,0,0
00:45:09,99.77796474230156,0,0,0
00:45:10,99.78037622740123,0,0,0
00:45:11,99.7711768583172,0,0,0
00:45:12,99.79082599616662,0,0,0
00:45:13,99.7890397109076,0,0,0
00:45:14,99.78368085513048,0,0,0
00:45:15,99.79975742246182,0,0,0
00:45:16,99.7979711372028,0,0,0
00:45:17,99.762245432022,0,0,0
00:45:18,99.76045914676298,0,0,0
00:45:19,99.73187858261838,0,0,0
00:45:20,99.7306996343474,0,0,0
00:45:21,99.73187858261838,0,0,0
00:45:22,99.74974143520872,0,0,0
00:45:23,99.75331400572684,0,0,0
00:45:24,99.76939057305816,0,0,0
00:45:25,99.762245432022,0,0,0
00:45:26,99.771927098126,0,0,0
00:45:27,99.75510029098588,0,0,0
00:45:28,99.74081000891356,0,0,0
00:45:29,99.74616886469067,0,0,0
00:45:30,99.73187858261838,0,0,0
00:45:31,99.7291991547298,0,0,0
00:45:32,99.73545115313644,0,0,0
00:45:33,99.73723743839548,0,0,0
00:45:34,99.71758830054608,0,0,0
00:45:35,99.70687058899182,0,0,0
00:45:36,99.70329801847376,0,0,0
00:45:37,99.6961528774376,0,0,0
00:45:38,99.70329801847376,0,0,0
00:45:39,99.6961528774376,0,0,0
00:45:40,99.69347344954905,0,0,0
00:45:41,99.69972544795569,0,0,0
00:45:42,99.6961528774376,0,0,0
00:45:43,99.70151173321472,0,0,0
00:45:44,99.68900773640144,0,0,0
00:45:45,99.6907940216605,0,0,0
00:45:46,99.68900773640144,0,0,0
00:45:47,99.6907940216605,0,0,0
00:45:48,99.66221345751588,0,0,0
00:45:49,99.65506831647971,0,0,0
00:45:50,99.65506831647971,0,0,0
00:45:51,99.65506831647971,0,0,0
00:45:52,99.667572313293,0,0,0
00:45:53,99.66935859855204,0,0,0
00:45:54,99.67114488381108,0,0,0
00:45:55,99.6497094607026,0,0,0
00:45:56,99.6443506049255,0,0,0
00:45:57,99.64256431966646,0,0,0
00:45:58,99.6407780344074,0,0,0
00:45:59,99.6300603228532,0,0,0
00:46:00,99.63899174914836,0,0,0
00:46:01,99.6354191786303,0,0,0
00:46:02,99.65328203122068,0,0,0
00:46:03,99.62470146707608,0,0,0
00:46:04,99.63184660811224,0,0,0
00:46:05,99.62648775233512,0,0,0
00:46:06,99.61577004078087,0,0,0
00:46:07,99.62470146707608,0,0,0
00:46:08,99.61934261129898,0,0,0
00:46:09,99.61934261129898,0,0,0
00:46:10,99.56039519775072,0,0,0
00:46:11,99.5461049156784,0,0,0
00:46:12,99.528242063088,0,0,0
00:46:13,99.5130586383862,0,0,0
00:46:14,99.52109692205188,0,0,0
00:46:15,99.49608892842532,0,0,1
00:46:16,99.51037921049765,0,0,0
00:46:17,99.5175243515338,0,0,0
00:46:18,99.52377634994042,0,0,0
00:46:19,99.54074605990128,0,0,0
00:46:20,99.5371734893832,0,0,0
00:46:21,99.54074605990128,0,0,0
00:46:22,99.56396776826878,0,0,0
00:46:23,99.56218148300974,0,0,0
00:46:24,99.58897576189533,0,0,0
00:46:25,99.58718947663628,0,0,0
00:46:26,99.59076204715434,0,0,0
00:46:27,99.5915837383735,0,0,0
00:46:28,99.5836169061182,0,0,0
00:46:29,99.58540319137724,0,0,0
00:46:30,99.58897576189533,0,0,0
00:46:31,99.56218148300974,0,0,0
00:46:32,99.56396776826878,0,0,0
00:46:33,99.57289919456396,0,0,0
00:46:34,99.56754033878686,0,0,0
00:46:35,99.56754033878686,0,0,0
00:46:36,99.56043092345588,0,0,0
00:46:37,99.55521497049948,0,0,0
00:46:38,99.55414319934408,0,0,0
00:46:39,99.55682262723263,0,0,0
00:46:40,99.5550363419736,0,0,0
00:46:41,99.53895977464224,0,0,0
00:46:42,99.5461049156784,0,0,0
00:46:43,99.54967748619649,0,0,0
00:46:44,99.56754033878686,0,0,0
00:46:45,99.55860891249166,0,0,0
00:46:46,99.5550363419736,0,0,0
00:46:47,99.54967748619649,0,0,0
00:46:48,99.5546076335114,0,0,0
00:46:49,99.55771576986216,0,0,0
00:46:50,99.55682262723263,0,0,0
00:46:51,99.55325005671456,0,0,0
00:46:52,99.5514637714555,0,0,0
00:46:53,99.54789120093744,0,0,0
00:46:54,99.54789120093744,0,0,0
00:46:55,99.5318146336061,0,0,0
00:46:56,99.5461049156784,0,0,0
00:46:57,99.53895977464224,0,0,0
00:46:58,99.53895977464224,0,0,0
00:46:59,99.53895977464224,0,0,0
00:47:00,99.5461049156784,0,0,0
00:47:01,99.57379233719348,0,0,0
00:47:02,99.58897576189533,0,0,0
00:47:03,99.59969347344956,0,0,0
00:47:04,99.5979250510431,0,0,0
00:47:05,99.59803222815864,0,0,0
00:47:06,99.58718947663628,0,0,0
00:47:07,99.59076204715434,0,0,0
00:47:08,99.5925483324134,0,0,0
00:47:09,99.59433461767242,0,0,0
00:47:10,99.61398375552184,0,0,0
00:47:11,99.60862489974473,0,0,0
00:47:12,99.60862489974473,0,0,0
00:47:13,99.59076204715434,0,0,0
00:47:14,99.60149762156117,0,0,0
00:47:15,99.61160799612732,0,0,0
00:47:16,99.62291518181704,0,0,0
00:47:17,99.62648775233512,0,0,0
00:47:18,99.62418344435096,0,0,0
00:47:19,99.62380832444656,0,0,0
00:47:20,99.6068386144857,0,0,0
00:47:21,99.61398375552184,0,0,0
00:47:22,99.60862489974473,0,0,0
00:47:23,99.57111290930492,0,0,0
00:47:24,99.58272376348869,0,0,0
00:47:25,99.58540319137724,0,0,0
00:47:26,99.6074102257686,0,0,0
00:47:27,99.61755632603992,0,0,0
00:47:28,99.61577004078087,0,0,0
00:47:29,99.61755632603992,0,0,0
00:47:30,99.61041118500376,0,0,0
00:47:31,99.60439140368082,0,0,0
00:47:32,99.60862489974473,0,0,0
00:47:33,99.59076204715434,0,0,0
00:47:34,99.59076204715434,0,0,0
00:47:35,99.58718947663628,0,0,0
00:47:36,99.59969347344956,0,0,0
00:47:37,99.61041118500376,0,0,0
00:47:38,99.60862489974473,0,0,0
00:47:39,99.61041118500376,0,0,0
00:47:40,99.59433461767242,0,0,0
00:47:41,99.58718947663628,0,0,0
00:47:42,99.60862489974473,0,0,0
00:47:43,99.6068386144857,0,0,0
00:47:44,99.60326604396762,0,0,0
00:47:45,99.6354191786303,0,0,0
00:47:46,99.6354191786303,0,0,0
00:47:47,99.63363289337128,0,0,0
00:47:48,99.62684500938693,0,0,0
00:47:49,99.62291518181704,0,0,0
00:47:50,99.62648775233512,0,0,0
00:47:51,99.6300603228532,0,0,0
00:47:52,99.63184660811224,0,0,0
00:47:53,99.62380832444656,0,0,0
00:47:54,99.60246221560104,0,0,0
00:47:55,99.59612090293146,0,0,0
00:47:56,99.60862489974473,0,0,0
00:47:57,99.60326604396762,0,0,0
00:47:58,99.61398375552184,0,0,0
00:47:59,99.61755632603992,0,0,0
00:48:00,99.61398375552184,0,0,0
00:48:01,99.60505232922668,0,0,0
00:48:02,99.59790718819052,0,0,0
00:48:03,99.621128896558,0,0,0
00:48:04,99.6300603228532,0,0,0
00:48:05,99.621128896558,0,0,0
00:48:06,99.621128896558,0,0,0
00:48:07,99.62648775233512,0,0,0
00:48:08,99.62648775233512,0,0,0
00:48:09,99.62470146707608,0,0,0
00:48:10,99.621128896558,0,0,0
00:48:11,99.61577004078087,0,0,0
00:48:12,99.63899174914836,0,0,0
00:48:13,99.69793916269664,0,0,0
00:48:14,99.71222944476897,0,0,0
00:48:15,99.73187858261838,0,0,0
00:48:16,99.7801082846124,0,0,0
00:48:17,99.77296314357623,0,0,0
00:48:18,99.76760428779912,0,0,0
00:48:19,99.75688657624492,0,0,0
00:48:20,99.73723743839548,0,0,0
00:48:21,99.7247334415822,0,0,0
00:48:22,99.74974143520872,0,0,0
00:48:23,99.73902372365453,0,0,0
00:48:24,99.75688657624492,0,0,0
00:48:25,99.74438257943164,0,0,0
00:48:26,99.7336648678774,0,0,0
00:48:27,99.72116087106411,0,0,0
00:48:28,99.72651972684125,0,0,0
00:48:29,99.71758830054608,0,0,0
00:48:30,99.72282211635503,0,0,0
00:48:31,99.7247334415822,0,0,0
00:48:32,99.72651972684125,0,0,0
00:48:33,99.74974143520872,0,0,0
00:48:34,99.74974143520872,0,0,0
00:48:35,99.77251657226148,0,0,0
00:48:36,99.77653571409432,0,0,0
00:48:37,99.76403171728106,0,0,0
00:48:38,99.76581800254009,0,0,0
00:48:39,99.76760428779912,0,0,0
00:48:40,99.76045914676298,0,0,0
00:48:41,99.75331400572684,0,0,0
00:48:42,99.75331400572684,0,0,0
00:48:43,99.74974143520872,0,0,0
00:48:44,99.74884829257924,0,0,0
00:48:45,99.74081000891356,0,0,0
00:48:46,99.74616886469067,0,0,0
00:48:47,99.73545115313644,0,0,0
00:48:48,99.7050843037328,0,0,0
00:48:49,99.71044315950992,0,0,0
00:48:50,99.72116087106411,0,0,0
00:48:51,99.714015730028,0,0,0
00:48:52,99.714015730028,0,0,0
00:48:53,99.71758830054608,0,0,0
00:48:54,99.7247334415822,0,0,0
00:48:55,99.71758830054608,0,0,0
00:48:56,99.71580201528704,0,0,0
00:48:57,99.714015730028,0,0,0
00:48:58,99.714015730028,0,0,0
00:48:59,99.70776373162134,0,0,0
00:49:00,99.6961528774376,0,0,0
00:49:01,99.69088333592344,0,0,0
00:49:02,99.71758830054608,0,0,0
00:49:03,99.72116087106411,0,0,0
00:49:04,99.68543516588336,0,0,0
00:49:05,99.69436659217855,0,0,0
00:49:06,99.7247334415822,0,0,0
00:49:07,99.73009229735932,0,0,0
00:49:08,99.7291991547298,0,0,0
00:49:09,99.70865687425088,0,0,0
00:49:10,99.70865687425088,0,0,0
00:49:11,99.70329801847376,0,0,0
00:49:12,99.70151173321472,0,0,0
00:49:13,99.71848144317558,0,0,0
00:49:14,99.7193745858051,0,0,0
00:49:15,99.7425962941726,0,0,0
00:49:16,99.74081000891356,0,0,0
00:49:17,99.74616886469067,0,0,0
00:49:18,99.73009229735932,0,0,0
00:49:19,99.70687058899182,0,0,0
00:49:20,99.70151173321472,0,0,0
00:49:21,99.69793916269664,0,0,0
00:49:22,99.70865687425088,0,0,0
00:49:23,99.69793916269664,0,0,0
00:49:24,99.73187858261838,0,0,0
00:49:25,99.74081000891356,0,0,0
00:49:26,99.74081000891356,0,0,0
00:49:27,99.74974143520872,0,0,0
00:49:28,99.73545115313644,0,0,0
00:49:29,99.75867286150394,0,0,0
00:49:30,99.76045914676298,0,0,0
00:49:31,99.75367126277864,0,0,0
00:49:32,99.75510029098588,0,0,0
00:49:33,99.74438257943164,0,0,0
00:49:34,99.75510029098588,0,0,0
00:49:35,99.74081000891356,0,0,0
00:49:36,99.75510029098588,0,0,0
00:49:37,99.75152772046778,0,0,0
00:49:38,99.7425962941726,0,0,0
00:49:39,99.75331400572684,0,0,0
00:49:40,99.762245432022,0,0,0
00:49:41,99.7425962941726,0,0,0
00:49:42,99.73545115313644,0,0,0
00:49:43,99.72830601210028,0,0,0
00:49:44,99.7247334415822,0,0,0
00:49:45,99.71758830054608,0,0,0
00:49:46,99.72743073232336,0,0,0
00:49:47,99.74081000891356,0,0,0
00:49:48,99.7336648678774,0,0,0
00:49:49,99.72294715632316,0,0,0
00:49:50,99.71580201528704,0,0,0
00:49:51,99.72116087106411,0,0,0
00:49:52,99.7149088726575,0,0,0
00:49:53,99.7193745858051,0,0,0
00:49:54,99.7336648678774,0,0,0
00:49:55,99.73009229735932,0,0,0
00:49:56,99.73545115313644,0,0,0
00:49:57,99.72830601210028,0,0,0
00:49:58,99.74081000891356,0,0,0
00:49:59,99.76045914676298,0,0,0
00:50:00,99.7711768583172,0,0,0
00:50:01,99.75331400572684,0,0,0
00:50:02,99.744847013599,0,0,0
00:50:03,99.75867286150394,0,0,0
00:50:04,99.74616886469067,0,0,0
00:50:05,99.72830601210028,0,0,0
00:50:06,99.71580201528704,0,0,0
00:50:07,99.74438257943164,0,0,0
00:50:08,99.73902372365453,0,0,0
00:50:09,99.74438257943164,0,0,0
00:50:10,99.7193745858051,0,0,0
00:50:11,99.73902372365453,0,0,0
00:50:12,99.74974143520872,0,0,0
00:50:13,99.72601956696872,0,0,0
00:50:14,99.73902372365453,0,0,0
00:50:15,99.74438257943164,0,0,0
00:50:16,99.73723743839548,0,0,0
00:50:17,99.74616886469067,0,0,0
00:50:18,99.75152772046778,0,0,0
00:50:19,99.75867286150394,0,0,0
00:50:20,99.75867286150394,0,0,0
00:50:21,99.75867286150394,0,0,0
00:50:22,99.75867286150394,0,0,0
00:50:23,99.73009229735932,0,0,0
00:50:24,99.7247334415822,0,0,0
00:50:25,99.7050843037328,0,0,0
00:50:26,99.71222944476897,0,0,0
00:50:27,99.74974143520872,0,0,0
00:50:28,99.72830601210028,0,0,0
00:50:29,99.72651972684125,0,0,0
00:50:30,99.7247334415822,0,0,0
00:50:31,99.71758830054608,0,0,0
00:50:32,99.70687058899182,0,0,0
00:50:33,99.69793916269664,0,0,0
00:50:34,99.69793916269664,0,0,0
00:50:35,99.69972544795569,0,0,0
00:50:36,99.69258030691952,0,0,0
00:50:37,99.68900773640144,0,0,0
00:50:38,99.68722145114242,0,0,0
00:50:39,99.68722145114242,0,0,0
00:50:40,99.6586408869978,0,0,0
00:50:41,99.65149574596164,0,0,0
00:50:42,99.6545681566072,0,0,0
00:50:43,99.66491074825704,0,0,0
00:50:44,99.67471745432914,0,0,0
00:50:45,99.667572313293,0,0,0
00:50:46,99.672020163588,0,0,0
00:50:47,99.66042717225685,0,0,0
00:50:48,99.67210947785097,0,0,0
00:50:49,99.66399974277492,0,0,0
00:50:50,99.66935859855204,0,0,0
00:50:51,99.66221345751588,0,0,0
00:50:52,99.6782900248472,0,0,0
00:50:53,99.67114488381108,0,0,0
00:50:54,99.67114488381108,0,0,0
00:50:55,99.667572313293,0,0,0
00:50:56,99.69436659217855,0,0,0
00:50:57,99.71044315950992,0,0,0
00:50:58,99.69972544795569,0,0,0
00:50:59,99.70687058899182,0,0,0
00:51:00,99.71222944476897,0,0,0
00:51:01,99.70329801847376,0,0,0
00:51:02,99.69258030691952,0,0,0
00:51:03,99.6907940216605,0,0,0
00:51:04,99.6907940216605,0,0,0
00:51:05,99.67739688221768,0,0,0
00:51:06,99.65149574596164,0,0,0
00:51:07,99.62291518181704,0,0,0
00:51:08,99.64524374755504,0,0,0
00:51:09,99.6407780344074,0,0,0
00:51:10,99.65154933451944,0,0,0
00:51:11,99.6497094607026,0,0,0
00:51:12,99.6497094607026,0,0,0
00:51:13,99.63720546388932,0,0,0
00:51:14,99.64256431966646,0,0,0
00:51:15,99.64113529145924,0,0,0
00:51:16,99.64792317544358,0,0,0
00:51:17,99.64792317544358,0,0,0
00:51:18,99.61755632603992,0,0,0
00:51:19,99.61398375552184,0,0,0
00:51:20,99.62470146707608,0,0,0
00:51:21,99.6121974702628,0,0,0
00:51:22,99.6121974702628,0,0,0
00:51:23,99.61934261129898,0,0,0
00:51:24,99.60862489974473,0,0,0
00:51:25,99.6068386144857,0,0,0
00:51:26,99.59790718819052,0,0,0
00:51:27,99.6068386144857,0,0,0
00:51:28,99.61398375552184,0,0,0
00:51:29,99.60862489974473,0,0,0
00:51:30,99.61398375552184,0,0,0
00:51:31,99.59969347344956,0,0,0
00:51:32,99.58540319137724,0,0,0
00:51:33,99.58897576189533,0,0,0
00:51:34,99.59076204715434,0,0,0
00:51:35,99.60505232922668,0,0,0
00:51:36,99.60505232922668,0,0,0
00:51:37,99.58897576189533,0,0,0
00:51:38,99.58183062085917,0,0,0
00:51:39,99.58718947663628,0,0,0
00:51:40,99.57777575332116,0,0,0
00:51:41,99.57289919456396,0,0,0
00:51:42,99.57289919456396,0,0,0
00:51:43,99.57111290930492,0,0,0
00:51:44,99.56037733489812,0,0,0
00:51:45,99.55860891249166,0,0,0
00:51:46,99.5371734893832,0,0,0
00:51:47,99.54074605990128,0,0,0
00:51:48,99.528242063088,0,0,0
00:51:49,99.53360091886512,0,0,0
00:51:50,99.53895977464224,0,0,0
00:51:51,99.5318146336061,0,0,0
00:51:52,99.53937062025184,0,0,0
00:51:53,99.528242063088,0,0,0
00:51:54,99.54079964845906,0,0,0
00:51:55,99.54967748619649,0,0,0
00:51:56,99.5514637714555,0,0,0
00:51:57,99.55682262723263,0,0,0
00:51:58,99.5657540535278,0,0,0
00:51:59,99.56932662404589,0,0,0
00:52:00,99.56396776826878,0,0,0
00:52:01,99.55860891249166,0,0,0
00:52:02,99.55235691408504,0,0,0
00:52:03,99.54789120093744,0,0,0
00:52:04,99.54342548778985,0,0,0
00:52:05,99.53360091886512,0,0,0
00:52:06,99.52822420023544,0,0,0
00:52:07,99.52020377942236,0,0,0
00:52:08,99.5228832073109,0,0,0
00:52:09,99.5228832073109,0,0,0
00:52:10,99.54789120093744,0,0,0
00:52:11,99.55325005671456,0,0,0
00:52:12,99.54253234516032,0,0,0
00:52:13,99.53895977464224,0,0,0
00:52:14,99.528242063088,0,0,0
00:52:15,99.50680663997954,0,0,0
00:52:16,99.5228832073109,0,0,0
00:52:17,99.51395178101572,0,0,0
00:52:18,99.52466949256991,0,0,0
00:52:19,99.51037921049765,0,0,0
00:52:20,99.50502035472051,0,0,0
00:52:21,99.52109692205188,0,0,0
00:52:22,99.5175243515338,0,0,0
00:52:23,99.5175243515338,0,0,0
00:52:24,99.51573806627476,0,0,0
00:52:25,99.51616677473692,0,0,0
00:52:26,99.5085929252386,0,0,0
00:52:27,99.52109692205188,0,0,0
00:52:28,99.52109692205188,0,0,0
00:52:29,99.53183249645868,0,0,0
00:52:30,99.54074605990128,0,0,0
00:52:31,99.54253234516032,0,0,0
00:52:32,99.5461049156784,0,0,0
00:52:33,99.53538720412418,0,0,0
00:52:34,99.53895977464224,0,0,0
00:52:35,99.53895977464224,0,0,0
00:52:36,99.5514637714555,0,0,0
00:52:37,99.54789120093744,0,0,0
00:52:38,99.528242063088,0,0,0
00:52:39,99.52109692205188,0,0,0
00:52:40,99.52466949256991,0,0,0
00:52:41,99.5228832073109,0,0,0
00:52:42,99.53360091886512,0,0,0
00:52:43,99.53002834834706,0,0,0
00:52:44,99.51573806627476,0,0,0
00:52:45,99.52645577782896,0,0,0
00:52:46,99.5175243515338,0,0,0
00:52:47,99.5228832073109,0,0,0
00:52:48,99.52466949256991,0,0,0
00:52:49,99.52645577782896,0,0,0
00:52:50,99.5461049156784,0,0,0
00:52:51,99.54253234516032,0,0,0
00:52:52,99.54789120093744,0,0,0
00:52:53,99.5353693412716,0,0,0
00:52:54,99.5371734893832,0,0,0
00:52:55,99.5461049156784,0,0,0
00:52:56,99.55325005671456,0,0,0
00:52:57,99.54967748619649,0,0,0
00:52:58,99.5461049156784,0,0,0
00:52:59,99.5371734893832,0,0,0
00:53:00,99.52466949256991,0,0,0
00:53:01,99.53360091886512,0,0,0
00:53:02,99.53002834834706,0,0,0
00:53:03,99.528242063088,0,0,0
00:53:04,99.5228832073109,0,0,0
00:53:05,99.5175243515338,0,0,0
00:53:06,99.53538720412418,0,0,0
00:53:07,99.54253234516032,0,0,0
00:53:08,99.55325005671456,0,0,0
00:53:09,99.53895977464224,0,0,0
00:53:10,99.52645577782896,0,0,0
00:53:11,99.52645577782896,0,0,0
00:53:12,99.528242063088,0,0,0
00:53:13,99.53360091886512,0,0,0
00:53:14,99.51931063679282,0,0,0
00:53:15,99.4710809347988,0,0,0
00:53:16,99.48358493161206,0,0,0
00:53:17,99.47643979057592,0,0,0
00:53:18,99.47465350531688,0,0,0
00:53:19,99.46931251239236,0,0,0
00:53:20,99.45143179694938,0,0,0
00:53:21,99.41391980650955,0,0,0
00:53:22,99.4157060917686,0,0,0
00:53:23,99.44071408539516,0,0,0
00:53:24,99.4389278001361,0,0,0
00:53:25,99.45143179694938,0,0,0
00:53:26,99.45696928125238,0,0,0
00:53:27,99.46749050142812,0,0,0
00:53:28,99.46482893639217,0,0,0
00:53:29,99.46929464953976,0,0,0
00:53:30,99.4621495085036,0,0,0
00:53:31,99.45143179694938,0,0,0
00:53:32,99.4478592264313,0,0,0
00:53:33,99.44605507831967,0,0,0
00:53:34,99.43178265909997,0,0,0
00:53:35,99.43714151487708,0,0,0
00:53:36,99.433568944359,0,0,0
00:53:37,99.433568944359,0,0,0
00:53:38,99.4389278001361,0,0,0
00:53:39,99.433568944359,0,0,0
00:53:40,99.4425003706542,0,0,0
00:53:41,99.4246375180638,0,0,0
00:53:42,99.4339083385582,0,0,0
00:53:43,99.43714151487708,0,0,0
00:53:44,99.43714151487708,0,0,0
00:53:45,99.4425003706542,0,0,0
00:53:46,99.439106428662,0,0,0
00:53:47,99.4632570053642,0,0,0
00:53:48,99.4607026174438,0,0,0
00:53:49,99.45143179694938,0,0,0
00:53:50,99.4621852342088,0,0,0
00:53:51,99.46750836428072,0,0,0
00:53:52,99.47643979057592,0,0,0
00:53:53,99.46282829690205,0,0,0
00:53:54,99.47822607583494,0,0,0
00:53:55,99.51037921049765,0,0,0
00:53:56,99.50680663997954,0,0,0
00:53:57,99.51573806627476,0,0,0
00:53:58,99.4996614989434,0,0,0
00:53:59,99.50502035472051,0,0,0
00:54:00,99.4996614989434,0,0,0
00:54:01,99.50680663997954,0,0,0
00:54:02,99.51037921049765,0,0,0
00:54:03,99.52115051060964,0,0,0
00:54:04,99.49787521368437,0,0,0
00:54:05,99.51037921049765,0,0,0
00:54:06,99.51573806627476,0,0,0
00:54:07,99.51330871832246,0,0,0
00:54:08,99.50055464157292,0,0,0
00:54:09,99.49787521368437,0,0,0
00:54:10,99.50323406946148,0,0,0
00:54:11,99.49608892842532,0,0,0
00:54:12,99.50144778420244,0,0,0
00:54:13,99.4889437873892,0,0,0
00:54:14,99.49073007264822,0,0,0
00:54:15,99.49787521368437,0,0,0
00:54:16,99.5175243515338,0,0,0
00:54:17,99.4989469848398,0,0,0
00:54:18,99.528242063088,0,0,0
00:54:19,99.5085929252386,0,0,0
00:54:20,99.51037921049765,0,0,0
00:54:21,99.50502035472051,0,0,0
00:54:22,99.4996614989434,0,0,0
00:54:23,99.48715750213016,0,0,0
00:54:24,99.46929464953976,0,0,0
00:54:25,99.48001236109398,0,0,0
00:54:26,99.47822607583494,0,0,0
00:54:27,99.4710809347988,0,0,0
00:54:28,99.4710809347988,0,0,0
00:54:29,99.46036322324456,0,0,0
00:54:30,99.46572207902167,0,0,0
00:54:31,99.47286722005784,0,0,0
00:54:32,99.47465350531688,0,0,0
00:54:33,99.47465350531688,0,0,0
00:54:34,99.45411122483792,0,0,0
00:54:35,99.46036322324456,0,0,0
00:54:36,99.46036322324456,0,0,0
00:54:37,99.42821008858188,0,0,0
00:54:38,99.42824581428704,0,0,0
00:54:39,99.4246375180638,0,0,0
00:54:40,99.42642380332283,0,0,0
00:54:41,99.4246375180638,0,0,0
00:54:42,99.42642380332283,0,0,0
00:54:43,99.42999637384092,0,0,0
00:54:44,99.43714151487708,0,0,0
00:54:45,99.43178265909997,0,0,0
00:54:46,99.437623811897,0,0,0
00:54:47,99.42642380332283,0,0,0
00:54:48,99.40856095073244,0,0,0
00:54:49,99.39784323917824,0,0,0
00:54:50,99.41302666388005,0,0,0
00:54:51,99.40677466547342,0,0,0
00:54:52,99.4112582414736,0,0,0
00:54:53,99.4005226670668,0,0,0
00:54:54,99.38891181288304,0,0,0
00:54:55,99.39427066866014,0,0,0
00:54:56,99.38891181288304,0,0,0
00:54:57,99.38891181288304,0,0,0
00:54:58,99.38176667184688,0,0,0
00:54:59,99.38355295710592,0,0,0
00:55:00,99.38891181288304,0,0,0
00:55:01,99.38176667184688,0,0,0
00:55:02,99.38176667184688,0,0,0
00:55:03,99.38533924236496,0,0,0
00:55:04,99.3585449634794,0,0,0
00:55:05,99.37998038658785,0,0,0
00:55:06,99.36211753399746,0,0,0
00:55:07,99.36211753399746,0,0,0
00:55:08,99.3585449634794,0,0,0
00:55:09,99.3692626750336,0,0,0
00:55:10,99.3764078160698,0,0,0
00:55:11,99.4157060917686,0,0,0
00:55:12,99.4192786622867,0,0,0
00:55:13,99.41391980650955,0,0,0
00:55:14,99.42821008858188,0,0,0
00:55:15,99.43088951647044,0,0,0
00:55:16,99.4311395964067,0,0,0
00:55:17,99.43535522961804,0,0,0
00:55:18,99.44607294117226,0,0,0
00:55:19,99.45679065272648,0,0,0
00:55:20,99.45500436746744,0,0,0
00:55:21,99.42821008858188,0,0,0
00:55:22,99.43535522961804,0,0,0
00:55:23,99.43088951647044,0,0,0
00:55:24,99.4478592264313,0,0,0
00:55:25,99.4425003706542,0,0,0
00:55:26,99.4192786622867,0,0,0
00:55:27,99.42106494754572,0,0,0
00:55:28,99.4157060917686,0,0,0
00:55:29,99.40677466547342,0,0,0
00:55:30,99.40320209495536,0,0,0
00:55:31,99.38355295710592,0,0,0
00:55:32,99.36211753399746,0,0,0
00:55:33,99.37104896029264,0,0,0
00:55:34,99.3781762384762,0,0,0
00:55:35,99.3692626750336,0,0,0
00:55:36,99.40320209495536,0,0,0
00:55:37,99.43178265909997,0,0,0
00:55:38,99.41391980650955,0,0,0
00:55:39,99.4157060917686,0,0,0
00:55:40,99.41213352125052,0,0,0
00:55:41,99.39368119452467,0,0,0
00:55:42,99.39427066866014,0,0,0
00:55:43,99.39427066866014,0,0,0
00:55:44,99.38535710521757,0,0,0
00:55:45,99.38533924236496,0,0,0
00:55:46,99.39427066866014,0,0,0
00:55:47,99.38891181288304,0,0,0
00:55:48,99.38891181288304,0,0,0
00:55:49,99.39248438340113,0,0,0
00:55:50,99.38801867025352,0,0,0
00:55:51,99.40141580969632,0,0,0
00:55:52,99.40677466547342,0,0,0
00:55:53,99.40320209495536,0,0,0
00:55:54,99.40141580969632,0,0,0
00:55:55,99.387125527624,0,0,0
00:55:56,99.38891181288304,0,0,0
00:55:57,99.39516381128966,0,0,0
00:55:58,99.39069809814208,0,0,0
00:55:59,99.39248438340113,0,0,0
00:56:00,99.39784323917824,0,0,0
00:56:01,99.39695009654872,0,0,0
00:56:02,99.40320209495536,0,0,0
00:56:03,99.39962952443727,0,0,0
00:56:04,99.40320209495536,0,0,0
00:56:05,99.387125527624,0,0,0
00:56:06,99.38689331054032,0,0,0
00:56:07,99.40075488415049,0,0,0
00:56:08,99.38176667184688,0,0,0
00:56:09,99.39427066866014,0,0,0
00:56:10,99.38891181288304,0,0,0
00:56:11,99.38569649941677,0,0,0
00:56:12,99.387125527624,0,0,0
00:56:13,99.37998038658785,0,0,0
00:56:14,99.38891181288304,0,0,0
00:56:15,99.3764078160698,0,0,0
00:56:16,99.37998038658785,0,0,0
00:56:17,99.38355295710592,0,0,0
00:56:18,99.36218898540784,0,0,0
00:56:19,99.3639038192565,0,0,0
00:56:20,99.37104896029264,0,0,0
00:56:21,99.36928053788624,0,0,0
00:56:22,99.37283524555168,0,0,0
00:56:23,99.36211753399746,0,0,0
00:56:24,99.35318610770229,0,0,0
00:56:25,99.33164350747828,0,0,0
00:56:26,99.3266061830478,0,0,0
00:56:27,99.32817811407573,0,0,0
00:56:28,99.3263918288167,0,0,0
00:56:29,99.31567411726247,0,0,0
00:56:30,99.31924668778056,0,0,0
00:56:31,99.3210329730396,0,0,0
00:56:32,99.31746040252152,0,0,0
00:56:33,99.30852897622631,0,0,0
00:56:34,99.31388783200345,0,0,0
00:56:35,99.33175068459384,0,0,0
00:56:36,99.3353232551119,0,0,0
00:56:37,99.33278673004403,0,0,0
00:56:38,99.31746040252152,0,0,0
00:56:39,99.31590633434617,0,0,0
00:56:40,99.3210329730396,0,0,0
00:56:41,99.31924668778056,0,0,0
00:56:42,99.34246839614804,0,0,0
00:56:43,99.35318610770229,0,0,0
00:56:44,99.34425468140708,0,0,0
00:56:45,99.34604096666612,0,0,0
00:56:46,99.35318610770229,0,0,0
00:56:47,99.340682110889,0,0,0
00:56:48,99.34246839614804,0,0,0
00:56:49,99.3308575419643,0,0,0
00:56:50,99.33353696985286,0,0,0
00:56:51,99.34425468140708,0,0,0
00:56:52,99.35139982244324,0,0,0
00:56:53,99.33175068459384,0,0,0
00:56:54,99.33175068459384,0,0,0
00:56:55,99.31567411726247,0,0,0
00:56:56,99.316567259892,0,0,0
00:56:57,99.31746040252152,0,0,0
00:56:58,99.32549868618716,0,0,0
00:56:59,99.33889582562998,0,0,0
00:57:00,99.32819597692834,0,0,0
00:57:01,99.31299468937392,0,0,0
00:57:02,99.31394142056122,0,0,0
00:57:03,99.3263918288167,0,0,0
00:57:04,99.30942211885584,0,0,0
00:57:05,99.31388783200345,0,0,0
00:57:06,99.27476818483048,0,0,0
00:57:07,99.27637584156363,0,0,0
00:57:08,99.28173469734074,0,0,0
00:57:09,99.28173469734074,0,0,0
00:57:10,99.2710348486391,0,0,0
00:57:11,99.2790552694522,0,0,0
00:57:12,99.2745895563046,0,0,0
00:57:13,99.26208555949134,0,0,0
00:57:14,99.25494041845518,0,0,0
00:57:15,99.28173469734074,0,0,0
00:57:16,99.28352098259978,0,0,0
00:57:17,99.29066612363594,0,0,0
00:57:18,99.292452408895,0,0,0
00:57:19,99.28887983837691,0,0,0
00:57:20,99.29959754993112,0,0,0
00:57:21,99.292452408895,0,0,0
00:57:22,99.292452408895,0,0,0
00:57:23,99.30138383519017,0,0,0
00:57:24,99.30254492060855,0,0,0
00:57:25,99.28995160953232,0,0,0
00:57:26,99.28887983837691,0,0,0
00:57:27,99.2790552694522,0,0,0
00:57:28,99.27816212682266,0,0,0
00:57:29,99.28530726785884,0,0,0
00:57:30,99.29066612363594,0,0,0
00:57:31,99.3031701204492,0,0,0
00:57:32,99.3067426909673,0,0,0
00:57:33,99.31031526148536,0,0,0
00:57:34,99.2879866957474,0,0,0
00:57:35,99.28887983837691,0,0,0
00:57:36,99.28887983837691,0,0,0
00:57:37,99.29959754993112,0,0,0
00:57:38,99.30942211885584,0,0,0
00:57:39,99.3067426909673,0,0,0
00:57:40,99.29959754993112,0,0,0
00:57:41,99.29959754993112,0,0,0
00:57:42,99.30852897622631,0,0,0
00:57:43,99.32281925829862,0,0,0
00:57:44,99.32817811407573,0,0,0
00:57:45,99.3263918288167,0,0,0
00:57:46,99.31299468937392,0,0,0
00:57:47,99.32460554355768,0,0,0
00:57:48,99.31887156787614,0,0,0
00:57:49,99.27994841208172,0,0,0
00:57:50,99.28887983837691,0,0,0
00:57:51,99.316567259892,0,0,0
00:57:52,99.33175068459384,0,0,0
00:57:53,99.31388783200345,0,0,0
00:57:54,99.3121015467444,0,0,0
00:57:55,99.31567411726247,0,0,0
00:57:56,99.32099724733442,0,0,0
00:57:57,99.32905339385266,0,0,0
00:57:58,99.33228657017152,0,0,0
00:57:59,99.33353696985286,0,0,0
00:58:00,99.33175068459384,0,0,0
00:58:01,99.33175068459384,0,0,0
00:58:02,99.3353232551119,0,0,0
00:58:03,99.33710954037092,0,0,0
00:58:04,99.32996439933478,0,0,0
00:58:05,99.3496135371842,0,0,0
00:58:06,99.35318610770229,0,0,0
00:58:07,99.3692626750336,0,0,0
00:58:08,99.36215325970264,0,0,0
00:58:09,99.36569010451554,0,0,0
00:58:10,99.37283524555168,0,0,0
00:58:11,99.3639038192565,0,0,0
00:58:12,99.36747638977458,0,0,0
00:58:13,99.35497239296132,0,0,0
00:58:14,99.35318610770229,0,0,0
00:58:15,99.34782725192515,0,0,0
00:58:16,99.33710954037092,0,0,0
00:58:17,99.33889582562998,0,0,0
00:58:18,99.34604096666612,0,0,0
00:58:19,99.3353232551119,0,0,0
00:58:20,99.35318610770229,0,0,0
00:58:21,99.34246839614804,0,0,0
00:58:22,99.3395746140284,0,0,0
00:58:23,99.34604096666612,0,0,0
00:58:24,99.340682110889,0,0,0
00:58:25,99.32549868618716,0,0,0
00:58:26,99.316567259892,0,0,0
00:58:27,99.30495640570824,0,0,0
00:58:28,99.3031701204492,0,0,0
00:58:29,99.30138383519017,0,0,0
00:58:30,99.3263918288167,0,0,0
00:58:31,99.33710954037092,0,0,0
00:58:32,99.33710954037092,0,0,0
00:58:33,99.34604096666612,0,0,0
00:58:34,99.34604096666612,0,0,0
00:58:35,99.34246839614804,0,0,0
00:58:36,99.35497239296132,0,0,0
00:58:37,99.35375771898518,0,0,0
00:58:38,99.34425468140708,0,0,0
00:58:39,99.340682110889,0,0,0
00:58:40,99.34246839614804,0,0,0
00:58:41,99.34604096666612,0,0,0
00:58:42,99.35318610770229,0,0,0
00:58:43,99.35139982244324,0,0,0
00:58:44,99.340682110889,0,0,0
00:58:45,99.34425468140708,0,0,0
00:58:46,99.33889582562998,0,0,0
00:58:47,99.33710954037092,0,0,0
00:58:48,99.33175068459384,0,0,0
00:58:49,99.32817811407573,0,0,0
00:58:50,99.32817811407573,0,0,0
00:58:51,99.34425468140708,0,0,0
00:58:52,99.33889582562998,0,0,0
00:58:53,99.33371559837876,0,0,0
00:58:54,99.30852897622631,0,0,0
00:58:55,99.31388783200345,0,0,0
00:58:56,99.3210329730396,0,0,0
00:58:57,99.32460554355768,0,0,0
00:58:58,99.32281925829862,0,0,0
00:58:59,99.31492387745368,0,0,0
00:59:00,99.305402977023,0,0,0
00:59:01,99.3263918288167,0,0,0
00:59:02,99.35765182084988,0,0,0
00:59:03,99.40320209495536,0,0,0
00:59:04,99.44339351328372,0,0,0
00:59:05,99.45500436746744,0,0,0
00:59:06,99.43535522961804,0,0,0
00:59:07,99.42994278528312,0,0,0
00:59:08,99.4532180822084,0,0,0
00:59:09,99.4621495085036,0,0,0
00:59:10,99.48001236109398,0,0,0
00:59:11,99.4889437873892,0,0,0
00:59:12,99.50680663997954,0,0,0
00:59:13,99.4943026431663,0,0,0
00:59:14,99.51037921049765,0,0,0
00:59:15,99.5175243515338,0,0,0
00:59:16,99.48001236109398,0,0,0
00:59:17,99.48001236109398,0,0,0
00:59:18,99.49251635790723,0,0,0
00:59:19,99.4907657983534,0,0,0
00:59:20,99.47465350531688,0,0,0
00:59:21,99.49608892842532,0,0,0
00:59:22,99.50323406946148,0,0,0
00:59:23,99.5085929252386,0,0,0
00:59:24,99.50144778420244,0,0,0
00:59:25,99.50502035472051,0,0,0
00:59:26,99.4996614989434,0,0,0
00:59:27,99.5175243515338,0,0,0
00:59:28,99.5228832073109,0,0,0
00:59:29,99.51573806627476,0,0,0
00:59:30,99.52109692205188,0,0,0
00:59:31,99.528242063088,0,0,0
00:59:32,99.51395178101572,0,0,0
00:59:33,99.49251635790723,0,0,0
00:59:34,99.49608892842532,0,0,0
00:59:35,99.49251635790723,0,0,0
00:59:36,99.48537121687112,0,0,0
00:59:37,99.46750836428072,0,0,0
00:59:38,99.46750836428072,0,0,0
00:59:39,99.46036322324456,0,0,0
00:59:40,99.45500436746744,0,0,0
00:59:41,99.42553066069333,0,0,0
00:59:42,99.42106494754572,0,0,0
00:59:43,99.42106494754572,0,0,0
00:59:44,99.38176667184688,0,0,0
00:59:45,99.38353509425336,0,0,0
00:59:46,99.38355295710592,0,0,0
00:59:47,99.36747638977458,0,0,0
00:59:48,99.37819410132882,0,0,0
00:59:49,99.387125527624,0,0,0
00:59:50,99.387125527624,0,0,0
00:59:51,99.38355295710592,0,0,0
00:59:52,99.38355295710592,0,0,0
00:59:53,99.39784323917824,0,0,0
00:59:54,99.40320209495536,0,0,0
00:59:55,99.42999637384092,0,0,0
00:59:56,99.41622411449374,0,0,0
00:59:57,99.42106494754572,0,0,0
00:59:58,99.42642380332283,0,0,0
00:59:59,99.42999637384092,0,0,0
01:00:00,99.4478592264313,0,1,0
01:00:01,99.46036322324456,0,0,0
01:00:02,99.46393579376264,0,0,0
01:00:03,99.4425003706542,0,0,0
01:00:04,99.43714151487708,0,0,0
01:00:05,99.4058815228439,0,0,0
01:00:06,99.42106494754572,0,0,0
01:00:07,99.43714151487708,0,0,0
01:00:08,99.44964551169032,0,0,0
01:00:09,99.45679065272648,0,0,0
01:00:10,99.44071408539516,0,0,0
01:00:11,99.43535522961804,0,0,0
01:00:12,99.4425003706542,0,0,0
01:00:13,99.44605507831967,0,0,0
01:00:14,99.44428665591325,0,0,0
01:00:15,99.45679065272648,0,0,0
01:00:16,99.46929464953976,0,0,0
01:00:17,99.47465350531688,0,0,0
01:00:18,99.49173039239328,0,0,0
01:00:19,99.49162321527774,0,0,0
01:00:20,99.47994090968362,0,0,0
01:00:21,99.46929464953976,0,0,0
01:00:22,99.48715750213016,0,0,0
01:00:23,99.48010167535692,0,0,0
01:00:24,99.49073007264822,0,0,0
01:00:25,99.49608892842532,0,0,0
01:00:26,99.49608892842532,0,0,0
01:00:27,99.4996614989434,0,0,0
01:00:28,99.48358493161206,0,0,0
01:00:29,99.4889437873892,0,0,0
01:00:30,99.48899737594694,0,0,0
01:00:31,99.48358493161206,0,0,0
01:00:32,99.48358493161206,0,0,0
01:00:33,99.481798646353,0,0,0
01:00:34,99.47465350531688,0,0,0
01:00:35,99.4710809347988,0,0,0
01:00:36,99.47286722005784,0,0,0
01:00:37,99.481798646353,0,0,0
01:00:38,99.47822607583494,0,0,0
01:00:39,99.48358493161206,0,0,0
01:00:40,99.47643979057592,0,0,0
01:00:41,99.48269178898254,0,0,0
01:00:42,99.47465350531688,0,0,0
01:00:43,99.45857693798553,0,0,0
01:00:44,99.44428665591325,0,0,0
01:00:45,99.43178265909997,0,0,0
01:00:46,99.44071408539516,0,0,0
01:00:47,99.44607294117226,0,0,0
01:00:48,99.44071408539516,0,0,0
01:00:49,99.44428665591325,0,0,0
01:00:50,99.44071408539516,0,0,0
01:00:51,99.45500436746744,0,0,0
01:00:52,99.4478592264313,0,0,0
01:00:53,99.4192786622867,0,0,0
01:00:54,99.4054885400869,0,0,0
01:00:55,99.41391980650955,0,0,0
01:00:56,99.42999637384092,0,0,0
01:00:57,99.41304452673266,0,0,0
01:00:58,99.41304452673266,0,0,0
01:00:59,99.4246375180638,0,0,0
01:01:00,99.42017180491622,0,0,0
01:01:01,99.4049883802144,0,0,0
01:01:02,99.4103472359915,0,0,0
01:01:03,99.39248438340113,0,0,0
01:01:04,99.39784323917824,0,0,0
01:01:05,99.38980495551256,0,0,0
01:01:06,99.38980495551256,0,0,0
01:01:07,99.40856095073244,0,0,0
01:01:08,99.40906111060498,0,0,0
01:01:09,99.4157060917686,0,0,0
01:01:10,99.38355295710592,0,0,0
01:01:11,99.38533924236496,0,0,0
01:01:12,99.39962952443727,0,0,0
01:01:13,99.39427066866014,0,0,0
01:01:14,99.39784323917824,0,0,0
01:01:15,99.38891181288304,0,0,0
01:01:16,99.41749237702764,0,0,0
01:01:17,99.39427066866014,0,0,0
01:01:18,99.40677466547342,0,0,0
01:01:19,99.39248438340113,0,0,0
01:01:20,99.4103472359915,0,0,0
01:01:21,99.40856095073244,0,0,0
01:01:22,99.4246375180638,0,0,0
01:01:23,99.42106494754572,0,0,0
01:01:24,99.4157060917686,0,0,0
01:01:25,99.42285123280476,0,0,0
01:01:26,99.42474469517934,0,0,0
01:01:27,99.4082930079436,0,0,0
01:01:28,99.4103472359915,0,0,0
01:01:29,99.4103472359915,0,0,0
01:01:30,99.43178265909997,0,0,0
01:01:31,99.433568944359,0,0,0
01:01:32,99.43176479624736,0,0,0
01:01:33,99.43535522961804,0,0,0
01:01:34,99.43535522961804,0,0,0
01:01:35,99.43535522961804,0,0,0
01:01:36,99.42106494754572,0,0,0
01:01:37,99.42642380332283,0,0,0
01:01:38,99.40945409336196,0,0,0
01:01:39,99.42642380332283,0,0,0
01:01:40,99.42821008858188,0,0,0
01:01:41,99.42821008858188,0,0,0
01:01:42,99.42821008858188,0,0,0
01:01:43,99.41079380730626,0,0,0
01:01:44,99.40141580969632,0,0,0
01:01:45,99.38891181288304,0,0,0
01:01:46,99.39248438340113,0,0,0
01:01:47,99.39248438340113,0,0,0
01:01:48,99.39427066866014,0,0,0
01:01:49,99.40141580969632,0,0,0
01:01:50,99.39873638180777,0,0,0
01:01:51,99.39069809814208,0,0,0
01:01:52,99.3764078160698,0,0,0
01:01:53,99.37462153081074,0,0,0
01:01:54,99.37908724395834,0,0,0
01:01:55,99.37998038658785,0,0,0
01:01:56,99.37819410132882,0,0,0
01:01:57,99.37998038658785,0,0,0
01:01:58,99.36747638977458,0,0,0
01:01:59,99.37283524555168,0,0,0
01:02:00,99.36033124873843,0,0,0
01:02:01,99.35497239296132,0,0,0
01:02:02,99.35318610770229,0,0,0
01:02:03,99.34843458891324,0,0,0
01:02:04,99.3585449634794,0,0,0
01:02:05,99.35497239296132,0,0,0
01:02:06,99.34872039455468,0,0,0
01:02:07,99.36211753399746,0,0,0
01:02:08,99.36211753399746,0,0,0
01:02:09,99.350363776993,0,0,0
01:02:10,99.35318610770229,0,0,0
01:02:11,99.36569010451554,0,0,0
01:02:12,99.36569010451554,0,0,0
01:02:13,99.35318610770229,0,0,0
01:02:14,99.3496135371842,0,0,0
01:02:15,99.36211753399746,0,0,0
01:02:16,99.36747638977458,0,0,0
01:02:17,99.36211753399746,0,0,0
01:02:18,99.3496135371842,0,0,0
01:02:19,99.35193570802096,0,0,0
01:02:20,99.3496135371842,0,0,0
01:02:21,99.35675867822036,0,0,0
01:02:22,99.35229296507276,0,0,0
01:02:23,99.37104896029264,0,0,0
01:02:24,99.37104896029264,0,0,0
01:02:25,99.37819410132882,0,0,0
01:02:26,99.38533924236496,0,0,0
01:02:27,99.37998038658785,0,0,0
01:02:28,99.3731925026035,0,0,0
01:02:29,99.36747638977458,0,0,0
01:02:30,99.35497239296132,0,0,0
01:02:31,99.36747638977458,0,0,0
01:02:32,99.3585449634794,0,0,0
01:02:33,99.3692626750336,0,0,0
01:02:34,99.36211753399746,0,0,0
01:02:35,99.3639038192565,0,0,0
01:02:36,99.3496135371842,0,0,0
01:02:37,99.3540792503318,0,0,0
01:02:38,99.35139982244324,0,0,0
01:02:39,99.35318610770229,0,0,0
01:02:40,99.35157845096914,0,0,0
01:02:41,99.3764078160698,0,0,0
01:02:42,99.3764078160698,0,0,0
01:02:43,99.3808199406596,0,0,0
01:02:44,99.38837592730532,0,0,0
01:02:45,99.39069809814208,0,0,0
01:02:46,99.39069809814208,0,0,0
01:02:47,99.387125527624,0,0,0
01:02:48,99.39962952443727,0,0,0
01:02:49,99.39820049623005,0,0,0
01:02:50,99.37283524555168,0,0,0
01:02:51,99.37819410132882,0,0,0
01:02:52,99.37769394145629,0,0,0
01:02:53,99.37462153081074,0,0,0
01:02:54,99.37462153081074,0,0,0
01:02:55,99.39598550250884,0,0,0
01:02:56,99.40320209495536,0,0,0
01:02:57,99.40320209495536,0,0,0
01:02:58,99.39427066866014,0,0,0
01:02:59,99.39516381128966,0,0,0
01:03:00,99.38355295710592,0,0,0
01:03:01,99.37283524555168,0,0,0
01:03:02,99.36569010451554,0,0,0
01:03:03,99.36747638977458,0,0,0
01:03:04,99.36033124873843,0,0,0
01:03:05,99.3496135371842,0,0,0
01:03:06,99.32994653648218,0,0,0
01:03:07,99.3210329730396,0,0,0
01:03:08,99.31746040252152,0,0,0
01:03:09,99.32996439933478,0,0,0
01:03:10,99.3585271006268,0,0,0
01:03:11,99.36836953240407,0,0,0
01:03:12,99.35139982244324,0,0,0
01:03:13,99.33710954037092,0,0,0
01:03:14,99.33175068459384,0,0,0
01:03:15,99.32013983041008,0,0,0
01:03:16,99.31388783200345,0,0,0
01:03:17,99.313209043605,0,0,0
01:03:18,99.31924668778056,0,0,0
01:03:19,99.31388783200345,0,0,0
01:03:20,99.32996439933478,0,0,0
01:03:21,99.33175068459384,0,0,0
01:03:22,99.3477736633674,0,0,0
01:03:23,99.3496135371842,0,0,0
01:03:24,99.36033124873843,0,0,0
01:03:25,99.35675867822036,0,0,0
01:03:26,99.34782725192515,0,0,0
01:03:27,99.33710954037092,0,0,0
01:03:28,99.3353232551119,0,0,0
01:03:29,99.32817811407573,0,0,0
01:03:30,99.34425468140708,0,0,0
01:03:31,99.3263918288167,0,0,0
01:03:32,99.340682110889,0,0,0
01:03:33,99.3496135371842,0,0,0
01:03:34,99.3490597887539,0,0,0
01:03:35,99.34741640631556,0,0,0
01:03:36,99.35318610770229,0,0,0
01:03:37,99.34839886320805,0,0,0
01:03:38,99.34782725192515,0,0,0
01:03:39,99.34780938907257,0,0,0
01:03:40,99.34782725192515,0,0,0
01:03:41,99.340682110889,0,0,0
01:03:42,99.30852897622631,0,0,0
01:03:43,99.29602497941303,0,0,0
01:03:44,99.29423869415402,0,0,0
01:03:45,99.29423869415402,0,0,0
01:03:46,99.29959754993112,0,0,0
01:03:47,99.30431334301498,0,0,0
01:03:48,99.30497426856084,0,0,0
01:03:49,99.30495640570824,0,0,0
01:03:50,99.29957968707856,0,0,0
01:03:51,99.30459914865644,0,0,0
01:03:52,99.29691812204256,0,0,0
01:03:53,99.292452408895,0,0,0
01:03:54,99.29959754993112,0,0,0
01:03:55,99.3031701204492,0,0,0
01:03:56,99.32460554355768,0,0,0
01:03:57,99.31924668778056,0,0,0
01:03:58,99.32281925829862,0,0,0
01:03:59,99.33710954037092,0,0,0
01:04:00,99.35139982244324,0,0,0
01:04:01,99.3639038192565,0,0,0
01:04:02,99.35139982244324,0,0,0
01:04:03,99.33889582562998,0,0,0
01:04:04,99.3585449634794,0,0,0
01:04:05,99.34782725192515,0,0,0
01:04:06,99.33889582562998,0,0,0
01:04:07,99.3210329730396,0,0,0
01:04:08,99.30495640570824,0,0,0
01:04:09,99.32817811407573,0,0,0
01:04:10,99.3210329730396,0,0,0
01:04:11,99.32281925829862,0,0,0
01:04:12,99.3263918288167,0,0,0
01:04:13,99.31746040252152,0,0,0
01:04:14,99.31746040252152,0,0,0
01:04:15,99.31924668778056,0,0,0
01:04:16,99.31031526148536,0,0,0
01:04:17,99.29070184934112,0,0,0
01:04:18,99.28887983837691,0,0,0
01:04:19,99.28173469734074,0,0,0
01:04:20,99.28887983837691,0,0,0
01:04:21,99.292452408895,0,0,0
01:04:22,99.27994841208172,0,0,0
01:04:23,99.27816212682266,0,0,0
01:04:24,99.29423869415402,0,0,0
01:04:25,99.30852897622631,0,0,0
01:04:26,99.30493854285564,0,0,0
01:04:27,99.3031701204492,0,0,0
01:04:28,99.3121015467444,0,0,0
01:04:29,99.31567411726247,0,0,0
01:04:30,99.31924668778056,0,0,0
01:04:31,99.3221404699002,0,0,0
01:04:32,99.32728497144622,0,0,0
01:04:33,99.32460554355768,0,0,0
01:04:34,99.33353696985286,0,0,0
01:04:35,99.33710954037092,0,0,0
01:04:36,99.33175068459384,0,0,0
01:04:37,99.31924668778056,0,0,0
01:04:38,99.31120840411488,0,0,0
01:04:39,99.31388783200345,0,0,0
01:04:40,99.31388783200345,0,0,0
01:04:41,99.3067426909673,0,0,0
01:04:42,99.31031526148536,0,0,0
01:04:43,99.3210329730396,0,0,0
01:04:44,99.31388783200345,0,0,0
01:04:45,99.30495640570824,0,0,0
01:04:46,99.3067426909673,0,0,0
01:04:47,99.30406326307872,0,0,0
01:04:48,99.29959754993112,0,0,0
01:04:49,99.29781126467208,0,0,0
01:04:50,99.28977298100642,0,0,0
01:04:51,99.29845432736536,0,0,0
01:04:52,99.3031701204492,0,0,0
01:04:53,99.29781126467208,0,0,0
01:04:54,99.292452408895,0,0,0
01:04:55,99.29781126467208,0,0,0
01:04:56,99.30495640570824,0,0,0
01:04:57,99.30495640570824,0,0,0
01:04:58,99.31746040252152,0,0,0
01:04:59,99.31388783200345,0,0,0
01:05:00,99.30138383519017,0,0,0
01:05:01,99.29422083130144,0,0,0
01:05:02,99.28709355311788,0,0,0
01:05:03,99.28353884545238,0,0,0
01:05:04,99.26923070052749,0,0,0
01:05:05,99.29423869415402,0,0,0
01:05:06,99.29781126467208,0,0,0
01:05:07,99.32817811407573,0,0,0
01:05:08,99.33353696985286,0,0,0
01:05:09,99.32817811407573,0,0,0
01:05:10,99.32594525750194,0,0,0
01:05:11,99.31867507649766,0,0,0
01:05:12,99.33353696985286,0,0,0
01:05:13,99.40672107691564,0,0,0
01:05:14,99.39200208638115,0,0,0
01:05:15,99.38891181288304,0,0,0
01:05:16,99.37998038658785,0,0,0
01:05:17,99.38891181288304,0,0,0
01:05:18,99.39784323917824,0,0,0
01:05:19,99.3585449634794,0,0,0
01:05:20,99.37104896029264,0,0,0
01:05:21,99.37998038658785,0,0,0
01:05:22,99.3821060660461,0,0,0
01:05:23,99.3639038192565,0,0,0
01:05:24,99.34604096666612,0,0,0
01:05:25,99.35318610770229,0,0,0
01:05:26,99.35675867822036,0,0,0
01:05:27,99.3496135371842,0,0,0
01:05:28,99.34782725192515,0,0,0
01:05:29,99.33889582562998,0,0,0
01:05:30,99.34604096666612,0,0,0
01:05:31,99.340682110889,0,0,0
01:05:32,99.33353696985286,0,0,0
01:05:33,99.3210329730396,0,0,0
01:05:34,99.32817811407573,0,0,0
01:05:35,99.33496599806008,0,0,0
01:05:36,99.31390569485605,0,0,0
01:05:37,99.30852897622631,0,0,0
01:05:38,99.31746040252152,0,0,0
01:05:39,99.3263918288167,0,0,0
01:05:40,99.31031526148536,0,0,0
01:05:41,99.30138383519017,0,0,0
01:05:42,99.30495640570824,0,0,0
01:05:43,99.28887983837691,0,0,0
01:05:44,99.27637584156363,0,0,0
01:05:45,99.27101698578652,0,0,0
01:05:46,99.2745895563046,0,0,0
01:05:47,99.27726898419316,0,0,0
01:05:48,99.2745895563046,0,0,0
01:05:49,99.27101698578652,0,0,0
01:05:50,99.25315413319612,0,0,0
01:05:51,99.26387184475038,0,0,0
01:05:52,99.26029927423228,0,0,0
01:05:53,99.2656581300094,0,0,0
01:05:54,99.26923070052749,0,0,0
01:05:55,99.29423869415402,0,0,0
01:05:56,99.28530726785884,0,0,0
01:05:57,99.29607856797084,0,0,0
01:05:58,99.3137627920353,0,0,0
01:05:59,99.31388783200345,0,0,0
01:06:00,99.31567411726247,0,0,0
01:06:01,99.32281925829862,0,0,0
01:06:02,99.31388783200345,0,0,0
01:06:03,99.32460554355768,0,0,0
01:06:04,99.324373326474,0,0,0
01:06:05,99.3263918288167,0,0,0
01:06:06,99.31567411726247,0,0,0
01:06:07,99.30852897622631,0,0,0
01:06:08,99.30584954833776,0,0,0
01:06:09,99.28352098259978,0,0,0
01:06:10,99.27728684704572,0,0,0
01:06:11,99.28009131490244,0,0,0
01:06:12,99.25851298897324,0,0,0
01:06:13,99.2513678479371,0,0,0
01:06:14,99.2513678479371,0,0,0
01:06:15,99.2513678479371,0,0,0
01:06:16,99.2513678479371,0,0,0
01:06:17,99.2495101112677,0,0,0
01:06:18,99.21742842801538,0,0,0
01:06:19,99.21028328697922,0,0,0
01:06:20,99.22098313568084,0,0,0
01:06:21,99.2281461395696,0,0,0
01:06:22,99.23350499534672,0,0,0
01:06:23,99.23171871008768,0,0,0
01:06:24,99.22457356905151,0,0,0
01:06:25,99.22457356905151,0,0,0
01:06:26,99.22100099853346,0,0,0
01:06:27,99.22457356905151,0,0,0
01:06:28,99.19456397669968,0,0,0
01:06:29,99.17455758179848,0,0,0
01:06:30,99.1441907323948,0,0,0
01:06:31,99.13204399263336,0,0,0
01:06:32,99.11739645350924,0,0,0
01:06:33,99.12096902402732,0,0,0
01:06:34,99.1299183131751,0,0,0
01:06:35,99.13525930609964,0,0,0
01:06:36,99.13079359295205,0,0,0
01:06:37,99.13525930609964,0,0,0
01:06:38,99.15312215869,0,0,0
01:06:39,99.13525930609964,0,0,0
01:06:40,99.1441907323948,0,0,0
01:06:41,99.14776330291288,0,0,0
01:06:42,99.16026729972616,0,0,0
01:06:43,99.15937415709664,0,0,0
01:06:44,99.1609460881246,0,0,0
01:06:45,99.1620535849852,0,0,0
01:06:46,99.17277129653944,0,0,0
01:06:47,99.16116044235568,0,0,0
01:06:48,99.15044273080146,0,0,0
01:06:49,99.15451546119206,0,0,0
01:06:50,99.14061816187672,0,0,0
01:06:51,99.1430653726816,0,0,0
01:06:52,99.15133587343098,0,0,0
01:06:53,99.1620535849852,0,0,0
01:06:54,99.15669472920808,0,0,0
01:06:55,99.16919872602134,0,0,0
01:06:56,99.15133587343098,0,0,0
01:06:57,99.1620535849852,0,0,0
01:06:58,99.15848101446711,0,0,0
01:06:59,99.13704559135866,0,0,0
01:07:00,99.13525930609964,0,0,0
01:07:01,99.143833475343,0,0,0
01:07:02,99.14597701765383,0,0,0
01:07:03,99.15669472920808,0,0,0
01:07:04,99.15848101446711,0,0,0
01:07:05,99.1620535849852,0,0,0
01:07:06,99.13615244872916,0,0,0
01:07:07,99.1441907323948,0,0,0
01:07:08,99.1388318766177,0,0,0
01:07:09,99.14061816187672,0,0,0
01:07:10,99.14061816187672,0,0,0
01:07:11,99.12639933121478,0,0,0
01:07:12,99.11739645350924,0,0,0
01:07:13,99.12632787980442,0,0,0
01:07:14,99.12632787980442,0,0,0
01:07:15,99.11269852327796,0,0,0
01:07:16,99.11269852327796,0,0,0
01:07:17,99.08167074832846,0,0,0
01:07:18,99.09238845988271,0,0,0
01:07:19,99.09417474514174,0,0,0
01:07:20,99.09417474514174,0,0,0
01:07:21,99.08345703358752,0,0,0
01:07:22,99.08881588936464,0,0,0
01:07:23,99.09060217462368,0,0,0
01:07:24,99.08613646147607,0,0,0
01:07:25,99.0780981778104,0,0,0
01:07:26,99.0691667515152,0,0,0
01:07:27,99.07273932203329,0,0,0
01:07:28,99.06738046625618,0,0,0
01:07:29,99.0870296041056,0,0,0
01:07:30,99.08345703358752,0,0,0
01:07:31,99.09238845988271,0,0,0
01:07:32,99.09774731565982,0,0,0
01:07:33,99.09953360091885,0,0,0
01:07:34,99.0870296041056,0,0,0
01:07:35,99.09417474514174,0,0,0
01:07:36,99.10667874195502,0,0,0
01:07:37,99.10131988617788,0,0,0
01:07:38,99.08435017621704,0,0,0
01:07:39,99.0870296041056,0,0,0
01:07:40,99.09772945280724,0,0,0
01:07:41,99.09474635642464,0,0,0
01:07:42,99.08524331884657,0,0,0
01:07:43,99.08345703358752,0,0,0
01:07:44,99.0780981778104,0,0,0
01:07:45,99.08345703358752,0,0,0
01:07:46,99.0870296041056,0,0,0
01:07:47,99.0870296041056,0,0,0
01:07:48,99.08167074832846,0,0,0
01:07:49,99.07827680633628,0,0,0
01:07:50,99.10131988617788,0,0,0
01:07:51,99.09067362603405,0,0,0
01:07:52,99.0968541730303,0,0,0
01:07:53,99.09238845988271,0,0,0
01:07:54,99.08524331884657,0,0,0
01:07:55,99.0870296041056,0,0,0
01:07:56,99.09953360091885,0,0,0
01:07:57,99.09953360091885,0,0,0
01:07:58,99.08704746695818,0,0,0
01:07:59,99.08167074832846,0,0,0
01:08:00,99.09417474514174,0,0,0
01:08:01,99.11382388299116,0,0,0
01:08:02,99.12632787980442,0,0,0
01:08:03,99.1156101682502,0,0,0
01:08:04,99.12811416506348,0,0,0
01:08:05,99.12632787980442,0,0,0
01:08:06,99.12096902402732,0,0,0
01:08:07,99.12811416506348,0,0,0
01:08:08,99.13704559135866,0,0,0
01:08:09,99.14776330291288,0,0,0
01:08:10,99.15312215869,0,0,0
01:08:11,99.1388318766177,0,0,0
01:08:12,99.13704559135866,0,0,0
01:08:13,99.1388318766177,0,0,0
01:08:14,99.1156101682502,0,0,0
01:08:15,99.10846502721404,0,0,0
01:08:16,99.10846502721404,0,0,0
01:08:17,99.1388318766177,0,0,0
01:08:18,99.1388318766177,0,0,0
01:08:19,99.13347302084058,0,0,0
01:08:20,99.13166887272897,0,0,0
01:08:21,99.13347302084058,0,0,0
01:08:22,99.12632787980442,0,0,0
01:08:23,99.12632787980442,0,0,0
01:08:24,99.12632787980442,0,0,0
01:08:25,99.10310617143692,0,0,0
01:08:26,99.10310617143692,0,0,0
01:08:27,99.10357060560428,0,0,0
01:08:28,99.09953360091885,0,0,0
01:08:29,99.09774731565982,0,0,0
01:08:30,99.07273932203329,0,0,0
01:08:31,99.06112846784954,0,0,0
01:08:32,99.06738046625618,0,0,0
01:08:33,99.03522733159348,0,0,0
01:08:34,99.03076161844588,0,0,1
01:08:35,99.02272333478022,0,0,0
01:08:36,99.02808219055731,0,0,0
01:08:37,99.04773132840675,0,0,0
01:08:38,99.04415875788868,0,0,0
01:08:39,99.03701361685252,0,0,0
01:08:40,99.04147933000012,0,0,0
01:08:41,99.05130389892484,0,0,0
01:08:42,99.0548764694429,0,0,0
01:08:43,99.06023532522,0,0,0
01:08:44,99.07631189255136,0,0,0
01:08:45,99.06559418099714,0,0,0
01:08:46,99.06470103836762,0,0,0
01:08:47,99.06470103836762,0,0,0
01:08:48,99.05862766848688,0,0,0
01:08:49,99.06559418099714,0,0,0
01:08:50,99.06023532522,0,0,0
01:08:51,99.06023532522,0,0,0
01:08:52,99.05927073118016,0,0,0
01:08:53,99.06380789573812,0,0,0
01:08:54,99.06202161047906,0,0,0
01:08:55,99.07206053363484,0,0,0
01:08:56,99.07720503518088,0,0,0
01:08:57,99.07984873736426,0,0,0
01:08:58,99.09060217462368,0,0,0
01:08:59,99.09060217462368,0,0,0
01:09:00,99.12179071524646,0,0,0
01:09:01,99.11737859065666,0,0,0
01:09:02,99.1245415945454,0,0,0
01:09:03,99.1245237316928,0,0,0
01:09:04,99.1319546783704,0,0,0
01:09:05,99.13704559135866,0,0,0
01:09:06,99.12275530928636,0,0,0
01:09:07,99.13218689545408,0,0,0
01:09:08,99.1566768663555,0,0,0
01:09:09,99.15669472920808,0,0,0
01:09:10,99.15848101446711,0,0,0
01:09:11,99.16024943687356,0,0,0
01:09:12,99.15669472920808,0,0,0
01:09:13,99.1431189612394,0,0,0
01:09:14,99.15312215869,0,0,0
01:09:15,99.16383987024425,0,0,0
01:09:16,99.18348900809364,0,0,0
01:09:17,99.17634386705753,0,0,0
01:09:18,99.15669472920808,0,0,0
01:09:19,99.14240444713576,0,0,0
01:09:20,99.1245415945454,0,0,0
01:09:21,99.1174321792144,0,0,0
01:09:22,99.11382388299116,0,0,0
01:09:23,99.11739645350924,0,0,0
01:09:24,99.1102513124731,0,0,0
01:09:25,99.12096902402732,0,0,0
01:09:26,99.12811416506348,0,0,0
01:09:27,99.12811416506348,0,0,0
01:09:28,99.12811416506348,0,0,0
01:09:29,99.12468449736612,0,0,0
01:09:30,99.1245415945454,0,0,0
01:09:31,99.11739645350924,0,0,0
01:09:32,99.0959610304008,0,0,0
01:09:33,99.09060217462368,0,0,0
01:09:34,99.07636548110914,0,0,0
01:09:35,99.07452560729232,0,0,0
01:09:36,99.09238845988271,0,0,0
01:09:37,99.09774731565982,0,0,0
01:09:38,99.0959610304008,0,0,0
01:09:39,99.10131988617788,0,0,0
01:09:40,99.12096902402732,0,0,0
01:09:41,99.12096902402732,0,0,0
01:09:42,99.12096902402732,0,0,0
01:09:43,99.0959610304008,0,0,0
01:09:44,99.08435017621704,0,0,0
01:09:45,99.09060217462368,0,0,0
01:09:46,99.08435017621704,0,0,0
01:09:47,99.07988446306943,0,0,0
01:09:48,99.0870296041056,0,0,0
01:09:49,99.08651158138046,0,0,0
01:09:50,99.08167074832846,0,0,0
01:09:51,99.09238845988271,0,0,0
01:09:52,99.09774731565982,0,0,0
01:09:53,99.09774731565982,0,0,0
01:09:54,99.0870296041056,0,0,0
01:09:55,99.09953360091885,0,0,0
01:09:56,99.09417474514174,0,0,0
01:09:57,99.10310617143692,0,0,0
01:09:58,99.08883375221724,0,0,0
01:09:59,99.0959610304008,0,0,0
01:10:00,99.07220343645557,0,0,0
01:10:01,99.07988446306943,0,0,0
01:10:02,99.07631189255136,0,0,0
01:10:03,99.08168861118108,0,0,0
01:10:04,99.06559418099714,0,0,0
01:10:05,99.0548764694429,0,0,0
01:10:06,99.04147933000012,0,0,0
01:10:07,99.0173644790031,0,0,0
01:10:08,99.00486048218984,0,0,0
01:10:09,98.9977153411537,0,0,0
01:10:10,98.98342505908138,0,0,0
01:10:11,98.99414277063562,0,0,0
01:10:12,99.0030741969308,0,0,0
01:10:13,99.02272333478022,0,0,0
01:10:14,99.01825762163264,0,0,0
01:10:15,99.01915076426216,0,0,0
01:10:16,99.00450322513804,0,0,0
01:10:17,99.01631057070028,0,0,0
01:10:18,99.01111248059648,0,0,0
01:10:19,99.00128791167177,0,0,0
01:10:20,99.00128791167177,0,0,0
01:10:21,99.01021933796694,0,0,0
01:10:22,99.00843305270791,0,0,0
01:10:23,99.01556033089147,0,0,0
01:10:24,99.02808219055731,0,0,0
01:10:25,99.0316547610754,0,0,0
01:10:26,99.03344104633445,0,0,0
01:10:27,99.0316547610754,0,0,0
01:10:28,99.00128791167177,0,0,0
01:10:29,98.9977153411537,0,0,0
01:10:30,99.01379190848502,0,0,0
01:10:31,99.01379190848502,0,0,0
01:10:32,98.9911953999582,0,0,0
01:10:33,98.99235648537656,0,0,0
01:10:34,98.97985248856332,0,0,0
01:10:35,98.98342505908138,0,0,0
01:10:36,98.97985248856332,0,0,0
01:10:37,98.98699762959944,0,0,0
01:10:38,98.97985248856332,0,0,0
01:10:39,98.98342505908138,0,0,0
01:10:40,98.97985248856332,0,0,0
01:10:41,98.99592905589463,0,0,0
01:10:42,98.99591119304203,0,0,0
01:10:43,98.9936068850579,0,0,0
01:10:44,98.98699762959944,0,0,0
01:10:45,99.00486048218984,0,0,0
01:10:46,98.9977153411537,0,0,0
01:10:47,98.99414277063562,0,0,0
01:10:48,98.98699762959944,0,0,0
01:10:49,98.99414277063562,0,0,0
01:10:50,99.01021933796694,0,0,0
01:10:51,99.01557819374403,0,0,0
01:10:52,99.01379190848502,0,0,0
01:10:53,98.99012362880278,0,0,0
01:10:54,98.99592905589463,0,0,0
01:10:55,99.00039476904225,0,0,0
01:10:56,98.99385696499417,0,0,0
01:10:57,99.0030741969308,0,0,0
01:10:58,98.99885856371948,0,0,0
01:10:59,98.97806620330428,0,0,0
01:11:00,98.96913477700906,0,0,0
01:11:01,98.98342505908138,0,0,0
01:11:02,98.98697976674688,0,0,0
01:11:03,98.99057020011752,0,0,0
01:11:04,98.9977153411537,0,0,0
01:11:05,98.97627991804524,0,0,0
01:11:06,98.98699762959944,0,0,0
01:11:07,98.99058806297012,0,0,0
01:11:08,99.00128791167177,0,0,0
01:11:09,98.9977153411537,0,0,0
01:11:10,98.99950162641272,0,0,0
01:11:11,99.00664676744888,0,0,0
01:11:12,99.0073255558473,0,0,0
01:11:13,99.0262959052983,0,0,0
01:11:14,99.03342318348186,0,0,0
01:11:15,99.0316547610754,0,0,0
01:11:16,99.02808219055731,0,0,0
01:11:17,99.02093704952118,0,0,0
01:11:18,99.01915076426216,0,0,0
01:11:19,99.02450962003924,0,0,0
01:11:20,99.02272333478022,0,0,0
01:11:21,99.02808219055731,0,0,0
01:11:22,99.0173644790031,0,0,0
01:11:23,99.01111248059648,0,0,0
01:11:24,98.98878391485847,0,0,0
01:11:25,98.98342505908138,0,0,0
01:11:26,98.99414277063562,0,0,0
01:11:27,98.99414277063562,0,0,0
01:11:28,99.01021933796694,0,0,0
01:11:29,99.00486048218984,0,0,0
01:11:30,98.99592905589463,0,0,0
01:11:31,98.9852113443404,0,0,0
01:11:32,98.9977153411537,0,0,0
01:11:33,98.99592905589463,0,0,0
01:11:34,98.98878391485847,0,0,0
01:11:35,98.99235648537656,0,0,0
01:11:36,98.99596478159982,0,0,0
01:11:37,98.99596478159982,0,0,0
01:11:38,98.99592905589463,0,0,0
01:11:39,98.99505377611771,0,0,0
01:11:40,98.99146334274704,0,0,0
01:11:41,98.99950162641272,0,0,0
01:11:42,99.01021933796694,0,0,0
01:11:43,99.01915076426216,0,0,0
01:11:44,99.0262959052983,0,0,0
01:11:45,99.02434885436594,0,0,0
01:11:46,99.02718904792782,0,0,0
01:11:47,99.02272333478022,0,0,0
01:11:48,99.0173644790031,0,0,0
01:11:49,99.02450962003924,0,0,0
01:11:50,99.01915076426216,0,0,0
01:11:51,99.02272333478022,0,0,0
01:11:52,99.01915076426216,0,0,0
01:11:53,99.02272333478022,0,0,0
01:11:54,99.02093704952118,0,0,0
01:11:55,99.02808219055731,0,0,0
01:11:56,99.02693896799155,0,0,0
01:11:57,99.02272333478022,0,0,0
01:11:58,99.0262959052983,0,0,0
01:11:59,99.01559605659666,0,0,0
01:12:00,99.02450962003924,0,0,0
01:12:01,99.03879990211158,0,0,0
01:12:02,99.04237247262964,0,0,0
01:12:03,99.03522733159348,0,0,0
01:12:04,99.05309018418386,0,0,0
01:12:05,99.03879990211158,0,0,0
01:12:06,99.0253670369636,0,0,0
01:12:07,99.03076161844588,0,0,0
01:12:08,99.03701361685252,0,0,0
01:12:09,99.02450962003924,0,0,0
01:12:10,99.02450962003924,0,0,0
01:12:11,99.00843305270791,0,0,0
01:12:12,99.012005623226,0,0,0
01:12:13,99.02272333478022,0,0,0
01:12:14,99.02808219055731,0,0,0
01:12:15,99.0262959052983,0,0,0
01:12:16,99.03342318348186,0,0,0
01:12:17,99.03522733159348,0,0,0
01:12:18,99.03701361685252,0,0,0
01:12:19,99.0780981778104,0,0,0
01:12:20,99.06380789573812,0,0,0
01:12:21,99.06738046625618,0,0,0
01:12:22,99.07095303677424,0,0,0
01:12:23,99.05666275470192,0,0,0
01:12:24,99.0645224098417,0,0,0
01:12:25,99.06738046625618,0,0,0
01:12:26,99.05130389892484,0,0,0
01:12:27,99.07095303677424,0,0,0
01:12:28,99.08524331884657,0,0,0
01:12:29,99.08524331884657,0,0,0
01:12:30,99.0673626034036,0,0,0
01:12:31,99.06559418099714,0,0,0
01:12:32,99.05309018418386,0,0,0
01:12:33,99.1156101682502,0,0,0
01:12:34,99.12990045032252,0,0,0
01:12:35,99.1388318766177,0,0,0
01:12:36,99.14061816187672,0,0,0
01:12:37,99.1388318766177,0,0,0
01:12:38,99.14776330291288,0,0,0
01:12:39,99.16383987024425,0,0,0
01:12:40,99.14776330291288,0,0,0
01:12:41,99.15133587343098,0,0,0
01:12:42,99.12990045032252,0,0,0
01:12:43,99.14061816187672,0,0,0
01:12:44,99.16321467040356,0,0,0
01:12:45,99.1674124407623,0,0,0
01:12:46,99.17177097679436,0,0,0
01:12:47,99.14990684522374,0,0,0
01:12:48,99.16562615550326,0,0,0
01:12:49,99.15669472920808,0,0,0
01:12:50,99.15133587343098,0,0,0
01:12:51,99.16562615550326,0,0,0
01:12:52,99.1799164375756,0,0,0
01:12:53,99.17377161628448,0,0,0
01:12:54,99.16026729972616,0,0,0
01:12:55,99.17277129653944,0,0,0
01:12:56,99.20135186068404,0,0,0
01:12:57,99.208854258772,0,0,0
01:12:58,99.20313814594309,0,0,0
01:12:59,99.1952784908033,0,0,0
01:13:00,99.20063734658042,0,0,0
01:13:01,99.20135186068404,0,0,0
01:13:02,99.199565575425,0,0,0
01:13:03,99.1906341491298,0,0,0
01:13:04,99.20492443120212,0,0,0
01:13:05,99.21028328697922,0,0,0
01:13:06,99.21564214275632,0,0,0
01:13:07,99.2513678479371,0,0,0
01:13:08,99.2656581300094,0,0,0
01:13:09,99.26742655241588,0,0,0
01:13:10,99.25851298897324,0,0,0
01:13:11,99.25315413319612,0,0,0
01:13:12,99.2656581300094,0,0,0
01:13:13,99.26744441526844,0,0,0
01:13:14,99.28530726785884,0,0,0
01:13:15,99.28491428510183,0,0,0
01:13:16,99.28173469734074,0,0,0
01:13:17,99.27816212682266,0,0,0
01:13:18,99.26387184475038,0,0,0
01:13:19,99.24243642164193,0,0,0
01:13:20,99.26297870212086,0,0,0
01:13:21,99.25315413319612,0,0,0
01:13:22,99.24065013638288,0,0,0
01:13:23,99.24422270690096,0,0,0
01:13:24,99.23171871008768,0,0,0
01:13:25,99.24065013638288,0,0,0
01:13:26,99.24868842004857,0,0,0
01:13:27,99.23350499534672,0,0,0
01:13:28,99.22457356905151,0,0,0
01:13:29,99.23173657294026,0,0,0
01:13:30,99.22180482690004,0,0,0
01:13:31,99.2138558574973,0,0,0
01:13:32,99.19777929016595,0,0,0
01:13:33,99.20063734658042,0,0,0
01:13:34,99.19420671964788,0,0,0
01:13:35,99.18884786387076,0,0,0
01:13:36,99.19777929016595,0,0,0
01:13:37,99.1906341491298,0,0,0
01:13:38,99.19242043438884,0,0,0
01:13:39,99.1906341491298,0,0,0
01:13:40,99.19242043438884,0,0,0
01:13:41,99.19242043438884,0,0,0
01:13:42,99.19331357701836,0,0,0
01:13:43,99.16919872602134,0,0,0
01:13:44,99.17457544465104,0,0,0
01:13:45,99.18527529335267,0,0,0
01:13:46,99.18348900809364,0,0,0
01:13:47,99.16562615550326,0,0,0
01:13:48,99.1575878718376,0,0,0
01:13:49,99.1674124407623,0,0,0
01:13:50,99.1709671484278,0,0,0
01:13:51,99.16562615550326,0,0,0
01:13:52,99.16919872602134,0,0,0
01:13:53,99.16919872602134,0,0,0
01:13:54,99.18749028707389,0,0,0
01:13:55,99.19242043438884,0,0,0
01:13:56,99.20135186068404,0,0,0
01:13:57,99.1906341491298,0,0,0
01:13:58,99.18348900809364,0,0,0
01:13:59,99.1861684359822,0,0,0
01:14:00,99.18732952140056,0,0,0
01:14:01,99.17634386705753,0,0,0
01:14:02,99.17634386705753,0,0,0
01:14:03,99.1906341491298,0,0,0
01:14:04,99.17636172991008,0,0,0
01:14:05,99.17366443916896,0,0,0
01:14:06,99.17366443916896,0,0,0
01:14:07,99.17098501128038,0,0,0
01:14:08,99.14242230998836,0,0,0
01:14:09,99.1799164375756,0,0,0
01:14:10,99.18706157861172,0,0,0
01:14:11,99.19599300490692,0,0,0
01:14:12,99.18884786387076,0,0,0
01:14:13,99.19242043438884,0,0,0
01:14:14,99.19242043438884,0,0,0
01:14:15,99.18884786387076,0,0,0
01:14:16,99.19242043438884,0,0,0
01:14:17,99.1906341491298,0,0,0
01:14:18,99.22993242482865,0,0,0
01:14:19,99.21028328697922,0,0,0
01:14:20,99.22457356905151,0,0,0
01:14:21,99.25494041845518,0,0,0
01:14:22,99.24600899216,0,0,0
01:14:23,99.24600899216,0,0,0
01:14:24,99.24958156267806,0,0,0
01:14:25,99.24422270690096,0,0,0
01:14:26,99.23314773829492,0,0,0
01:14:27,99.21655314823846,0,0,0
01:14:28,99.21742842801538,0,0,0
01:14:29,99.23618442323529,0,0,0
01:14:30,99.2424542844945,0,0,0
01:14:31,99.2567267037142,0,0,0
01:14:32,99.25761984634372,0,0,0
01:14:33,99.2549225556026,0,0,0
01:14:34,99.2567267037142,0,0,0
01:14:35,99.23350499534672,0,0,0
01:14:36,99.23171871008768,0,0,0
01:14:37,99.22228712391995,0,0,0
01:14:38,99.19820799862812,0,0,0
01:14:39,99.2084970017202,0,0,0
01:14:40,99.24243642164193,0,0,0
01:14:41,99.25315413319612,0,0,0
01:14:42,99.27101698578652,0,0,0
01:14:43,99.27814426397008,0,0,0
01:14:44,99.27816212682266,0,0,0
01:14:45,99.28173469734074,0,0,0
01:14:46,99.29700743630552,0,0,0
01:14:47,99.29423869415402,0,0,0
01:14:48,99.29423869415402,0,0,0
01:14:49,99.29781126467208,0,0,0
01:14:50,99.28709355311788,0,0,0
01:14:51,99.29959754993112,0,0,0
01:14:52,99.3031701204492,0,0,0
01:14:53,99.30852897622631,0,0,0
01:14:54,99.30495640570824,0,0,0
01:14:55,99.29602497941303,0,0,0
01:14:56,99.28711141597046,0,0,0
01:14:57,99.2879866957474,0,0,0
01:14:58,99.28173469734074,0,0,0
01:14:59,99.26923070052749,0,0,0
01:15:00,99.26029927423228,0,0,0
01:15:01,99.28173469734074,0,0,0
01:15:02,99.26923070052749,0,0,0
01:15:03,99.2513678479371,0,0,0
01:15:04,99.2513678479371,0,0,0
01:15:05,99.24422270690096,0,0,0
01:15:06,99.2567267037142,0,0,0
01:15:07,99.26387184475038,0,0,0
01:15:08,99.26387184475038,0,0,0
01:15:09,99.2604779027582,0,0,0
01:15:10,99.25851298897324,0,0,0
01:15:11,99.24958156267806,0,0,0
01:15:12,99.2379707084943,0,0,0
01:15:13,99.28530726785884,0,0,0
01:15:14,99.24065013638288,0,0,0
01:15:15,99.24958156267806,0,0,0
01:15:16,99.24243642164193,0,0,0
01:15:17,99.24422270690096,0,0,0
01:15:18,99.27487536194604,0,0,0
01:15:19,99.28887983837691,0,0,0
01:15:20,99.27637584156363,0,0,0
01:15:21,99.2745895563046,0,0,0
01:15:22,99.28525367930106,0,0,0
01:15:23,99.28352098259978,0,0,0
01:15:24,99.29066612363594,0,0,0
01:15:25,99.31567411726247,0,0,0
01:15:26,99.3263918288167,0,0,0
01:15:27,99.31388783200345,0,0,0
01:15:28,99.29423869415402,0,0,0
01:15:29,99.30495640570824,0,0,0
01:15:30,99.30227697781967,0,0,0
01:15:31,99.28530726785884,0,0,0
01:15:32,99.29959754993112,0,0,0
01:15:33,99.29064826078336,0,0,0
01:15:34,99.28352098259978,0,0,0
01:15:35,99.29602497941303,0,0,0
01:15:36,99.29066612363594,0,0,0
01:15:37,99.28352098259978,0,0,0
01:15:38,99.28352098259978,0,0,0
01:15:39,99.30495640570824,0,0,0
01:15:40,99.29066612363594,0,0,0
01:15:41,99.27994841208172,0,0,0
01:15:42,99.28173469734074,0,0,0
01:15:43,99.28352098259978,0,0,0
01:15:44,99.28173469734074,0,0,0
01:15:45,99.29957968707856,0,0,0
01:15:46,99.29066612363594,0,0,0
01:15:47,99.28530726785884,0,0,0
01:15:48,99.30138383519017,0,0,0
01:15:49,99.29959754993112,0,0,0
01:15:50,99.28173469734074,0,0,0
01:15:51,99.27101698578652,0,0,0
01:15:52,99.26387184475038,0,0,0
01:15:53,99.28173469734074,0,0,0
01:15:54,99.26923070052749,0,0,0
01:15:55,99.26923070052749,0,0,0
01:15:56,99.26744441526844,0,0,0
01:15:57,99.24690213478952,0,0,0
01:15:58,99.26208555949134,0,0,0
01:15:59,99.2745895563046,0,0,0
01:16:00,99.26744441526844,0,0,0
01:16:01,99.25851298897324,0,0,0
01:16:02,99.2281640024222,0,0,0
01:16:03,99.20671071646116,0,0,0
01:16:04,99.20669285360856,0,0,0
01:16:05,99.21742842801538,0,0,0
01:16:06,99.2138737203499,0,0,0
01:16:07,99.21921471327444,0,0,0
01:16:08,99.22993242482865,0,0,0
01:16:09,99.22100099853346,0,0,0
01:16:10,99.21653528538585,0,0,0
01:16:11,99.21206957223824,0,0,0
01:16:12,99.20313814594309,0,0,0
01:16:13,99.21206957223824,0,0,0
01:16:14,99.19331357701836,0,0,0
01:16:15,99.19599300490692,0,0,0
01:16:16,99.21028328697922,0,0,0
01:16:17,99.20547817963242,0,0,0
01:16:18,99.20671071646116,0,0,0
01:16:19,99.22100099853346,0,0,0
01:16:20,99.23439813797624,0,0,0
01:16:21,99.24065013638288,0,0,0
01:16:22,99.23171871008768,0,0,0
01:16:23,99.21564214275632,0,0,0
01:16:24,99.20313814594309,0,0,0
01:16:25,99.19777929016595,0,0,0
01:16:26,99.2138558574973,0,0,0
01:16:27,99.199565575425,0,0,0
01:16:28,99.22457356905151,0,0,0
01:16:29,99.22635985431056,0,0,0
01:16:30,99.21028328697922,0,0,0
01:16:31,99.1817027228346,0,0,0
01:16:32,99.19242043438884,0,0,0
01:16:33,99.18975886935289,0,0,0
01:16:34,99.199565575425,0,0,0
01:16:35,99.20313814594309,0,0,0
01:16:36,99.20313814594309,0,0,0
01:16:37,99.20045871805452,0,0,0
01:16:38,99.19331357701836,0,0,0
01:16:39,99.20060162087525,0,0,0
01:16:40,99.20313814594309,0,0,0
01:16:41,99.19599300490692,0,0,0
01:16:42,99.19779715301856,0,0,0
01:16:43,99.20135186068404,0,0,0
01:16:44,99.20492443120212,0,0,0
01:16:45,99.21921471327444,0,0,0
01:16:46,99.22457356905151,0,0,0
01:16:47,99.21742842801538,0,0,0
01:16:48,99.2227872837925,0,0,0
01:16:49,99.22635985431056,0,0,0
01:16:50,99.21921471327444,0,0,0
01:16:51,99.21742842801538,0,0,0
01:16:52,99.2227872837925,0,0,0
01:16:53,99.24065013638288,0,0,0
01:16:54,99.23350499534672,0,0,0
01:16:55,99.2227872837925,0,0,0
01:16:56,99.22457356905151,0,0,0
01:16:57,99.24065013638288,0,0,0
01:16:58,99.22439494052564,0,0,0
01:16:59,99.22100099853346,0,0,0
01:17:00,99.22457356905151,0,0,0
01:17:01,99.2138558574973,0,0,0
01:17:02,99.21206957223824,0,0,0
01:17:03,99.21206957223824,0,0,0
01:17:04,99.20135186068404,0,0,0
01:17:05,99.19242043438884,0,0,0
01:17:06,99.1928193118872,0,0,0
01:17:07,99.22100099853346,0,0,0
01:17:08,99.2138558574973,0,0,0
01:17:09,99.23171871008768,0,0,0
01:17:10,99.21921471327444,0,0,0
01:17:11,99.21685681673247,0,0,0
01:17:12,99.21206957223824,0,0,0
01:17:13,99.21028328697922,0,0,0
01:17:14,99.2138558574973,0,0,0
01:17:15,99.20313814594309,0,0,0
01:17:16,99.20135186068404,0,0,0
01:17:17,99.1906341491298,0,0,0
01:17:18,99.18706157861172,0,0,0
01:17:19,99.21564214275632,0,0,0
01:17:20,99.2227872837925,0,0,0
01:17:21,99.23350499534672,0,0,0
01:17:22,99.22635985431056,0,0,0
01:17:23,99.24600899216,0,0,0
01:17:24,99.2370775658648,0,0,0
01:17:25,99.22653848283647,0,0,0
01:17:26,99.2370775658648,0,0,0
01:17:27,99.21742842801538,0,0,0
01:17:28,99.22457356905151,0,0,0
01:17:29,99.2138558574973,0,0,0
01:17:30,99.19777929016595,0,0,0
01:17:31,99.15848101446711,0,0,0
01:17:32,99.17455758179848,0,0,0
01:17:33,99.16919872602134,0,0,0
01:17:34,99.15705198625987,0,0,0
01:17:35,99.15669472920808,0,0,0
01:17:36,99.16026729972616,0,0,0
01:17:37,99.1388318766177,0,0,0
01:17:38,99.1388318766177,0,0,0
01:17:39,99.1388318766177,0,0,0
01:17:40,99.14954958817192,0,0,0
01:17:41,99.14240444713576,0,0,0
01:17:42,99.16383987024425,0,0,0
01:17:43,99.14240444713576,0,0,0
01:17:44,99.15490844394904,0,0,0
01:17:45,99.15490844394904,0,0,0
01:17:46,99.14597701765383,0,0,0
01:17:47,99.13168673558155,0,0,0
01:17:48,99.12096902402732,0,0,0
01:17:49,99.10757188458454,0,0,0
01:17:50,99.13525930609964,0,0,0
01:17:51,99.1674124407623,0,0,0
01:17:52,99.17277129653944,0,0,0
01:17:53,99.16919872602134,0,0,0
01:17:54,99.15312215869,0,0,0
01:17:55,99.15312215869,0,0,0
01:17:56,99.13877828805992,0,0,0
01:17:57,99.13347302084058,0,0,0
01:17:58,99.1388318766177,0,0,0
01:17:59,99.13347302084058,0,0,0
01:18:00,99.12990045032252,0,0,0
01:18:01,99.1388318766177,0,0,0
01:18:02,99.15848101446711,0,0,0
01:18:03,99.14240444713576,0,0,0
01:18:04,99.12811416506348,0,0,0
01:18:05,99.13525930609964,0,0,0
01:18:06,99.14049312190862,0,0,0
01:18:07,99.15669472920808,0,0,0
01:18:08,99.1388318766177,0,0,0
01:18:09,99.133455157988,0,0,0
01:18:10,99.13347302084058,0,0,0
01:18:11,99.1388318766177,0,0,0
01:18:12,99.13525930609964,0,0,0
01:18:13,99.13525930609964,0,0,0
01:18:14,99.14061816187672,0,0,0
01:18:15,99.1200758813978,0,0,0
01:18:16,99.11203759773213,0,0,0
01:18:17,99.10846502721404,0,0,0
01:18:18,99.11203759773213,0,0,0
01:18:19,99.10667874195502,0,0,0
01:18:20,99.09417474514174,0,0,0
01:18:21,99.10131988617788,0,0,0
01:18:22,99.08881588936464,0,0,0
01:18:23,99.10489245669596,0,0,0
01:18:24,99.10131988617788,0,0,0
01:18:25,99.09774731565982,0,0,0
01:18:26,99.09417474514174,0,0,0
01:18:27,99.06023532522,0,0,0
01:18:28,99.05666275470192,0,0,0
01:18:29,99.05844903996098,0,0,0
01:18:30,99.07093517392168,0,0,0
01:18:31,99.07273932203329,0,0,0
01:18:32,99.06738046625618,0,0,0
01:18:33,99.07452560729232,0,0,0
01:18:34,99.07631189255136,0,0,0
01:18:35,99.09060217462368,0,0,0
01:18:36,99.10846502721404,0,0,0
01:18:37,99.09774731565982,0,0,0
01:18:38,99.10489245669596,0,0,0
01:18:39,99.10489245669596,0,0,0
01:18:40,99.10131988617788,0,0,0
01:18:41,99.1156101682502,0,0,0
01:18:42,99.11918273876827,0,0,0
01:18:43,99.12990045032252,0,0,0
01:18:44,99.12104047543768,0,0,0
01:18:45,99.10489245669596,0,0,0
01:18:46,99.1156101682502,0,0,0
01:18:47,99.12364845191588,0,0,0
01:18:48,99.12632787980442,0,0,0
01:18:49,99.11741431636185,0,0,0
01:18:50,99.13168673558155,0,0,0
01:18:51,99.12632787980442,0,0,0
01:18:52,99.12275530928636,0,0,0
01:18:53,99.12632787980442,0,0,0
01:18:54,99.12096902402732,0,0,0
01:18:55,99.12096902402732,0,0,0
01:18:56,99.13168673558155,0,0,0
01:18:57,99.1245415945454,0,0,0
01:18:58,99.12632787980442,0,0,0
01:18:59,99.13704559135866,0,0,0
01:19:00,99.12811416506348,0,0,0
01:19:01,99.13168673558155,0,0,0
01:19:02,99.15669472920808,0,0,0
01:19:03,99.19777929016595,0,0,0
01:19:04,99.19242043438884,0,0,0
01:19:05,99.19331357701836,0,0,0
01:19:06,99.199565575425,0,0,0
01:19:07,99.20492443120212,0,0,0
01:19:08,99.14954958817192,0,0,0
01:19:09,99.13704559135866,0,0,0
01:19:10,99.13347302084058,0,0,0
01:19:11,99.1245237316928,0,0,0
01:19:12,99.12096902402732,0,0,0
01:19:13,99.1156101682502,0,0,0
01:19:14,99.12096902402732,0,0,0
01:19:15,99.08524331884657,0,0,0
01:19:16,99.0870296041056,0,0,0
01:19:17,99.10310617143692,0,0,0
01:19:18,99.11382388299116,0,0,0
01:19:19,99.10667874195502,0,0,0
01:19:20,99.11203759773213,0,0,0
01:19:21,99.10667874195502,0,0,0
01:19:22,99.11739645350924,0,0,0
01:19:23,99.12990045032252,0,0,0
01:19:24,99.12632787980442,0,0,0
01:19:25,99.12990045032252,0,0,0
01:19:26,99.11739645350924,0,0,0
01:19:27,99.12990045032252,0,0,0
01:19:28,99.14060029902414,0,0,0
01:19:29,99.1441907323948,0,0,0
01:19:30,99.15669472920808,0,0,0
01:19:31,99.14597701765383,0,0,0
01:19:32,99.15133587343098,0,0,0
01:19:33,99.16026729972616,0,0,0
01:19:34,99.15133587343098,0,0,0
01:19:35,99.16919872602134,0,0,0
01:19:36,99.18348900809364,0,0,0
01:19:37,99.17634386705753,0,0,0
01:19:38,99.17634386705753,0,0,0
01:19:39,99.1674124407623,0,0,0
01:19:40,99.1770762440137,0,0,0
01:19:41,99.19242043438884,0,0,0
01:19:42,99.1906341491298,0,0,0
01:19:43,99.19242043438884,0,0,0
01:19:44,99.19779715301856,0,0,0
01:19:45,99.19420671964788,0,0,0
01:19:46,99.19688614753645,0,0,0
01:19:47,99.20078024940116,0,0,0
01:19:48,99.19242043438884,0,0,0
01:19:49,99.18706157861172,0,0,0
01:19:50,99.17813015231654,0,0,0
01:19:51,99.1817027228346,0,0,0
01:19:52,99.19242043438884,0,0,0
01:19:53,99.19242043438884,0,0,0
01:19:54,99.18884786387076,0,0,0
01:19:55,99.20671071646116,0,0,0
01:19:56,99.21206957223824,0,0,0
01:19:57,99.2138558574973,0,0,0
01:19:58,99.20492443120212,0,0,0
01:19:59,99.21742842801538,0,0,0
01:20:00,99.23171871008768,0,1,0
01:20:01,99.23529128060576,0,0,0
01:20:02,99.22100099853346,0,0,0
01:20:03,99.20492443120212,0,0,0
01:20:04,99.21076558399916,0,0,0
01:20:05,99.18438215072317,0,0,0
01:20:06,99.18348900809364,0,0,0
01:20:07,99.1799164375756,0,0,0
01:20:08,99.2084970017202,0,0,0
01:20:09,99.22100099853346,0,0,0
01:20:10,99.21474900012682,0,0,0
01:20:11,99.21028328697922,0,0,0
01:20:12,99.20313814594309,0,0,0
01:20:13,99.199565575425,0,0,0
01:20:14,99.21742842801538,0,0,0
01:20:15,99.20135186068404,0,0,0
01:20:16,99.21206957223824,0,0,0
01:20:17,99.21028328697922,0,0,0
01:20:18,99.2227872837925,0,0,0
01:20:19,99.2227872837925,0,0,0
01:20:20,99.22993242482865,0,0,0
01:20:21,99.23529128060576,0,0,0
01:20:22,99.2281461395696,0,0,0
01:20:23,99.23618442323529,0,0,0
01:20:24,99.21028328697922,0,0,0
01:20:25,99.20135186068404,0,0,0
01:20:26,99.2138558574973,0,0,0
01:20:27,99.18884786387076,0,0,0
01:20:28,99.18706157861172,0,0,0
01:20:29,99.199565575425,0,0,0
01:20:30,99.17455758179848,0,0,0
01:20:31,99.19242043438884,0,0,0
01:20:32,99.19420671964788,0,0,0
01:20:33,99.19688614753645,0,0,0
01:20:34,99.21742842801538,0,0,0
01:20:35,99.23886385112382,0,0,0
01:20:36,99.21742842801538,0,0,0
01:20:37,99.21742842801538,0,0,0
01:20:38,99.22632412860536,0,0,0
01:20:39,99.22635985431056,0,0,0
01:20:40,99.21564214275632,0,0,0
01:20:41,99.2093901443497,0,0,0
01:20:42,99.20313814594309,0,0,0
01:20:43,99.20356685440524,0,0,0
01:20:44,99.199565575425,0,0,0
01:20:45,99.19420671964788,0,0,0
01:20:46,99.1861684359822,0,0,0
01:20:47,99.1906341491298,0,0,0
01:20:48,99.19949412401463,0,0,0
01:20:49,99.19331357701836,0,0,0
01:20:50,99.199565575425,0,0,0
01:20:51,99.2129805777204,0,0,0
01:20:52,99.22100099853346,0,0,0
01:20:53,99.23886385112382,0,0,0
01:20:54,99.24600899216,0,0,0
01:20:55,99.23439813797624,0,0,0
01:20:56,99.25315413319612,0,0,0
01:20:57,99.24958156267806,0,0,0
01:20:58,99.24600899216,0,0,0
01:20:59,99.23171871008768,0,0,0
01:21:00,99.22457356905151,0,0,0
01:21:01,99.23600579470936,0,0,0
01:21:02,99.2084970017202,0,0,0
01:21:03,99.21028328697922,0,0,0
01:21:04,99.20492443120212,0,0,0
01:21:05,99.18974100650028,0,0,0
01:21:06,99.18706157861172,0,0,0
01:21:07,99.18080958020508,0,0,0
01:21:08,99.20135186068404,0,0,0
01:21:09,99.19420671964788,0,0,0
01:21:10,99.1906341491298,0,0,0
01:21:11,99.17813015231654,0,0,0
01:21:12,99.18706157861172,0,0,0
01:21:13,99.20671071646116,0,0,0
01:21:14,99.1906341491298,0,0,0
01:21:15,99.18706157861172,0,0,0
01:21:16,99.22457356905151,0,0,0
01:21:17,99.22903928219912,0,0,0
01:21:18,99.2281461395696,0,0,0
01:21:19,99.24243642164193,0,0,0
01:21:20,99.2370775658648,0,0,0
01:21:21,99.24422270690096,0,0,0
01:21:22,99.22993242482865,0,0,0
01:21:23,99.24243642164193,0,0,0
01:21:24,99.24511584953048,0,0,0
01:21:25,99.24958156267806,0,0,0
01:21:26,99.2513678479371,0,0,0
01:21:27,99.25494041845518,0,0,0
01:21:28,99.27280327104556,0,0,0
01:21:29,99.25047470530758,0,0,0
01:21:30,99.26208555949134,0,0,0
01:21:31,99.27191012841604,0,0,0
01:21:32,99.25315413319612,0,0,0
01:21:33,99.2656581300094,0,0,0
01:21:34,99.26655127263894,0,0,0
01:21:35,99.26655127263894,0,0,0
01:21:36,99.30138383519017,0,0,0
01:21:37,99.30942211885584,0,0,0
01:21:38,99.32460554355768,0,0,0
01:21:39,99.31831781944588,0,0,0
01:21:40,99.32996439933478,0,0,0
01:21:41,99.31746040252152,0,0,0
01:21:42,99.30852897622631,0,0,0
01:21:43,99.321015110187,0,0,0
01:21:44,99.3121015467444,0,0,0
01:21:45,99.31481670033811,0,0,0
01:21:46,99.30672482811468,0,0,0
01:21:47,99.32458768070508,0,0,0
01:21:48,99.3210329730396,0,0,0
01:21:49,99.31567411726247,0,0,0
01:21:50,99.31388783200345,0,0,0
01:21:51,99.34782725192515,0,0,0
01:21:52,99.35495453010871,0,0,0
01:21:53,99.36569010451554,0,0,0
01:21:54,99.35497239296132,0,0,0
01:21:55,99.36033124873843,0,0,0
01:21:56,99.37998038658785,0,0,0
01:21:57,99.36569010451554,0,0,0
01:21:58,99.37104896029264,0,0,0
01:21:59,99.38533924236496,0,0,0
01:22:00,99.4049883802144,0,0,0
01:22:01,99.40856095073244,0,0,0
01:22:02,99.41213352125052,0,0,0
01:22:03,99.42106494754572,0,0,1
01:22:04,99.40320209495536,0,0,0
01:22:05,99.40677466547342,0,0,0
01:22:06,99.39961166158469,0,0,0
01:22:07,99.39912936456471,0,0,0
01:22:08,99.3960569539192,0,0,0
01:22:09,99.39462792571196,0,0,0
01:22:10,99.39332393747289,0,0,0
01:22:11,99.40141580969632,0,0,0
01:22:12,99.37819410132882,0,0,0
01:22:13,99.37819410132882,0,0,0
01:22:14,99.3809985691855,0,0,0
01:22:15,99.37753317578296,0,0,0
01:22:16,99.39784323917824,0,0,0
01:22:17,99.39248438340113,0,0,0
01:22:18,99.387125527624,0,0,0
01:22:19,99.36747638977458,0,0,0
01:22:20,99.3692626750336,0,0,0
01:22:21,99.35675867822036,0,0,0
01:22:22,99.36211753399746,0,0,0
01:22:23,99.36211753399746,0,0,0
01:22:24,99.37283524555168,0,0,0
01:22:25,99.37551467344026,0,0,0
01:22:26,99.38369585992665,0,0,0
01:22:27,99.40141580969632,0,0,0
01:22:28,99.37819410132882,0,0,0
01:22:29,99.387125527624,0,0,0
01:22:30,99.38176667184688,0,0,0
01:22:31,99.39248438340113,0,0,0
01:22:32,99.4049883802144,0,0,0
01:22:33,99.39069809814208,0,0,0
01:22:34,99.38891181288304,0,0,0
01:22:35,99.3692626750336,0,0,0
01:22:36,99.3692626750336,0,0,0
01:22:37,99.37462153081074,0,0,0
01:22:38,99.37462153081074,0,0,0
01:22:39,99.37462153081074,0,0,0
01:22:40,99.37283524555168,0,0,0
01:22:41,99.36774433256345,0,0,0
01:22:42,99.3639038192565,0,0,0
01:22:43,99.3639038192565,0,0,0
01:22:44,99.36747638977458,0,0,0
01:22:45,99.40320209495536,0,0,0
01:22:46,99.4246375180638,0,0,0
01:22:47,99.43714151487708,0,0,0
01:22:48,99.42794214579304,0,0,0
01:22:49,99.4192786622867,0,0,0
01:22:50,99.4157060917686,0,0,0
01:22:51,99.4103472359915,0,0,0
01:22:52,99.40230895232582,0,0,0
01:22:53,99.39784323917824,0,0,0
01:22:54,99.41213352125052,0,0,0
01:22:55,99.39427066866014,0,0,0
01:22:56,99.39248438340113,0,0,0
01:22:57,99.39784323917824,0,0,0
01:22:58,99.38891181288304,0,0,0
01:22:59,99.38891181288304,0,0,0
01:23:00,99.38891181288304,0,0,0
01:23:01,99.38891181288304,0,0,0
01:23:02,99.38355295710592,0,0,0
01:23:03,99.39248438340113,0,0,0
01:23:04,99.4103472359915,0,0,0
01:23:05,99.40141580969632,0,0,0
01:23:06,99.40320209495536,0,0,0
01:23:07,99.39248438340113,0,0,0
01:23:08,99.41749237702764,0,0,0
01:23:09,99.4120084812824,0,0,0
01:23:10,99.433568944359,0,0,0
01:23:11,99.42285123280476,0,0,0
01:23:12,99.4246375180638,0,0,0
01:23:13,99.41926079943408,0,0,0
01:23:14,99.41213352125052,0,0,0
01:23:15,99.4103472359915,0,0,0
01:23:16,99.39337752603063,0,0,0
01:23:17,99.39068023528948,0,0,0
01:23:18,99.39695009654872,0,0,0
01:23:19,99.4157060917686,0,0,0
01:23:20,99.42822795143448,0,0,0
01:23:21,99.433568944359,0,0,0
01:23:22,99.4424825078016,0,0,0
01:23:23,99.44071408539516,0,0,0
01:23:24,99.4389278001361,0,0,0
01:23:25,99.4478592264313,0,0,0
01:23:26,99.43714151487708,0,0,0
01:23:27,99.45857693798553,0,0,0
01:23:28,99.4621495085036,0,0,0
01:23:29,99.47286722005784,0,0,0
01:23:30,99.46154217151552,0,0,0
01:23:31,99.46393579376264,0,0,0
01:23:32,99.45500436746744,0,0,0
01:23:33,99.45500436746744,0,0,0
01:23:34,99.48537121687112,0,0,0
01:23:35,99.49787521368437,0,0,0
01:23:36,99.47643979057592,0,0,0
01:23:37,99.46822287838434,0,0,0
01:23:38,99.46036322324456,0,0,0
01:23:39,99.4621495085036,0,0,0
01:23:40,99.47643979057592,0,0,0
01:23:41,99.48001236109398,0,0,0
01:23:42,99.49608892842532,0,0,0
01:23:43,99.49251635790723,0,0,0
01:23:44,99.48715750213016,0,0,0
01:23:45,99.48358493161206,0,0,0
01:23:46,99.4996614989434,0,0,0
01:23:47,99.47911921846446,0,0,0
01:23:48,99.481798646353,0,0,0
01:23:49,99.47643979057592,0,0,0
01:23:50,99.4889437873892,0,0,0
01:23:51,99.49787521368437,0,0,0
01:23:52,99.47822607583494,0,0,0
01:23:53,99.4889437873892,0,0,0
01:23:54,99.49201619803472,0,0,0
01:23:55,99.49251635790723,0,0,0
01:23:56,99.49073007264822,0,0,0
01:23:57,99.49251635790723,0,0,0
01:23:58,99.4996614989434,0,0,0
01:23:59,99.49787521368437,0,0,0
01:24:00,99.49251635790723,0,0,0
01:24:01,99.50144778420244,0,0,0
01:24:02,99.49608892842532,0,0,0
01:24:03,99.48095909228128,0,0,0
01:24:04,99.4799944982414,0,0,0
01:24:05,99.47286722005784,0,0,0
01:24:06,99.46036322324456,0,0,0
01:24:07,99.46929464953976,0,0,0
01:24:08,99.46036322324456,0,0,0
01:24:09,99.45500436746744,0,0,0
01:24:10,99.4389278001361,0,0,0
01:24:11,99.45314663079805,0,0,0
01:24:12,99.4389278001361,0,0,0
01:24:13,99.4246375180638,0,0,0
01:24:14,99.43714151487708,0,0,0
01:24:15,99.41391980650955,0,0,0
01:24:16,99.41302666388005,0,0,0
01:24:17,99.40409523758488,0,0,0
01:24:18,99.3960569539192,0,0,0
01:24:19,99.3960569539192,0,0,0
01:24:20,99.3960569539192,0,0,0
01:24:21,99.38355295710592,0,0,0
01:24:22,99.3764078160698,0,0,0
01:24:23,99.37462153081074,0,0,0
01:24:24,99.36747638977458,0,0,0
01:24:25,99.37194210292216,0,0,0
01:24:26,99.36211753399746,0,0,0
01:24:27,99.35139982244324,0,0,0
01:24:28,99.34782725192515,0,0,0
01:24:29,99.340682110889,0,0,0
01:24:30,99.3496135371842,0,0,0
01:24:31,99.34872039455468,0,0,0
01:24:32,99.34246839614804,0,0,0
01:24:33,99.3505066798137,0,0,0
01:24:34,99.3585449634794,0,0,0
01:24:35,99.34604096666612,0,0,0
01:24:36,99.34782725192515,0,0,0
01:24:37,99.34716632637932,0,0,0
01:24:38,99.36211753399746,0,0,0
01:24:39,99.38533924236496,0,0,0
01:24:40,99.38891181288304,0,0,0
01:24:41,99.39427066866014,0,0,0
01:24:42,99.4005226670668,0,0,0
01:24:43,99.42821008858188,0,0,0
01:24:44,99.41731374850174,0,0,0
01:24:45,99.4192786622867,0,0,0
01:24:46,99.4103472359915,0,0,0
01:24:47,99.41749237702764,0,0,0
01:24:48,99.40141580969632,0,0,0
01:24:49,99.38355295710592,0,0,0
01:24:50,99.37819410132882,0,0,0
01:24:51,99.36211753399746,0,0,0
01:24:52,99.36211753399746,0,0,0
01:24:53,99.3639038192565,0,0,0
01:24:54,99.37819410132882,0,0,0
01:24:55,99.36569010451554,0,0,0
01:24:56,99.36211753399746,0,0,0
01:24:57,99.36211753399746,0,0,0
01:24:58,99.38176667184688,0,0,0
01:24:59,99.37819410132882,0,0,0
01:25:00,99.3692626750336,0,0,0
01:25:01,99.37104896029264,0,0,0
01:25:02,99.36211753399746,0,0,0
01:25:03,99.34782725192515,0,0,0
01:25:04,99.35139982244324,0,0,0
01:25:05,99.35318610770229,0,0,0
01:25:06,99.35765182084988,0,0,0
01:25:07,99.36033124873843,0,0,0
01:25:08,99.36836953240407,0,0,0
01:25:09,99.35943810610893,0,0,0
01:25:10,99.37104896029264,0,0,0
01:25:11,99.34246839614804,0,0,0
01:25:12,99.33710954037092,0,0,0
01:25:13,99.340682110889,0,0,0
01:25:14,99.3174782653741,0,0,0
01:25:15,99.30495640570824,0,0,0
01:25:16,99.30138383519017,0,0,0
01:25:17,99.30942211885584,0,0,0
01:25:18,99.31388783200345,0,0,0
01:25:19,99.316567259892,0,0,0
01:25:20,99.32649900593223,0,0,0
01:25:21,99.32460554355768,0,0,0
01:25:22,99.33710954037092,0,0,0
01:25:23,99.3353232551119,0,0,0
01:25:24,99.33889582562998,0,0,0
01:25:25,99.31567411726247,0,0,0
01:25:26,99.31388783200345,0,0,0
01:25:27,99.3239982065696,0,0,0
01:25:28,99.33710954037092,0,0,0
01:25:29,99.33353696985286,0,0,0
01:25:30,99.32817811407573,0,0,0
01:25:31,99.32996439933478,0,0,0
01:25:32,99.3121015467444,0,0,0
01:25:33,99.32462340641028,0,0,0
01:25:34,99.31567411726247,0,0,0
01:25:35,99.31746040252152,0,0,0
01:25:36,99.3121015467444,0,0,0
01:25:37,99.3067426909673,0,0,0
01:25:38,99.30852897622631,0,0,0
01:25:39,99.29781126467208,0,0,0
01:25:40,99.31031526148536,0,0,0
01:25:41,99.3121015467444,0,0,0
01:25:42,99.3067426909673,0,0,0
01:25:43,99.30138383519017,0,0,0
01:25:44,99.3263918288167,0,0,0
01:25:45,99.32371240092814,0,0,0
01:25:46,99.31567411726247,0,0,0
01:25:47,99.3210329730396,0,0,0
01:25:48,99.32817811407573,0,0,0
01:25:49,99.32460554355768,0,0,0
01:25:50,99.31388783200345,0,0,0
01:25:51,99.3210329730396,0,0,0
01:25:52,99.340682110889,0,0,0
01:25:53,99.3388779627774,0,0,0
01:25:54,99.31567411726247,0,0,0
01:25:55,99.3124588037962,0,0,0
01:25:56,99.318049876657,0,0,0
01:25:57,99.32105083589217,0,0,0
01:25:58,99.32105083589217,0,0,0
01:25:59,99.32105083589217,0,0,0
01:26:00,99.31388783200345,0,0,0
01:26:01,99.3121015467444,0,0,0
01:26:02,99.29781126467208,0,0,0
01:26:03,99.33353696985286,0,0,0
01:26:04,99.31567411726247,0,0,0
01:26:05,99.3121015467444,0,0,0
01:26:06,99.3121015467444,0,0,0
01:26:07,99.29602497941303,0,0,0
01:26:08,99.28530726785884,0,0,0
01:26:09,99.27101698578652,0,0,0
01:26:10,99.28352098259978,0,0,0
01:26:11,99.28262783997026,0,0,0
01:26:12,99.28262783997026,0,0,0
01:26:13,99.27280327104556,0,0,0
01:26:14,99.2790552694522,0,0,0
01:26:15,99.29959754993112,0,0,0
01:26:16,99.27816212682266,0,0,0
01:26:17,99.28709355311788,0,0,0
01:26:18,99.2745895563046,0,0,0
01:26:19,99.26923070052749,0,0,0
01:26:20,99.26744441526844,0,0,0
01:26:21,99.24779527741904,0,0,0
01:26:22,99.25851298897324,0,0,0
01:26:23,99.28352098259978,0,0,0
01:26:24,99.26923070052749,0,0,0
01:26:25,99.26387184475038,0,0,0
01:26:26,99.265675992862,0,0,0
01:26:27,99.28530726785884,0,0,0
01:26:28,99.28630758760389,0,0,0
01:26:29,99.285735976321,0,0,0
01:26:30,99.27994841208172,0,0,0
01:26:31,99.2656581300094,0,0,0
01:26:32,99.26031713708488,0,0,0
01:26:33,99.27101698578652,0,0,0
01:26:34,99.27637584156363,0,0,0
01:26:35,99.2656581300094,0,0,0
01:26:36,99.27637584156363,0,0,0
01:26:37,99.27101698578652,0,0,0
01:26:38,99.2745895563046,0,0,0
01:26:39,99.27430375066317,0,0,0
01:26:40,99.27994841208172,0,0,0
01:26:41,99.2656581300094,0,0,0
01:26:42,99.2656581300094,0,0,0
01:26:43,99.26319305635192,0,0,0
01:26:44,99.24600899216,0,0,0
01:26:45,99.24600899216,0,0,0
01:26:46,99.25851298897324,0,0,0
01:26:47,99.27280327104556,0,0,0
01:26:48,99.27637584156363,0,0,0
01:26:49,99.30852897622631,0,0,0
01:26:50,99.29423869415402,0,0,0
01:26:51,99.28352098259978,0,0,0
01:26:52,99.26744441526844,0,0,0
01:26:53,99.27101698578652,0,0,0
01:26:54,99.27101698578652,0,0,0
01:26:55,99.270123843157,0,0,0
01:26:56,99.26923070052749,0,0,0
01:26:57,99.27280327104556,0,0,0
01:26:58,99.26923070052749,0,0,0
01:26:59,99.27132065428056,0,0,0
01:27:00,99.27369641367508,0,0,0
01:27:01,99.2656581300094,0,0,0
01:27:02,99.26815892937206,0,0,0
01:27:03,99.26208555949134,0,0,0
01:27:04,99.24958156267806,0,0,0
01:27:05,99.2084970017202,0,0,0
01:27:06,99.22993242482865,0,0,0
01:27:07,99.22635985431056,0,0,0
01:27:08,99.23350499534672,0,0,0
01:27:09,99.23952477666968,0,0,0
01:27:10,99.2513678479371,0,0,0
01:27:11,99.24600899216,0,0,0
01:27:12,99.22993242482865,0,0,0
01:27:13,99.22993242482865,0,0,0
01:27:14,99.24306162148255,0,0,0
01:27:15,99.27816212682266,0,0,0
01:27:16,99.26923070052749,0,0,0
01:27:17,99.27101698578652,0,0,0
01:27:18,99.23886385112382,0,0,0
01:27:19,99.23529128060576,0,0,0
01:27:20,99.23529128060576,0,0,0
01:27:21,99.24600899216,0,0,0
01:27:22,99.25597646390544,0,0,0
01:27:23,99.24243642164193,0,0,0
01:27:24,99.25851298897324,0,0,0
01:27:25,99.25315413319612,0,0,0
01:27:26,99.25315413319612,0,0,0
01:27:27,99.25315413319612,0,0,0
01:27:28,99.26029927423228,0,0,0
01:27:29,99.27637584156363,0,0,0
01:27:30,99.28246707429696,0,0,0
01:27:31,99.27816212682266,0,0,0
01:27:32,99.2513678479371,0,0,0
01:27:33,99.24686640908432,0,0,0
01:27:34,99.22725299694008,0,0,0
01:27:35,99.22457356905151,0,0,0
01:27:36,99.21655314823846,0,0,0
01:27:37,99.2084970017202,0,0,0
01:27:38,99.21206957223824,0,0,0
01:27:39,99.21296271486776,0,0,0
01:27:40,99.2138558574973,0,0,0
01:27:41,99.21564214275632,0,0,0
01:27:42,99.21742842801538,0,0,0
01:27:43,99.21742842801538,0,0,0
01:27:44,99.22100099853346,0,0,0
01:27:45,99.21921471327444,0,0,0
01:27:46,99.2227872837925,0,0,0
01:27:47,99.21206957223824,0,0,0
01:27:48,99.199565575425,0,0,0
01:27:49,99.19242043438884,0,0,0
01:27:50,99.18886572672336,0,0,0
01:27:51,99.16383987024425,0,0,0
01:27:52,99.16383987024425,0,0,0
01:27:53,99.1674124407623,0,0,0
01:27:54,99.1799164375756,0,0,0
01:27:55,99.16383987024425,0,0,0
01:27:56,99.16383987024425,0,0,0
01:27:57,99.17455758179848,0,0,0
01:27:58,99.1674124407623,0,0,0
01:27:59,99.17098501128038,0,0,0
01:28:00,99.16026729972616,0,0,0
01:28:01,99.15848101446711,0,0,0
01:28:02,99.14779902861808,0,0,0
01:28:03,99.14776330291288,0,0,0
01:28:04,99.14888866262608,0,0,0
01:28:05,99.15131801057836,0,0,0
01:28:06,99.17455758179848,0,0,0
01:28:07,99.17813015231654,0,0,0
01:28:08,99.17634386705753,0,0,0
01:28:09,99.175450724428,0,0,0
01:28:10,99.17629027849972,0,0,0
01:28:11,99.17098501128038,0,0,0
01:28:12,99.15848101446711,0,0,0
01:28:13,99.14687016028336,0,0,0
01:28:14,99.15490844394904,0,0,0
01:28:15,99.14597701765383,0,0,0
01:28:16,99.14687016028336,0,0,0
01:28:17,99.14240444713576,0,0,0
01:28:18,99.1388318766177,0,0,0
01:28:19,99.15063922217996,0,0,0
01:28:20,99.14778116576548,0,0,0
01:28:21,99.17634386705753,0,0,0
01:28:22,99.175450724428,0,0,0
01:28:23,99.17954131767117,0,0,0
01:28:24,99.17954131767117,0,0,0
01:28:25,99.17098501128038,0,0,0
01:28:26,99.16562615550326,0,0,0
01:28:27,99.17366443916896,0,0,0
01:28:28,99.17455758179848,0,0,0
01:28:29,99.15676618061843,0,0,0
01:28:30,99.14329758976528,0,0,0
01:28:31,99.1388318766177,0,0,0
01:28:32,99.13347302084058,0,0,0
01:28:33,99.1245415945454,0,0,0
01:28:34,99.1388318766177,0,0,0
01:28:35,99.14151130450624,0,0,0
01:28:36,99.12273744643376,0,0,0
01:28:37,99.12186216665684,0,0,0
01:28:38,99.1156101682502,0,0,0
01:28:39,99.1156101682502,0,0,0
01:28:40,99.08345703358752,0,0,0
01:28:41,99.0870296041056,0,0,0
01:28:42,99.07988446306943,0,0,0
01:28:43,99.08345703358752,0,0,0
01:28:44,99.09060217462368,0,0,0
01:28:45,99.0870296041056,0,0,0
01:28:46,99.08524331884657,0,0,0
01:28:47,99.08970903199416,0,0,0
01:28:48,99.09060217462368,0,0,0
01:28:49,99.09953360091885,0,0,0
01:28:50,99.09931924668778,0,0,0
01:28:51,99.10310617143692,0,0,0
01:28:52,99.10131988617788,0,0,0
01:28:53,99.10131988617788,0,0,0
01:28:54,99.09953360091885,0,0,0
01:28:55,99.10310617143692,0,0,0
01:28:56,99.11382388299116,0,0,0
01:28:57,99.11203759773213,0,0,0
01:28:58,99.11382388299116,0,0,0
01:28:59,99.09774731565982,0,0,0
01:29:00,99.04773132840675,0,0,0
01:29:01,99.03879990211158,0,0,0
01:29:02,99.00575362481936,0,0,0
01:29:03,98.99592905589463,0,0,0
01:29:04,98.9977153411537,0,0,0
01:29:05,99.00664676744888,0,0,0
01:29:06,99.00843305270791,0,0,0
01:29:07,99.01557819374403,0,0,0
01:29:08,99.02808219055731,0,0,0
01:29:09,99.00843305270791,0,0,0
01:29:10,98.99950162641272,0,0,0
01:29:11,99.01021933796694,0,0,0
01:29:12,99.0030741969308,0,0,0
01:29:13,99.03344104633445,0,0,0
01:29:14,99.00664676744888,0,0,0
01:29:15,99.012005623226,0,0,0
01:29:16,99.01557819374403,0,0,0
01:29:17,99.00486048218984,0,0,0
01:29:18,99.0173644790031,0,0,0
01:29:19,99.0173644790031,0,0,0
01:29:20,99.02093704952118,0,0,0
01:29:21,99.02272333478022,0,0,0
01:29:22,99.00843305270791,0,0,0
01:29:23,98.99882283801428,0,0,0
01:29:24,99.0030741969308,0,0,0
01:29:25,99.00486048218984,0,0,0
01:29:26,99.01740020470828,0,0,0
01:29:27,99.01915076426216,0,0,0
01:29:28,99.02093704952118,0,0,0
01:29:29,99.0145957368516,0,0,0
01:29:30,99.01915076426216,0,0,0
01:29:31,99.02059765532198,0,0,0
01:29:32,99.00486048218984,0,0,0
01:29:33,99.0030741969308,0,0,0
01:29:34,99.01138042338532,0,0,0
01:29:35,99.02450962003924,0,0,0
01:29:36,99.01915076426216,0,0,0
01:29:37,99.00843305270791,0,0,0
01:29:38,99.01915076426216,0,0,0
01:29:39,99.03136895543396,0,0,0
01:29:40,99.02808219055731,0,0,0
01:29:41,99.03879990211158,0,0,0
01:29:42,99.02808219055731,0,0,0
01:29:43,99.04528411760188,0,0,0
01:29:44,99.03879990211158,0,0,0
01:29:45,99.05309018418386,0,0,0
01:29:46,99.03879990211158,0,0,0
01:29:47,99.03879990211158,0,0,0
01:29:48,99.05130389892484,0,0,0
01:29:49,99.0548764694429,0,0,0
01:29:50,99.06023532522,0,0,0
01:29:51,99.05844903996098,0,0,0
01:29:52,99.05198268732325,0,0,0
01:29:53,99.06202161047906,0,0,0
01:29:54,99.06380789573812,0,0,0
01:29:55,99.07631189255136,0,0,0
01:29:56,99.07631189255136,0,0,0
01:29:57,99.0593600454431,0,0,0
01:29:58,99.0780981778104,0,0,0
01:29:59,99.08524331884657,0,0,0
01:30:00,99.08792274673512,0,0,0
01:30:01,99.07631189255136,0,0,0
01:30:02,99.06023532522,0,0,0
01:30:03,99.0548764694429,0,0,0
01:30:04,99.06023532522,0,0,0
01:30:05,99.07452560729232,0,0,0
01:30:06,99.11471702562068,0,0,0
01:30:07,99.14061816187672,0,0,0
01:30:08,99.14597701765383,0,0,0
01:30:09,99.15222901606047,0,0,0
01:30:10,99.14240444713576,0,0,0
01:30:11,99.14240444713576,0,0,0
01:30:12,99.13704559135866,0,0,0
01:30:13,99.16383987024425,0,0,0
01:30:14,99.19242043438884,0,0,0
01:30:15,99.16383987024425,0,0,0
01:30:16,99.1431189612394,0,0,0
01:30:17,99.15848101446711,0,0,0
01:30:18,99.16560829265067,0,0,0
01:30:19,99.18348900809364,0,0,0
01:30:20,99.18348900809364,0,0,0
01:30:21,99.21742842801538,0,0,0
01:30:22,99.2567267037142,0,0,0
01:30:23,99.24065013638288,0,0,0
01:30:24,99.2370775658648,0,0,0
01:30:25,99.24958156267806,0,0,0
01:30:26,99.2656581300094,0,0,0
01:30:27,99.26508651872652,0,0,0
01:30:28,99.2656581300094,0,0,0
01:30:29,99.27280327104556,0,0,0
01:30:30,99.26476498737988,0,0,0
01:30:31,99.25849512612066,0,0,0
01:30:32,99.24600899216,0,0,0
01:30:33,99.23529128060576,0,0,0
01:30:34,99.24065013638288,0,0,0
01:30:35,99.23886385112382,0,0,0
01:30:36,99.25851298897324,0,0,0
01:30:37,99.27637584156363,0,0,0
01:30:38,99.2745895563046,0,0,0
01:30:39,99.28352098259978,0,0,0
01:30:40,99.28352098259978,0,0,0
01:30:41,99.26923070052749,0,0,0
01:30:42,99.25315413319612,0,0,0
01:30:43,99.26029927423228,0,0,0
01:30:44,99.2513678479371,0,0,0
01:30:45,99.24600899216,0,0,0
01:30:46,99.22635985431056,0,0,0
01:30:47,99.27280327104556,0,0,0
01:30:48,99.26744441526844,0,0,0
01:30:49,99.24956369982549,0,0,0
01:30:50,99.23171871008768,0,0,0
01:30:51,99.21632093115478,0,0,0
01:30:52,99.2103011498318,0,0,0
01:30:53,99.21596367410297,0,0,0
01:30:54,99.199565575425,0,0,0
01:30:55,99.2084970017202,0,0,0
01:30:56,99.20492443120212,0,0,0
01:30:57,99.21564214275632,0,0,0
01:30:58,99.20671071646116,0,0,0
01:30:59,99.20492443120212,0,0,0
01:31:00,99.20671071646116,0,0,0
01:31:01,99.20492443120212,0,0,0
01:31:02,99.19688614753645,0,0,0
01:31:03,99.21028328697922,0,0,0
01:31:04,99.199565575425,0,0,0
01:31:05,99.19242043438884,0,0,0
01:31:06,99.18884786387076,0,0,0
01:31:07,99.18348900809364,0,0,0
01:31:08,99.15312215869,0,0,0
01:31:09,99.13525930609964,0,0,0
01:31:10,99.12632787980442,0,0,0
01:31:11,99.16026729972616,0,0,0
01:31:12,99.17634386705753,0,0,0
01:31:13,99.16830558339184,0,0,0
01:31:14,99.15312215869,0,0,0
01:31:15,99.15894544863448,0,0,0
01:31:16,99.13895691658584,0,0,0
01:31:17,99.1388318766177,0,0,0
01:31:18,99.1388318766177,0,0,0
01:31:19,99.14240444713576,0,0,0
01:31:20,99.13349088369316,0,0,0
01:31:21,99.14061816187672,0,0,0
01:31:22,99.1388318766177,0,0,0
01:31:23,99.14561976060205,0,0,0
01:31:24,99.14240444713576,0,0,0
01:31:25,99.15312215869,0,0,0
01:31:26,99.14597701765383,0,0,0
01:31:27,99.16919872602134,0,0,0
01:31:28,99.16919872602134,0,0,0
01:31:29,99.14597701765383,0,0,0
01:31:30,99.15133587343098,0,0,0
01:31:31,99.1674124407623,0,0,0
01:31:32,99.16919872602134,0,0,0
01:31:33,99.17813015231654,0,0,0
01:31:34,99.17600447285828,0,0,0
01:31:35,99.17813015231654,0,0,0
01:31:36,99.18706157861172,0,0,0
01:31:37,99.1817027228346,0,0,0
01:31:38,99.16919872602134,0,0,0
01:31:39,99.15356873000476,0,0,0
01:31:40,99.1620535849852,0,0,0
01:31:41,99.1343661634701,0,0,0
01:31:42,99.12990045032252,0,0,0
01:31:43,99.13525930609964,0,0,0
01:31:44,99.15133587343098,0,0,0
01:31:45,99.15222901606047,0,0,0
01:31:46,99.14956745102452,0,0,0
01:31:47,99.15312215869,0,0,0
01:31:48,99.14776330291288,0,0,0
01:31:49,99.15312215869,0,0,0
01:31:50,99.14597701765383,0,0,0
01:31:51,99.14201146437878,0,0,0
01:31:52,99.14240444713576,0,0,0
01:31:53,99.14151130450624,0,0,0
01:31:54,99.14954958817192,0,0,0
01:31:55,99.14776330291288,0,0,0
01:31:56,99.14597701765383,0,0,0
01:31:57,99.15312215869,0,0,0
01:31:58,99.14731673159812,0,0,0
01:31:59,99.16562615550326,0,0,0
01:32:00,99.16473301287375,0,0,0
01:32:01,99.15848101446711,0,0,0
01:32:02,99.14954958817192,0,0,0
01:32:03,99.17277129653944,0,0,0
01:32:04,99.17455758179848,0,0,0
01:32:05,99.18527529335267,0,0,0
01:32:06,99.18527529335267,0,0,0
01:32:07,99.17277129653944,0,0,0
01:32:08,99.17843382081058,0,0,0
01:32:09,99.17514705593396,0,0,0
01:32:10,99.16910941175838,0,0,0
01:32:11,99.15490844394904,0,0,0
01:32:12,99.16116044235568,0,0,0
01:32:13,99.16383987024425,0,0,0
01:32:14,99.17570080436424,0,0,0
01:32:15,99.19242043438884,0,0,0
01:32:16,99.1861684359822,0,0,0
01:32:17,99.1799164375756,0,0,0
01:32:18,99.17455758179848,0,0,0
01:32:19,99.18348900809364,0,0,0
01:32:20,99.175450724428,0,0,0
01:32:21,99.1799164375756,0,0,0
01:32:22,99.17813015231654,0,0,0
01:32:23,99.17813015231654,0,0,0
01:32:24,99.19242043438884,0,0,0
01:32:25,99.19242043438884,0,0,0
01:32:26,99.18527529335267,0,0,0
01:32:27,99.18527529335267,0,0,0
01:32:28,99.20344181443711,0,0,0
01:32:29,99.19242043438884,0,0,0
01:32:30,99.17634386705753,0,0,0
01:32:31,99.18161340857166,0,0,0
01:32:32,99.16830558339184,0,0,0
01:32:33,99.15133587343098,0,0,0
01:32:34,99.14956745102452,0,0,0
01:32:35,99.14954958817192,0,0,0
01:32:36,99.15312215869,0,0,0
01:32:37,99.1620535849852,0,0,0
01:32:38,99.15044273080146,0,0,0
01:32:39,99.15669472920808,0,0,0
01:32:40,99.15669472920808,0,0,0
01:32:41,99.15222901606047,0,0,0
01:32:42,99.14061816187672,0,0,0
01:32:43,99.1441907323948,0,0,0
01:32:44,99.14954958817192,0,0,0
01:32:45,99.13525930609964,0,0,0
01:32:46,99.13347302084058,0,0,0
01:32:47,99.13347302084058,0,0,0
01:32:48,99.14954958817192,0,0,0
01:32:49,99.14510173787691,0,0,0
01:32:50,99.14510173787691,0,0,0
01:32:51,99.13793873398818,0,0,0
01:32:52,99.13617031158172,0,0,0
01:32:53,99.14597701765383,0,0,0
01:32:54,99.15133587343098,0,0,0
01:32:55,99.15133587343098,0,0,0
01:32:56,99.14954958817192,0,0,0
01:32:57,99.14954958817192,0,0,0
01:32:58,99.1486564455424,0,0,0
01:32:59,99.14240444713576,0,0,0
01:33:00,99.12275530928636,0,0,0
01:33:01,99.12275530928636,0,0,0
01:33:02,99.13704559135866,0,0,0
01:33:03,99.12350554909516,0,0,0
01:33:04,99.12096902402732,0,0,0
01:33:05,99.12275530928636,0,0,0
01:33:06,99.11739645350924,0,0,0
01:33:07,99.10935816984356,0,0,0
01:33:08,99.10846502721404,0,0,0
01:33:09,99.10846502721404,0,0,0
01:33:10,99.11203759773213,0,0,0
01:33:11,99.12275530928636,0,0,0
01:33:12,99.12275530928636,0,0,0
01:33:13,99.10310617143692,0,0,0
01:33:14,99.0959610304008,0,0,0
01:33:15,99.09774731565982,0,0,0
01:33:16,99.07988446306943,0,0,0
01:33:17,99.07988446306943,0,0,0
01:33:18,99.08435017621704,0,0,0
01:33:19,99.0870296041056,0,0,0
01:33:20,99.0870296041056,0,0,0
01:33:21,99.0870296041056,0,0,0
01:33:22,99.09756868713391,0,0,0
01:33:23,99.08881588936464,0,0,0
01:33:24,99.10067682348463,0,0,0
01:33:25,99.09506788777126,0,0,0
01:33:26,99.09613965892667,0,0,0
01:33:27,99.0872082326315,0,0,0
01:33:28,99.09060217462368,0,0,0
01:33:29,99.13168673558155,0,0,0
01:33:30,99.14597701765383,0,0,0
01:33:31,99.1380994996615,0,0,0
01:33:32,99.12632787980442,0,0,0
01:33:33,99.12990045032252,0,0,0
01:33:34,99.1156101682502,0,0,0
01:33:35,99.11203759773213,0,0,0
01:33:36,99.1066966048076,0,0,0
01:33:37,99.11023344962048,0,0,0
01:33:38,99.1102513124731,0,0,0
01:33:39,99.1102513124731,0,0,0
01:33:40,99.11203759773213,0,0,0
01:33:41,99.1102513124731,0,0,0
01:33:42,99.10846502721404,0,0,0
01:33:43,99.09774731565982,0,0,0
01:33:44,99.09774731565982,0,0,0
01:33:45,99.09774731565982,0,0,0
01:33:46,99.09774731565982,0,0,0
01:33:47,99.08167074832846,0,0,0
01:33:48,99.09060217462368,0,0,0
01:33:49,99.08524331884657,0,0,0
01:33:50,99.08881588936464,0,0,0
01:33:51,99.1102513124731,0,0,0
01:33:52,99.1102513124731,0,0,0
01:33:53,99.10489245669596,0,0,0
01:33:54,99.10489245669596,0,0,0
01:33:55,99.11918273876827,0,0,0
01:33:56,99.1245415945454,0,0,0
01:33:57,99.1245415945454,0,0,0
01:33:58,99.12990045032252,0,0,0
01:33:59,99.12632787980442,0,0,0
01:34:00,99.124559457398,0,0,0
01:34:01,99.10489245669596,0,0,0
01:34:02,99.10667874195502,0,0,0
01:34:03,99.13168673558155,0,0,0
01:34:04,99.14776330291288,0,0,0
01:34:05,99.14413714383704,0,0,0
01:34:06,99.13668833430688,0,0,0
01:34:07,99.15133587343098,0,0,0
01:34:08,99.1388318766177,0,0,0
01:34:09,99.14242230998836,0,0,0
01:34:10,99.1388318766177,0,0,0
01:34:11,99.14597701765383,0,0,0
01:34:12,99.1254347371749,0,0,0
01:34:13,99.12505961727052,0,0,0
01:34:14,99.14776330291288,0,0,0
01:34:15,99.15133587343098,0,0,0
01:34:16,99.15490844394904,0,0,0
01:34:17,99.16323253325616,0,0,0
01:34:18,99.14283315559793,0,0,0
01:34:19,99.15483699253868,0,0,0
01:34:20,99.15133587343098,0,0,0
01:34:21,99.16562615550326,0,0,0
01:34:22,99.17366443916896,0,0,0
01:34:23,99.17366443916896,0,0,0
01:34:24,99.16026729972616,0,0,0
01:34:25,99.16582264688178,0,0,0
01:34:26,99.1674124407623,0,0,0
01:34:27,99.16919872602134,0,0,0
01:34:28,99.1799164375756,0,0,0
01:34:29,99.22993242482865,0,0,0
01:34:30,99.24958156267806,0,0,0
01:34:31,99.28530726785884,0,0,0
01:34:32,99.27101698578652,0,0,0
01:34:33,99.27280327104556,0,0,0
01:34:34,99.27280327104556,0,0,0
01:34:35,99.2656581300094,0,0,0
01:34:36,99.2656581300094,0,0,0
01:34:37,99.24600899216,0,0,0
01:34:38,99.23529128060576,0,0,0
01:34:39,99.25138571078968,0,0,0
01:34:40,99.22993242482865,0,0,0
01:34:41,99.2227872837925,0,0,0
01:34:42,99.20492443120212,0,0,0
01:34:43,99.21742842801538,0,0,0
01:34:44,99.23171871008768,0,0,0
01:34:45,99.2415432790124,0,0,0
01:34:46,99.24600899216,0,0,0
01:34:47,99.24600899216,0,0,0
01:34:48,99.24958156267806,0,0,0
01:34:49,99.26387184475038,0,0,0
01:34:50,99.27191012841604,0,0,0
01:34:51,99.27637584156363,0,0,0
01:34:52,99.26208555949134,0,0,0
01:34:53,99.28352098259978,0,0,0
01:34:54,99.292452408895,0,0,0
01:34:55,99.27101698578652,0,0,0
01:34:56,99.27637584156363,0,0,0
01:34:57,99.2656581300094,0,0,0
01:34:58,99.27637584156363,0,0,0
01:34:59,99.2745895563046,0,0,0
01:35:00,99.26438986747549,0,0,0
01:35:01,99.26923070052749,0,0,0
01:35:02,99.29066612363594,0,0,0
01:35:03,99.29602497941303,0,0,0
01:35:04,99.29602497941303,0,0,0
01:35:05,99.26387184475038,0,0,0
01:35:06,99.2656581300094,0,0,0
01:35:07,99.26744441526844,0,0,0
01:35:08,99.2745895563046,0,0,0
01:35:09,99.2745895563046,0,0,0
01:35:10,99.28173469734074,0,0,0
01:35:11,99.27637584156363,0,0,0
01:35:12,99.28530726785884,0,0,0
01:35:13,99.2846284794604,0,0,0
01:35:14,99.29066612363594,0,0,0
01:35:15,99.2790552694522,0,0,0
01:35:16,99.31746040252152,0,0,0
01:35:17,99.31388783200345,0,0,0
01:35:18,99.31031526148536,0,0,0
01:35:19,99.30495640570824,0,0,0
01:35:20,99.30138383519017,0,0,0
01:35:21,99.26923070052749,0,0,0
01:35:22,99.26744441526844,0,0,0
01:35:23,99.2745895563046,0,0,0
01:35:24,99.27280327104556,0,0,0
01:35:25,99.292452408895,0,0,0
01:35:26,99.29781126467208,0,0,0
01:35:27,99.3121015467444,0,0,0
01:35:28,99.31746040252152,0,0,0
01:35:29,99.3121015467444,0,0,0
01:35:30,99.31029739863276,0,0,0
01:35:31,99.31029739863276,0,0,0
01:35:32,99.30049069256064,0,0,0
01:35:33,99.31567411726247,0,0,0
01:35:34,99.34425468140708,0,0,0
01:35:35,99.32281925829862,0,0,0
01:35:36,99.34246839614804,0,0,0
01:35:37,99.33175068459384,0,0,0
01:35:38,99.334751643829,0,0,0
01:35:39,99.34604096666612,0,0,0
01:35:40,99.34782725192515,0,0,0
01:35:41,99.35675867822036,0,0,0
01:35:42,99.35675867822036,0,0,0
01:35:43,99.35675867822036,0,0,0
01:35:44,99.3692626750336,0,0,0
01:35:45,99.3692626750336,0,0,0
01:35:46,99.3692626750336,0,0,0
01:35:47,99.35872359200528,0,0,0
01:35:48,99.35318610770229,0,0,0
01:35:49,99.35943810610893,0,0,0
01:35:50,99.35675867822036,0,0,0
01:35:51,99.35139982244324,0,0,0
01:35:52,99.3353232551119,0,0,0
01:35:53,99.33889582562998,0,0,0
01:35:54,99.32460554355768,0,0,0
01:35:55,99.33175068459384,0,0,0
01:35:56,99.33175068459384,0,0,0
01:35:57,99.34604096666612,0,0,0
01:35:58,99.36211753399746,0,0,0
01:35:59,99.37998038658785,0,0,0
01:36:00,99.39962952443727,0,0,0
01:36:01,99.37819410132882,0,0,0
01:36:02,99.36211753399746,0,0,0
01:36:03,99.340682110889,0,0,0
01:36:04,99.36836953240407,0,0,0
01:36:05,99.36122439136795,0,0,0
01:36:06,99.3826598144764,0,0,0
01:36:07,99.387125527624,0,0,0
01:36:08,99.40677466547342,0,0,0
01:36:09,99.39784323917824,0,0,0
01:36:10,99.42106494754572,0,0,0
01:36:11,99.41838551965718,0,0,0
01:36:12,99.41213352125052,0,0,0
01:36:13,99.43088951647044,0,0,0
01:36:14,99.43178265909997,0,0,0
01:36:15,99.43535522961804,0,0,0
01:36:16,99.45857693798553,0,0,0
01:36:17,99.46750836428072,0,0,0
01:36:18,99.46572207902167,0,0,0
01:36:19,99.48001236109398,0,0,0
01:36:20,99.53270777623564,0,0,0
01:36:21,99.52377634994042,0,0,0
01:36:22,99.52109692205188,0,0,0
01:36:23,99.51573806627476,0,0,0
01:36:24,99.4889437873892,0,0,0
01:36:25,99.4996614989434,0,0,0
01:36:26,99.51037921049765,0,0,0
01:36:27,99.51037921049765,0,0,0
01:36:28,99.50502035472051,0,0,0
01:36:29,99.51395178101572,0,0,0
01:36:30,99.5228832073109,0,0,0
01:36:31,99.52822420023544,0,0,0
01:36:32,99.53360091886512,0,0,0
01:36:33,99.54253234516032,0,0,0
01:36:34,99.56039519775072,0,0,0
01:36:35,99.5657540535278,0,0,0
01:36:36,99.55151736001328,0,0,0
01:36:37,99.55766218130437,0,0,0
01:36:38,99.56039519775072,0,0,0
01:36:39,99.56754033878686,0,0,0
01:36:40,99.58183062085917,0,0,0
01:36:41,99.58004433560012,0,0,0
01:36:42,99.56932662404589,0,0,0
01:36:43,99.57111290930492,0,0,0
01:36:44,99.56754033878686,0,0,0
01:36:45,99.58004433560012,0,0,0
01:36:46,99.58183062085917,0,0,0
01:36:47,99.57825805034108,0,0,0
01:36:48,99.5925483324134,0,0,0
01:36:49,99.5925483324134,0,0,0
01:36:50,99.57647176508203,0,0,0
01:36:51,99.57468547982302,0,0,0
01:36:52,99.56218148300974,0,0,0
01:36:53,99.53360091886512,0,0,0
01:36:54,99.5461406413836,0,0,0
01:36:55,99.54789120093744,0,0,0
01:36:56,99.5639499054162,0,0,0
01:36:57,99.56843348141636,0,0,0
01:36:58,99.56932662404589,0,0,0
01:36:59,99.58004433560012,0,0,0
01:37:00,99.5836169061182,0,0,0
01:37:01,99.5836169061182,0,0,0
01:37:02,99.5854746427876,0,0,0
01:37:03,99.57379233719348,0,0,0
01:37:04,99.54253234516032,0,0,0
01:37:05,99.53545865553454,0,0,0
01:37:06,99.53002834834706,0,0,0
01:37:07,99.54074605990128,0,0,0
01:37:08,99.5371734893832,0,0,0
01:37:09,99.52468735542254,0,0,0
01:37:10,99.5228832073109,0,0,0
01:37:11,99.528242063088,0,0,0
01:37:12,99.53002834834706,0,0,0
01:37:13,99.54074605990128,0,0,0
01:37:14,99.51931063679282,0,0,0
01:37:15,99.51330871832246,0,0,0
01:37:16,99.51216549575668,0,0,0
01:37:17,99.51573806627476,0,0,0
01:37:18,99.50680663997954,0,0,0
01:37:19,99.5085929252386,0,0,0
01:37:20,99.50210870974828,0,0,0
01:37:21,99.4943026431663,0,0,0
01:37:22,99.47822607583494,0,0,0
01:37:23,99.48537121687112,0,0,0
01:37:24,99.47911921846446,0,0,0
01:37:25,99.47286722005784,0,0,0
01:37:26,99.47643979057592,0,0,0
01:37:27,99.47643979057592,0,0,0
01:37:28,99.47465350531688,0,0,0
01:37:29,99.48715750213016,0,0,0
01:37:30,99.48358493161206,0,0,0
01:37:31,99.481798646353,0,0,0
01:37:32,99.4889437873892,0,0,0
01:37:33,99.48358493161206,0,0,0
01:37:34,99.4889437873892,0,0,0
01:37:35,99.49787521368437,0,0,0
01:37:36,99.48715750213016,0,0,0
01:37:37,99.47822607583494,0,0,0
01:37:38,99.4943026431663,0,0,0
01:37:39,99.4943026431663,0,0,0
01:37:40,99.4889437873892,0,0,0
01:37:41,99.46750836428072,0,0,0
01:37:42,99.48358493161206,0,0,0
01:37:43,99.48358493161206,0,0,0
01:37:44,99.48358493161206,0,0,0
01:37:45,99.46393579376264,0,0,0
01:37:46,99.46393579376264,0,0,0
01:37:47,99.4621495085036,0,0,0
01:37:48,99.4710809347988,0,0,0
01:37:49,99.46397151946782,0,0,0
01:37:50,99.46750836428072,0,0,0
01:37:51,99.47279576864749,0,0,0
01:37:52,99.46929464953976,0,0,0
01:37:53,99.4710809347988,0,0,0
01:37:54,99.46929464953976,0,0,0
01:37:55,99.46850868402578,0,0,0
01:37:56,99.46572207902167,0,0,0
01:37:57,99.46750836428072,0,0,0
01:37:58,99.5085929252386,0,0,0
01:37:59,99.52466949256991,0,0,0
01:38:00,99.52645577782896,0,0,0
01:38:01,99.50680663997954,0,0,0
01:38:02,99.51573806627476,0,0,0
01:38:03,99.5273489204585,0,0,0
01:38:04,99.54789120093744,0,0,0
01:38:05,99.56664719615732,0,0,0
01:38:06,99.58897576189533,0,0,0
01:38:07,99.58897576189533,0,0,0
01:38:08,99.60326604396762,0,0,0
01:38:09,99.59433461767242,0,0,0
01:38:10,99.58540319137724,0,0,0
01:38:11,99.61041118500376,0,0,0
01:38:12,99.61577004078087,0,0,0
01:38:13,99.6121974702628,0,0,0
01:38:14,99.6121796074102,0,0,0
01:38:15,99.61398375552184,0,0,0
01:38:16,99.61755632603992,0,0,0
01:38:17,99.62291518181704,0,0,0
01:38:18,99.6407780344074,0,0,0
01:38:19,99.6497094607026,0,0,0
01:38:20,99.63899174914836,0,0,0
01:38:21,99.63363289337128,0,0,0
01:38:22,99.6497094607026,0,0,0
01:38:23,99.65328203122068,0,0,0
01:38:24,99.6497094607026,0,0,0
01:38:25,99.65149574596164,0,0,0
01:38:26,99.64703003281406,0,0,0
01:38:27,99.65506831647971,0,0,0
01:38:28,99.6497094607026,0,0,0
01:38:29,99.65685460173876,0,0,0
01:38:30,99.65151360881424,0,0,0
01:38:31,99.6586408869978,0,0,0
01:38:32,99.66399974277492,0,0,0
01:38:33,99.68007631010626,0,0,0
01:38:34,99.66399974277492,0,0,0
01:38:35,99.6586408869978,0,0,0
01:38:36,99.66935859855204,0,0,0
01:38:37,99.67650373958818,0,0,0
01:38:38,99.68900773640144,0,0,0
01:38:39,99.6782900248472,0,0,0
01:38:40,99.70865687425088,0,0,0
01:38:41,99.69972544795569,0,0,0
01:38:42,99.7050843037328,0,0,0
01:38:43,99.69970758510308,0,0,0
01:38:44,99.6961528774376,0,0,0
01:38:45,99.67918316747674,0,0,0
01:38:46,99.69972544795569,0,0,0
01:38:47,99.68968652479988,0,0,0
01:38:48,99.68968652479988,0,0,0
01:38:49,99.69793916269664,0,0,0
01:38:50,99.6907940216605,0,0,0
01:38:51,99.69436659217855,0,0,0
01:38:52,99.69436659217855,0,0,0
01:38:53,99.6961528774376,0,0,0
01:38:54,99.68159465257644,0,0,0
01:38:55,99.67650373958818,0,0,0
01:38:56,99.68872193076,0,0,0
01:38:57,99.68454202325384,0,0,0
01:38:58,99.68454202325384,0,0,0
01:38:59,99.68007631010626,0,0,0
01:39:00,99.667572313293,0,0,0
01:39:01,99.68477424033752,0,0,0
01:39:02,99.67650373958818,0,0,0
01:39:03,99.69025813608278,0,0,0
01:39:04,99.67471745432914,0,0,0
01:39:05,99.66042717225685,0,0,0
01:39:06,99.70328015562116,0,0,0
01:39:07,99.69972544795569,0,0,0
01:39:08,99.69972544795569,0,0,0
01:39:09,99.71044315950992,0,0,0
01:39:10,99.72294715632316,0,0,0
01:39:11,99.71337266733474,0,0,0
01:39:12,99.72116087106411,0,0,0
01:39:13,99.70365527552556,0,0,0
01:39:14,99.69972544795569,0,0,0
01:39:15,99.68543516588336,0,0,0
01:39:16,99.66935859855204,0,0,0
01:39:17,99.67293116907013,0,0,0
01:39:18,99.68543516588336,0,0,0
01:39:19,99.70687058899182,0,0,0
01:39:20,99.70865687425088,0,0,0
01:39:21,99.69792129984404,0,0,0
01:39:22,99.6874358053735,0,0,0
01:39:23,99.68543516588336,0,0,0
01:39:24,99.6782900248472,0,0,0
01:39:25,99.67469959147655,0,0,0
01:39:26,99.66399974277492,0,0,0
01:39:27,99.6407780344074,0,0,0
01:39:28,99.63720546388932,0,0,0
01:39:29,99.63899174914836,0,0,0
01:39:30,99.64613689018454,0,0,0
01:39:31,99.64613689018454,0,0,0
01:39:32,99.63720546388932,0,0,0
01:39:33,99.63452603600078,0,0,0
01:39:34,99.6354191786303,0,0,0
01:39:35,99.6443506049255,0,0,0
01:39:36,99.6443506049255,0,0,0
01:39:37,99.6443506049255,0,0,0
01:39:38,99.66399974277492,0,0,0
01:39:39,99.67114488381108,0,0,0
01:39:40,99.64613689018454,0,0,0
01:39:41,99.6407780344074,0,0,0
01:39:42,99.62827403759415,0,0,0
01:39:43,99.621128896558,0,0,0
01:39:44,99.62291518181704,0,0,0
01:39:45,99.62827403759415,0,0,0
01:39:46,99.61755632603992,0,0,0
01:39:47,99.61755632603992,0,0,0
01:39:48,99.5980858167164,0,0,0
01:39:49,99.58718947663628,0,0,0
01:39:50,99.58718947663628,0,0,0
01:39:51,99.58183062085917,0,0,0
01:39:52,99.58540319137724,0,0,0
01:39:53,99.57825805034108,0,0,0
01:39:54,99.55860891249166,0,0,0
01:39:55,99.57647176508203,0,0,0
01:39:56,99.57443539988674,0,0,0
01:39:57,99.57379233719348,0,0,0
01:39:58,99.57825805034108,0,0,0
01:39:59,99.57647176508203,0,0,0
01:40:00,99.57468547982302,0,1,0
01:40:01,99.58718947663628,0,0,0
01:40:02,99.60326604396762,0,0,0
01:40:03,99.6023729013381,0,0,0
01:40:04,99.5836169061182,0,0,0
01:40:05,99.5925483324134,0,0,0
01:40:06,99.60505232922668,0,0,0
01:40:07,99.61577004078087,0,0,0
01:40:08,99.63184660811224,0,0,0
01:40:09,99.621128896558,0,0,0
01:40:10,99.621128896558,0,0,0
01:40:11,99.6068386144857,0,0,0
01:40:12,99.59790718819052,0,0,0
01:40:13,99.6014797587086,0,0,0
01:40:14,99.61577004078087,0,0,0
01:40:15,99.60326604396762,0,0,0
01:40:16,99.6068386144857,0,0,0
01:40:17,99.57289919456396,0,0,0
01:40:18,99.5836169061182,0,0,0
01:40:19,99.58540319137724,0,0,0
01:40:20,99.58986890452483,0,0,0
01:40:21,99.60326604396762,0,0,0
01:40:22,99.58540319137724,0,0,0
01:40:23,99.58897576189533,0,0,0
01:40:24,99.59076204715434,0,0,0
01:40:25,99.58718947663628,0,0,0
01:40:26,99.5934414750429,0,0,0
01:40:27,99.5934414750429,0,0,0
01:40:28,99.60326604396762,0,0,0
01:40:29,99.59790718819052,0,0,0
01:40:30,99.58183062085917,0,0,0
01:40:31,99.57468547982302,0,0,0
01:40:32,99.57825805034108,0,0,0
01:40:33,99.57468547982302,0,0,0
01:40:34,99.56754033878686,0,0,0
01:40:35,99.58004433560012,0,0,0
01:40:36,99.57647176508203,0,0,0
01:40:37,99.56755820163944,0,0,0
01:40:38,99.56754033878686,0,0,0
01:40:39,99.58183062085917,0,0,0
01:40:40,99.5836169061182,0,0,0
01:40:41,99.59076204715434,0,0,0
01:40:42,99.60505232922668,0,0,0
01:40:43,99.6068386144857,0,0,0
01:40:44,99.61398375552184,0,0,0
01:40:45,99.62470146707608,0,0,0
01:40:46,99.6121974702628,0,0,0
01:40:47,99.61578790363347,0,0,0
01:40:48,99.61398375552184,0,0,0
01:40:49,99.58897576189533,0,0,0
01:40:50,99.5836169061182,0,0,0
01:40:51,99.6014797587086,0,0,0
01:40:52,99.6121974702628,0,0,0
01:40:53,99.59969347344956,0,0,0
01:40:54,99.6068386144857,0,0,0
01:40:55,99.61041118500376,0,0,0
01:40:56,99.60862489974473,0,0,0
01:40:57,99.6014797587086,0,0,0
01:40:58,99.60862489974473,0,0,0
01:40:59,99.61577004078087,0,0,0
01:41:00,99.64792317544358,0,0,0
01:41:01,99.64256431966646,0,0,0
01:41:02,99.6389738862958,0,0,0
01:41:03,99.63184660811224,0,0,0
01:41:04,99.64792317544358,0,0,0
01:41:05,99.65328203122068,0,0,0
01:41:06,99.6407780344074,0,0,0
01:41:07,99.64792317544358,0,0,0
01:41:08,99.65685460173876,0,0,0
01:41:09,99.67293116907013,0,0,0
01:41:10,99.69436659217855,0,0,0
01:41:11,99.69972544795569,0,0,0
01:41:12,99.70687058899182,0,0,0
01:41:13,99.71222944476897,0,0,0
01:41:14,99.71758830054608,0,0,0
01:41:15,99.72830601210028,0,0,0
01:41:16,99.73723743839548,0,0,0
01:41:17,99.74081000891356,0,0,0
01:41:18,99.74438257943164,0,0,0
01:41:19,99.75058098928052,0,0,0
01:41:20,99.76939057305816,0,0,0
01:41:21,99.7711768583172,0,0,0
01:41:22,99.74616886469067,0,0,0
01:41:23,99.762245432022,0,0,0
01:41:24,99.78725342564854,0,0,1
01:41:25,99.80511627823893,0,0,0
01:41:26,99.81226141927507,0,0,0
01:41:27,99.8176024121996,0,0,0
01:41:28,99.81226141927507,0,0,0
01:41:29,99.81583398979316,0,0,0
01:41:30,99.80154370772088,0,0,0
01:41:31,99.80690256349796,0,0,0
01:41:32,99.7890397109076,0,0,0
01:41:33,99.79975742246182,0,0,0
01:41:34,99.80688470064538,0,0,0
01:41:35,99.81404770453412,0,0,0
01:41:36,99.82119284557028,0,0,0
01:41:37,99.82476541608835,0,0,0
01:41:38,99.808688848757,0,0,0
01:41:39,99.78814656827808,0,0,0
01:41:40,99.7890397109076,0,0,0
01:41:41,99.78368085513048,0,0,0
01:41:42,99.78189456987144,0,0,0
01:41:43,99.7801082846124,0,0,0
01:41:44,99.76492485991056,0,0,0
01:41:45,99.76581800254009,0,0,0
01:41:46,99.76428179721732,0,0,0
01:41:47,99.75867286150394,0,0,0
01:41:48,99.75688657624492,0,0,0
01:41:49,99.7711768583172,0,0,0
01:41:50,99.75867286150394,0,0,0
01:41:51,99.74616886469067,0,0,0
01:41:52,99.74616886469067,0,0,0
01:41:53,99.75688657624492,0,0,0
01:41:54,99.74706200732018,0,0,0
01:41:55,99.74348943680212,0,0,0
01:41:56,99.7425962941726,0,0,0
01:41:57,99.75688657624492,0,0,0
01:41:58,99.75510029098588,0,0,0
01:41:59,99.75152772046778,0,0,0
01:42:00,99.76045914676298,0,0,0
01:42:01,99.75510029098588,0,0,0
01:42:02,99.7247334415822,0,0,0
01:42:03,99.71133630213944,0,0,0
01:42:04,99.714015730028,0,0,0
01:42:05,99.69972544795569,0,0,0
01:42:06,99.6907940216605,0,0,0
01:42:07,99.6961528774376,0,0,0
01:42:08,99.68900773640144,0,0,0
01:42:09,99.70687058899182,0,0,0
01:42:10,99.69436659217855,0,0,0
01:42:11,99.69436659217855,0,0,0
01:42:12,99.70687058899182,0,0,0
01:42:13,99.72116087106411,0,0,0
01:42:14,99.71222944476897,0,0,0
01:42:15,99.70687058899182,0,0,0
01:42:16,99.71758830054608,0,0,0
01:42:17,99.714015730028,0,0,0
01:42:18,99.69436659217855,0,0,0
01:42:19,99.68722145114242,0,0,0
01:42:20,99.67471745432914,0,0,0
01:42:21,99.66399974277492,0,0,0
01:42:22,99.66578602803396,0,0,0
01:42:23,99.66399974277492,0,0,0
01:42:24,99.66935859855204,0,0,0
01:42:25,99.67293116907013,0,0,0
01:42:26,99.66726864479897,0,0,0
01:42:27,99.66935859855204,0,0,0
01:42:28,99.67471745432914,0,0,0
01:42:29,99.68990087903096,0,0,0
01:42:30,99.7193745858051,0,0,0
01:42:31,99.73545115313644,0,0,0
01:42:32,99.73545115313644,0,0,0
01:42:33,99.7193745858051,0,0,0
01:42:34,99.6907940216605,0,0,0
01:42:35,99.69793916269664,0,0,0
01:42:36,99.6961528774376,0,0,0
01:42:37,99.70151173321472,0,0,0
01:42:38,99.68722145114242,0,0,0
01:42:39,99.68186259536527,0,0,0
01:42:40,99.68543516588336,0,0,0
01:42:41,99.68486355460048,0,0,0
01:42:42,99.68186259536527,0,0,0
01:42:43,99.6907940216605,0,0,0
01:42:44,99.68543516588336,0,0,0
01:42:45,99.67471745432914,0,0,0
01:42:46,99.65835508135636,0,0,0
01:42:47,99.66042717225685,0,0,0
01:42:48,99.65506831647971,0,0,0
01:42:49,99.66221345751588,0,0,0
01:42:50,99.66935859855204,0,0,0
01:42:51,99.7336648678774,0,0,0
01:42:52,99.72294715632316,0,0,0
01:42:53,99.72678766963011,0,0,0
01:42:54,99.71580201528704,0,0,0
01:42:55,99.71312258739847,0,0,0
01:42:56,99.7015295960673,0,0,0
01:42:57,99.68186259536527,0,0,0
01:42:58,99.69972544795569,0,0,0
01:42:59,99.70151173321472,0,0,0
01:43:00,99.69436659217855,0,0,0
01:43:01,99.68186259536527,0,0,0
01:43:02,99.67739688221768,0,0,0
01:43:03,99.6782900248472,0,0,0
01:43:04,99.65506831647971,0,0,0
01:43:05,99.6586408869978,0,0,0
01:43:06,99.66024854373092,0,0,0
01:43:07,99.63363289337128,0,0,0
01:43:08,99.6300603228532,0,0,0
01:43:09,99.64072444584966,0,0,0
01:43:10,99.63720546388932,0,0,0
01:43:11,99.6443506049255,0,0,0
01:43:12,99.6523174371808,0,0,0
01:43:13,99.66042717225685,0,0,0
01:43:14,99.66221345751588,0,0,0
01:43:15,99.70865687425088,0,0,0
01:43:16,99.6961528774376,0,0,0
01:43:17,99.67739688221768,0,0,0
01:43:18,99.68007631010626,0,0,0
01:43:19,99.6782900248472,0,0,0
01:43:20,99.69258030691952,0,0,0
01:43:21,99.69347344954905,0,0,0
01:43:22,99.68748939393129,0,0,0
01:43:23,99.68007631010626,0,0,0
01:43:24,99.69258030691952,0,0,0
01:43:25,99.6907940216605,0,0,0
01:43:26,99.6782900248472,0,0,0
01:43:27,99.67471745432914,0,0,0
01:43:28,99.67650373958818,0,0,0
01:43:29,99.68364888062432,0,0,0
01:43:30,99.68007631010626,0,0,0
01:43:31,99.66042717225685,0,0,0
01:43:32,99.64256431966646,0,0,0
01:43:33,99.63363289337128,0,0,0
01:43:34,99.63899174914836,0,0,0
01:43:35,99.65147788310908,0,0,0
01:43:36,99.6612667263286,0,0,0
01:43:37,99.6586408869978,0,0,0
01:43:38,99.6586408869978,0,0,0
01:43:39,99.6407780344074,0,0,0
01:43:40,99.64792317544358,0,0,0
01:43:41,99.64613689018454,0,0,0
01:43:42,99.65328203122068,0,0,0
01:43:43,99.65149574596164,0,0,0
01:43:44,99.65149574596164,0,0,0
01:43:45,99.63899174914836,0,0,0
01:43:46,99.64613689018454,0,0,0
01:43:47,99.64256431966646,0,0,0
01:43:48,99.63720546388932,0,0,0
01:43:49,99.63363289337128,0,0,0
01:43:50,99.63720546388932,0,0,0
01:43:51,99.6354191786303,0,0,0
01:43:52,99.64256431966646,0,0,0
01:43:53,99.6586408869978,0,0,0
01:43:54,99.64613689018454,0,0,0
01:43:55,99.64613689018454,0,0,0
01:43:56,99.64349318800116,0,0,0
01:43:57,99.64920930083008,0,0,0
01:43:58,99.66042717225685,0,0,0
01:43:59,99.65685460173876,0,0,0
01:44:00,99.66935859855204,0,0,0
01:44:01,99.74616886469067,0,0,0
01:44:02,99.75688657624492,0,0,0
01:44:03,99.75510029098588,0,0,0
01:44:04,99.75867286150394,0,0,0
01:44:05,99.77474942883528,0,0,0
01:44:06,99.77296314357623,0,0,0
01:44:07,99.76760428779912,0,0,0
01:44:08,99.77207000094673,0,0,0
01:44:09,99.77123044687498,0,0,0
01:44:10,99.77653571409432,0,0,0
01:44:11,99.76403171728106,0,0,0
01:44:12,99.73991686628403,0,0,0
01:44:13,99.73187858261838,0,0,0
01:44:14,99.7247334415822,0,0,0
01:44:15,99.72830601210028,0,0,0
01:44:16,99.70687058899182,0,0,0
01:44:17,99.70151173321472,0,0,0
01:44:18,99.714015730028,0,0,0
01:44:19,99.7238402989527,0,0,0
01:44:20,99.72116087106411,0,0,0
01:44:21,99.73009229735932,0,0,0
01:44:22,99.71758830054608,0,0,0
01:44:23,99.738130581025,0,0,0
01:44:24,99.73545115313644,0,0,0
01:44:25,99.7247334415822,0,0,0
01:44:26,99.714015730028,0,0,0
01:44:27,99.714015730028,0,0,0
01:44:28,99.72294715632316,0,0,0
01:44:29,99.71044315950992,0,0,0
01:44:30,99.73009229735932,0,0,0
01:44:31,99.72830601210028,0,0,0
01:44:32,99.75688657624492,0,0,0
01:44:33,99.73902372365453,0,0,0
01:44:34,99.74616886469067,0,0,0
01:44:35,99.75331400572684,0,0,0
01:44:36,99.75063457783826,0,0,0
01:44:37,99.7425962941726,0,0,0
01:44:38,99.75688657624492,0,0,0
01:44:39,99.75331400572684,0,0,0
01:44:40,99.73187858261838,0,0,0
01:44:41,99.72562658421172,0,0,0
01:44:42,99.72562658421172,0,0,0
01:44:43,99.75152772046778,0,0,0
01:44:44,99.75688657624492,0,0,0
01:44:45,99.74527572206117,0,0,0
01:44:46,99.74616886469067,0,0,0
01:44:47,99.73455801050692,0,0,0
01:44:48,99.74438257943164,0,0,0
01:44:49,99.74081000891356,0,0,0
01:44:50,99.74706200732018,0,0,0
01:44:51,99.74793728709712,0,0,0
01:44:52,99.75510029098588,0,0,0
01:44:53,99.75510029098588,0,0,0
01:44:54,99.75331400572684,0,0,0
01:44:55,99.75265308018098,0,0,0
01:44:56,99.74438257943164,0,0,0
01:44:57,99.73902372365453,0,0,0
01:44:58,99.74170315154308,0,0,0
01:44:59,99.75152772046778,0,0,0
01:45:00,99.762245432022,0,0,0
01:45:01,99.74974143520872,0,0,0
01:45:02,99.72830601210028,0,0,0
01:45:03,99.73545115313644,0,0,0
01:45:04,99.73119979421992,0,0,0
01:45:05,99.73545115313644,0,0,0
01:45:06,99.72830601210028,0,0,0
01:45:07,99.714015730028,0,0,0
01:45:08,99.71224730762154,0,0,0
01:45:09,99.7059774463623,0,0,0
01:45:10,99.6907940216605,0,0,0
01:45:11,99.67471745432914,0,0,0
01:45:12,99.65149574596164,0,0,0
01:45:13,99.6318644709648,0,0,0
01:45:14,99.63899174914836,0,0,0
01:45:15,99.65506831647971,0,0,0
01:45:16,99.65506831647971,0,0,0
01:45:17,99.667572313293,0,0,0
01:45:18,99.65506831647971,0,0,0
01:45:19,99.66399974277492,0,0,0
01:45:20,99.66578602803396,0,0,0
01:45:21,99.667572313293,0,0,0
01:45:22,99.69972544795569,0,0,0
01:45:23,99.68364888062432,0,0,0
01:45:24,99.68186259536527,0,0,0
01:45:25,99.70687058899182,0,0,0
01:45:26,99.68900773640144,0,0,0
01:45:27,99.68364888062432,0,0,0
01:45:28,99.68722145114242,0,0,0
01:45:29,99.68722145114242,0,0,0
01:45:30,99.67471745432914,0,0,0
01:45:31,99.69436659217855,0,0,0
01:45:32,99.69436659217855,0,0,0
01:45:33,99.68990087903096,0,0,0
01:45:34,99.70329801847376,0,0,0
01:45:35,99.68543516588336,0,0,0
01:45:36,99.69436659217855,0,0,0
01:45:37,99.68186259536527,0,0,0
01:45:38,99.67471745432914,0,0,0
01:45:39,99.67114488381108,0,0,0
01:45:40,99.66399974277492,0,0,0
01:45:41,99.667572313293,0,0,0
01:45:42,99.66935859855204,0,0,0
01:45:43,99.66935859855204,0,0,0
01:45:44,99.66935859855204,0,0,0
01:45:45,99.66221345751588,0,0,0
01:45:46,99.66042717225685,0,0,0
01:45:47,99.6586408869978,0,0,0
01:45:48,99.6497094607026,0,0,0
01:45:49,99.65149574596164,0,0,0
01:45:50,99.6497094607026,0,0,0
01:45:51,99.67293116907013,0,0,0
01:45:52,99.67114488381108,0,0,0
01:45:53,99.66399974277492,0,0,0
01:45:54,99.6961528774376,0,0,0
01:45:55,99.68543516588336,0,0,0
01:45:56,99.67471745432914,0,0,0
01:45:57,99.68722145114242,0,0,0
01:45:58,99.68936499345324,0,0,0
01:45:59,99.69258030691952,0,0,0
01:46:00,99.6961528774376,0,0,0
01:46:01,99.69258030691952,0,0,0
01:46:02,99.6907940216605,0,0,0
01:46:03,99.6907940216605,0,0,0
01:46:04,99.70151173321472,0,0,0
01:46:05,99.69793916269664,0,0,0
01:46:06,99.69793916269664,0,0,0
01:46:07,99.71044315950992,0,0,0
01:46:08,99.69793916269664,0,0,0
01:46:09,99.71222944476897,0,0,0
01:46:10,99.71758830054608,0,0,0
01:46:11,99.69972544795569,0,0,0
01:46:12,99.72116087106411,0,0,0
01:46:13,99.73009229735932,0,0,0
01:46:14,99.73078894861035,0,0,0
01:46:15,99.7425962941726,0,0,0
01:46:16,99.7336648678774,0,0,0
01:46:17,99.71758830054608,0,0,0
01:46:18,99.73009229735932,0,0,0
01:46:19,99.71222944476897,0,0,0
01:46:20,99.7095500168804,0,0,0
01:46:21,99.7193745858051,0,0,0
01:46:22,99.73009229735932,0,0,0
01:46:23,99.73902372365453,0,0,0
01:46:24,99.7479551499497,0,0,0
01:46:25,99.73545115313644,0,0,0
01:46:26,99.74438257943164,0,0,0
01:46:27,99.74257843132,0,0,0
01:46:28,99.7336648678774,0,0,0
01:46:29,99.73723743839548,0,0,0
01:46:30,99.7247334415822,0,0,0
01:46:31,99.75688657624492,0,0,0
01:46:32,99.75152772046778,0,0,0
01:46:33,99.762245432022,0,0,0
01:46:34,99.77653571409432,0,0,0
01:46:35,99.7801082846124,0,0,0
01:46:36,99.77421354325756,0,0,0
01:46:37,99.76849743042864,0,0,0
01:46:38,99.77296314357623,0,0,0
01:46:39,99.7801082846124,0,0,0
01:46:40,99.77446362319384,0,0,0
01:46:41,99.76454974000616,0,0,0
01:46:42,99.76581800254009,0,0,0
01:46:43,99.77832199935337,0,0,0
01:46:44,99.74081000891356,0,0,0
01:46:45,99.7336648678774,0,0,0
01:46:46,99.72651972684125,0,0,0
01:46:47,99.72651972684125,0,0,0
01:46:48,99.74438257943164,0,0,0
01:46:49,99.75510029098588,0,0,0
01:46:50,99.75867286150394,0,0,0
01:46:51,99.76760428779912,0,0,0
01:46:52,99.7600125754482,0,0,0
01:46:53,99.762245432022,0,0,0
01:46:54,99.762245432022,0,0,0
01:46:55,99.77653571409432,0,0,0
01:46:56,99.7801082846124,0,0,0
01:46:57,99.78725342564854,0,0,0
01:46:58,99.78636028301904,0,0,0
01:46:59,99.78546714038951,0,0,0
01:47:00,99.79975742246182,0,0,0
01:47:01,99.78725342564854,0,0,0
01:47:02,99.7890397109076,0,0,0
01:47:03,99.79975742246182,0,0,0
01:47:04,99.78546714038951,0,0,0
01:47:05,99.78255549541728,0,0,0
01:47:06,99.78368085513048,0,0,0
01:47:07,99.79439856668468,0,0,0
01:47:08,99.80690256349796,0,0,0
01:47:09,99.79975742246182,0,0,0
01:47:10,99.79261228142566,0,0,0
01:47:11,99.76045914676298,0,0,0
01:47:12,99.74974143520872,0,0,0
01:47:13,99.73902372365453,0,0,0
01:47:14,99.75152772046778,0,0,0
01:47:15,99.76403171728106,0,0,0
01:47:16,99.76758642494654,0,0,0
01:47:17,99.76045914676298,0,0,0
01:47:18,99.74081000891356,0,0,0
01:47:19,99.7479551499497,0,0,0
01:47:20,99.7479551499497,0,0,0
01:47:21,99.74170315154308,0,0,0
01:47:22,99.74170315154308,0,0,0
01:47:23,99.74438257943164,0,0,0
01:47:24,99.73545115313644,0,0,0
01:47:25,99.74438257943164,0,0,0
01:47:26,99.74081000891356,0,0,0
01:47:27,99.74770507001344,0,0,0
01:47:28,99.73545115313644,0,0,0
01:47:29,99.73545115313644,0,0,0
01:47:30,99.73187858261838,0,0,0
01:47:31,99.72651972684125,0,0,0
01:47:32,99.72116087106411,0,0,0
01:47:33,99.69972544795569,0,0,0
01:47:34,99.69529546051324,0,0,0
01:47:35,99.6907940216605,0,0,0
01:47:36,99.68990087903096,0,0,0
01:47:37,99.6961528774376,0,0,0
01:47:38,99.69125845582784,0,0,0
01:47:39,99.68722145114242,0,0,0
01:47:40,99.6961528774376,0,0,0
01:47:41,99.69436659217855,0,0,0
01:47:42,99.69258030691952,0,0,0
01:47:43,99.69436659217855,0,0,0
01:47:44,99.70865687425088,0,0,0
01:47:45,99.70865687425088,0,0,0
01:47:46,99.70865687425088,0,0,0
01:47:47,99.70865687425088,0,0,0
01:47:48,99.70687058899182,0,0,0
01:47:49,99.69793916269664,0,0,0
01:47:50,99.6961528774376,0,0,0
01:47:51,99.69972544795569,0,0,0
01:47:52,99.6961528774376,0,0,0
01:47:53,99.6907940216605,0,0,0
01:47:54,99.71848144317558,0,0,0
01:47:55,99.72830601210028,0,0,0
01:47:56,99.714015730028,0,0,0
01:47:57,99.71758830054608,0,0,0
01:47:58,99.71758830054608,0,0,0
01:47:59,99.72294715632316,0,0,0
01:48:00,99.70687058899182,0,0,0
01:48:01,99.70329801847376,0,0,0
01:48:02,99.69972544795569,0,0,0
01:48:03,99.6907940216605,0,0,0
01:48:04,99.69972544795569,0,0,0
01:48:05,99.69793916269664,0,0,0
01:48:06,99.66935859855204,0,0,0
01:48:07,99.66042717225685,0,0,0
01:48:08,99.68364888062432,0,0,0
01:48:09,99.69972544795569,0,0,0
01:48:10,99.71222944476897,0,0,0
01:48:11,99.7050843037328,0,0,0
01:48:12,99.6961528774376,0,0,0
01:48:13,99.7050843037328,0,0,0
01:48:14,99.70856755998793,0,0,0
01:48:15,99.6961528774376,0,0,0
01:48:16,99.7193745858051,0,0,0
01:48:17,99.7336648678774,0,0,0
01:48:18,99.73455801050692,0,0,0
01:48:19,99.73096757713624,0,0,0
01:48:20,99.72651972684125,0,0,0
01:48:21,99.7336648678774,0,0,0
01:48:22,99.73723743839548,0,0,0
01:48:23,99.72651972684125,0,0,0
01:48:24,99.71222944476897,0,0,0
01:48:25,99.73723743839548,0,0,0
01:48:26,99.7425962941726,0,0,0
01:48:27,99.74974143520872,0,0,0
01:48:28,99.73187858261838,0,0,0
01:48:29,99.72898480049872,0,0,0
01:48:30,99.74081000891356,0,0,0
01:48:31,99.74438257943164,0,0,0
01:48:32,99.75331400572684,0,0,0
01:48:33,99.76135228939248,0,0,0
01:48:34,99.75251017736026,0,0,0
01:48:35,99.73187858261838,0,0,0
01:48:36,99.74081000891356,0,0,0
01:48:37,99.73545115313644,0,0,0
01:48:38,99.74616886469067,0,0,0
01:48:39,99.7479551499497,0,0,0
01:48:40,99.73009229735932,0,0,0
01:48:41,99.73187858261838,0,0,0
01:48:42,99.7247334415822,0,0,0
01:48:43,99.73009229735932,0,0,0
01:48:44,99.7193745858051,0,0,0
01:48:45,99.71580201528704,0,0,0
01:48:46,99.71580201528704,0,0,0
01:48:47,99.71044315950992,0,0,0
01:48:48,99.7193745858051,0,0,0
01:48:49,99.7229292934706,0,0,0
01:48:50,99.70865687425088,0,0,0
01:48:51,99.70865687425088,0,0,0
01:48:52,99.72026772843462,0,0,0
01:48:53,99.73009229735932,0,0,0
01:48:54,99.7479551499497,0,0,0
01:48:55,99.75152772046778,0,0,0
01:48:56,99.75867286150394,0,0,0
01:48:57,99.75510029098588,0,0,0
01:48:58,99.74616886469067,0,0,0
01:48:59,99.74438257943164,0,0,0
01:49:00,99.73902372365453,0,0,0
01:49:01,99.75152772046778,0,0,0
01:49:02,99.73902372365453,0,0,0
01:49:03,99.7479551499497,0,0,0
01:49:04,99.75152772046778,0,0,0
01:49:05,99.73187858261838,0,0,0
01:49:06,99.73187858261838,0,0,0
01:49:07,99.73187858261838,0,0,0
01:49:08,99.73545115313644,0,0,0
01:49:09,99.73723743839548,0,0,0
01:49:10,99.73723743839548,0,0,0
01:49:11,99.73545115313644,0,0,0
01:49:12,99.7247334415822,0,0,0
01:49:13,99.714015730028,0,0,0
01:49:14,99.7479551499497,0,0,0
01:49:15,99.76045914676298,0,0,0
01:49:16,99.762245432022,0,0,0
01:49:17,99.77296314357623,0,0,0
01:49:18,99.76939057305816,0,0,0
01:49:19,99.76403171728106,0,0,0
01:49:20,99.76045914676298,0,0,0
01:49:21,99.75152772046778,0,0,0
01:49:22,99.75152772046778,0,0,0
01:49:23,99.7479551499497,0,0,0
01:49:24,99.73902372365453,0,0,0
01:49:25,99.75152772046778,0,0,0
01:49:26,99.74616886469067,0,0,0
01:49:27,99.75867286150394,0,0,0
01:49:28,99.7479551499497,0,0,0
01:49:29,99.7425962941726,0,0,0
01:49:30,99.76847956757604,0,0,0
01:49:31,99.7711768583172,0,0,0
01:49:32,99.7711768583172,0,0,0
01:49:33,99.77071242414986,0,0,0
01:49:34,99.76939057305816,0,0,0
01:49:35,99.74438257943164,0,0,0
01:49:36,99.74974143520872,0,0,0
01:49:37,99.75531464521694,0,0,0
01:49:38,99.75531464521694,0,0,0
01:49:39,99.74616886469067,0,0,0
01:49:40,99.72294715632316,0,0,0
01:49:41,99.71133630213944,0,0,0
01:49:42,99.7193745858051,0,0,0
01:49:43,99.72294715632316,0,0,0
01:49:44,99.72116087106411,0,0,0
01:49:45,99.71580201528704,0,0,0
01:49:46,99.71044315950992,0,0,0
01:49:47,99.73634429576596,0,0,0
01:49:48,99.7425962941726,0,0,0
01:49:49,99.73187858261838,0,0,0
01:49:50,99.74081000891356,0,0,0
01:49:51,99.7479551499497,0,0,0
01:49:52,99.75688657624492,0,0,0
01:49:53,99.74438257943164,0,0,0
01:49:54,99.74438257943164,0,0,0
01:49:55,99.75331400572684,0,0,0
01:49:56,99.72651972684125,0,0,0
01:49:57,99.7247334415822,0,0,0
01:49:58,99.72651972684125,0,0,0
01:49:59,99.72116087106411,0,0,0
01:50:00,99.7193745858051,0,0,0
01:50:01,99.7193745858051,0,0,0
01:50:02,99.71758830054608,0,0,0
01:50:03,99.71312258739847,0,0,0
01:50:04,99.69883230532616,0,0,0
01:50:05,99.6961528774376,0,0,0
01:50:06,99.6961528774376,0,0,0
01:50:07,99.7006185905852,0,0,0
01:50:08,99.73009229735932,0,0,0
01:50:09,99.71758830054608,0,0,0
01:50:10,99.70687058899182,0,0,0
01:50:11,99.71758830054608,0,0,0
01:50:12,99.71580201528704,0,0,0
01:50:13,99.7193745858051,0,0,0
01:50:14,99.72651972684125,0,0,0
01:50:15,99.72116087106411,0,0,0
01:50:16,99.73009229735932,0,0,0
01:50:17,99.7247334415822,0,0,0
01:50:18,99.73723743839548,0,0,0
01:50:19,99.762245432022,0,0,0
01:50:20,99.75331400572684,0,0,0
01:50:21,99.75510029098588,0,0,0
01:50:22,99.762245432022,0,0,0
01:50:23,99.7801082846124,0,0,0
01:50:24,99.7711768583172,0,0,0
01:50:25,99.78814656827808,0,0,0
01:50:26,99.78546714038951,0,0,0
01:50:27,99.78162662708256,0,0,0
01:50:28,99.77653571409432,0,0,0
01:50:29,99.77296314357623,0,0,0
01:50:30,99.77653571409432,0,0,0
01:50:31,99.78189456987144,0,0,0
01:50:32,99.76939057305816,0,0,0
01:50:33,99.75995898689044,0,0,0
01:50:34,99.7425962941726,0,0,0
01:50:35,99.72651972684125,0,0,0
01:50:36,99.73545115313644,0,0,0
01:50:37,99.74081000891356,0,0,0
01:50:38,99.74081000891356,0,0,0
01:50:39,99.74616886469067,0,0,0
01:50:40,99.7716055667794,0,0,0
01:50:41,99.78189456987144,0,0,0
01:50:42,99.77653571409432,0,0,0
01:50:43,99.77653571409432,0,0,0
01:50:44,99.77474942883528,0,0,0
01:50:45,99.77474942883528,0,0,0
01:50:46,99.77832199935337,0,0,0
01:50:47,99.76760428779912,0,0,0
01:50:48,99.76760428779912,0,0,0
01:50:49,99.75331400572684,0,0,0
01:50:50,99.7479551499497,0,0,0
01:50:51,99.74616886469067,0,0,0
01:50:52,99.74616886469067,0,0,0
01:50:53,99.7425962941726,0,0,0
01:50:54,99.74616886469067,0,0,0
01:50:55,99.73991686628403,0,0,0
01:50:56,99.7336648678774,0,0,0
01:50:57,99.72830601210028,0,0,0
01:50:58,99.7425962941726,0,0,0
01:50:59,99.73902372365453,0,0,0
01:51:00,99.73545115313644,0,0,0
01:51:01,99.72651972684125,0,0,0
01:51:02,99.714015730028,0,0,0
01:51:03,99.714015730028,0,0,0
01:51:04,99.7193745858051,0,0,0
01:51:05,99.71222944476897,0,0,0
01:51:06,99.72182179660996,0,0,0
01:51:07,99.69793916269664,0,0,0
01:51:08,99.70687058899182,0,0,0
01:51:09,99.6961528774376,0,0,0
01:51:10,99.70865687425088,0,0,0
01:51:11,99.69436659217855,0,0,0
01:51:12,99.6961528774376,0,0,0
01:51:13,99.69436659217855,0,0,0
01:51:14,99.68900773640144,0,0,0
01:51:15,99.68366674347692,0,0,0
01:51:16,99.68722145114242,0,0,0
01:51:17,99.68900773640144,0,0,0
01:51:18,99.68186259536527,0,0,0
01:51:19,99.68900773640144,0,0,0
01:51:20,99.68007631010626,0,0,0
01:51:21,99.67471745432914,0,0,0
01:51:22,99.66935859855204,0,0,0
01:51:23,99.6497094607026,0,0,0
01:51:24,99.63720546388932,0,0,0
01:51:25,99.62827403759415,0,0,0
01:51:26,99.62291518181704,0,0,0
01:51:27,99.621128896558,0,0,0
01:51:28,99.6300603228532,0,0,0
01:51:29,99.6407780344074,0,0,0
01:51:30,99.6443506049255,0,0,0
01:51:31,99.65506831647971,0,0,0
01:51:32,99.62470146707608,0,0,0
01:51:33,99.62827403759415,0,0,0
01:51:34,99.621128896558,0,0,0
01:51:35,99.6354191786303,0,0,0
01:51:36,99.6014797587086,0,0,0
01:51:37,99.59790718819052,0,0,0
01:51:38,99.60505232922668,0,0,0
01:51:39,99.60862489974473,0,0,0
01:51:40,99.61577004078087,0,0,0
01:51:41,99.61577004078087,0,0,0
01:51:42,99.6110721105496,0,0,0
01:51:43,99.60326604396762,0,0,0
01:51:44,99.61041118500376,0,0,0
01:51:45,99.6014797587086,0,0,0
01:51:46,99.61041118500376,0,0,0
01:51:47,99.6246478785183,0,0,0
01:51:48,99.61577004078087,0,0,0
01:51:49,99.61577004078087,0,0,0
01:51:50,99.63720546388932,0,0,0
01:51:51,99.64613689018454,0,0,0
01:51:52,99.66042717225685,0,0,0
01:51:53,99.75867286150394,0,0,0
01:51:54,99.7479551499497,0,0,0
01:51:55,99.7050843037328,0,0,0
01:51:56,99.69972544795569,0,0,0
01:51:57,99.67114488381108,0,0,0
01:51:58,99.67650373958818,0,0,0
01:51:59,99.6586408869978,0,0,0
01:52:00,99.67293116907013,0,0,0
01:52:01,99.67114488381108,0,0,0
01:52:02,99.70865687425088,0,0,0
01:52:03,99.714015730028,0,0,0
01:52:04,99.70865687425088,0,0,0
01:52:05,99.6907940216605,0,0,0
01:52:06,99.67114488381108,0,0,0
01:52:07,99.65149574596164,0,0,0
01:52:08,99.66578602803396,0,0,0
01:52:09,99.66221345751588,0,0,0
01:52:10,99.6396884003994,0,0,0
01:52:11,99.63363289337128,0,0,0
01:52:12,99.64256431966646,0,0,0
01:52:13,99.61934261129898,0,0,0
01:52:14,99.61934261129898,0,0,0
01:52:15,99.61577004078087,0,0,0
01:52:16,99.6068386144857,0,0,0
01:52:17,99.6121974702628,0,0,0
01:52:18,99.61755632603992,0,0,0
01:52:19,99.62470146707608,0,0,0
01:52:20,99.61577004078087,0,0,0
01:52:21,99.61577004078087,0,0,0
01:52:22,99.6211110337054,0,0,0
01:52:23,99.62291518181704,0,0,0
01:52:24,99.618163663028,0,0,0
01:52:25,99.59969347344956,0,0,0
01:52:26,99.6014797587086,0,0,0
01:52:27,99.61398375552184,0,0,0
01:52:28,99.61934261129898,0,0,0
01:52:29,99.59969347344956,0,0,0
01:52:30,99.5925483324134,0,0,0
01:52:31,99.60505232922668,0,0,0
01:52:32,99.59971133630214,0,0,0
01:52:33,99.60505232922668,0,0,0
01:52:34,99.62648775233512,0,0,0
01:52:35,99.61755632603992,0,0,0
01:52:36,99.61755632603992,0,0,0
01:52:37,99.61755632603992,0,0,0
01:52:38,99.60862489974473,0,0,0
01:52:39,99.58181275800658,0,0,0
01:52:40,99.59076204715434,0,0,0
01:52:41,99.56754033878686,0,0,0
01:52:42,99.56932662404589,0,0,0
01:52:43,99.56396776826878,0,0,0
01:52:44,99.53002834834706,0,0,0
01:52:45,99.53895977464224,0,0,0
01:52:46,99.5397814658614,0,0,0
01:52:47,99.53895977464224,0,0,0
01:52:48,99.57468547982302,0,0,0
01:52:49,99.56218148300974,0,0,0
01:52:50,99.54789120093744,0,0,0
01:52:51,99.5550363419736,0,0,0
01:52:52,99.55860891249166,0,0,0
01:52:53,99.55860891249166,0,0,0
01:52:54,99.55860891249166,0,0,0
01:52:55,99.5514637714555,0,0,0
01:52:56,99.55682262723263,0,0,0
01:52:57,99.55325005671456,0,0,0
01:52:58,99.54676584122424,0,0,0
01:52:59,99.54431863041935,0,0,0
01:53:00,99.54431863041935,0,0,0
01:53:01,99.55860891249166,0,0,0
01:53:02,99.54967748619649,0,0,0
01:53:03,99.57289919456396,0,0,0
01:53:04,99.57647176508203,0,0,0
01:53:05,99.56039519775072,0,0,0
01:53:06,99.5514637714555,0,0,0
01:53:07,99.5657540535278,0,0,0
01:53:08,99.55860891249166,0,0,0
01:53:09,99.56218148300974,0,0,0
01:53:10,99.56218148300974,0,0,0
01:53:11,99.56211003159936,0,0,0
01:53:12,99.5550363419736,0,0,0
01:53:13,99.56932662404589,0,0,0
01:53:14,99.57111290930492,0,0,0
01:53:15,99.57682902213384,0,0,0
01:53:16,99.55414319934408,0,0,0
01:53:17,99.528242063088,0,0,0
01:53:18,99.54431863041935,0,0,0
01:53:19,99.55682262723263,0,0,0
01:53:20,99.55325005671456,0,0,0
01:53:21,99.53002834834706,0,0,0
01:53:22,99.53895977464224,0,0,0
01:53:23,99.54431863041935,0,0,0
01:53:24,99.5514637714555,0,0,0
01:53:25,99.55325005671456,0,0,0
01:53:26,99.54789120093744,0,0,0
01:53:27,99.57289919456396,0,0,0
01:53:28,99.56755820163944,0,0,0
01:53:29,99.57825805034108,0,0,0
01:53:30,99.5461049156784,0,0,0
01:53:31,99.56039519775072,0,0,0
01:53:32,99.5371734893832,0,0,0
01:53:33,99.54431863041935,0,0,0
01:53:34,99.54431863041935,0,0,0
01:53:35,99.5550363419736,0,0,0
01:53:36,99.56396776826878,0,0,0
01:53:37,99.56932662404589,0,0,0
01:53:38,99.57647176508203,0,0,0
01:53:39,99.56039519775072,0,0,0
01:53:40,99.57647176508203,0,0,0
01:53:41,99.56039519775072,0,0,0
01:53:42,99.56039519775072,0,0,0
01:53:43,99.56039519775072,0,0,0
01:53:44,99.56039519775072,0,0,0
01:53:45,99.5657540535278,0,0,0
01:53:46,99.57468547982302,0,0,0
01:53:47,99.56237797438824,0,0,0
01:53:48,99.5550363419736,0,0,0
01:53:49,99.53538720412418,0,0,0
01:53:50,99.53538720412418,0,0,0
01:53:51,99.53538720412418,0,0,0
01:53:52,99.53538720412418,0,0,0
01:53:53,99.5175243515338,0,0,0
01:53:54,99.51931063679282,0,0,0
01:53:55,99.53360091886512,0,0,0
01:53:56,99.5318146336061,0,0,0
01:53:57,99.55144590860291,0,0,0
01:53:58,99.55144590860291,0,0,0
01:53:59,99.54789120093744,0,0,0
01:54:00,99.54074605990128,0,0,0
01:54:01,99.5461049156784,0,0,0
01:54:02,99.5514637714555,0,0,0
01:54:03,99.56754033878686,0,0,0
01:54:04,99.59880033082004,0,0,0
01:54:05,99.58004433560012,0,0,0
01:54:06,99.58183062085917,0,0,0
01:54:07,99.55325005671456,0,0,0
01:54:08,99.54253234516032,0,0,0
01:54:09,99.5657540535278,0,0,0
01:54:10,99.55860891249166,0,0,0
01:54:11,99.56932662404589,0,0,0
01:54:12,99.57468547982302,0,0,0
01:54:13,99.57468547982302,0,0,0
01:54:14,99.57468547982302,0,0,0
01:54:15,99.57379233719348,0,0,0
01:54:16,99.56932662404589,0,0,0
01:54:17,99.56866569850004,0,0,0
01:54:18,99.56932662404589,0,0,0
01:54:19,99.5836169061182,0,0,0
01:54:20,99.6014797587086,0,0,0
01:54:21,99.59612090293146,0,0,0
01:54:22,99.59433461767242,0,0,0
01:54:23,99.59433461767242,0,0,0
01:54:24,99.59612090293146,0,0,0
01:54:25,99.60505232922668,0,0,0
01:54:26,99.59969347344956,0,0,0
01:54:27,99.6068386144857,0,0,0
01:54:28,99.62080736521138,0,0,0
01:54:29,99.60505232922668,0,0,0
01:54:30,99.59790718819052,0,0,0
01:54:31,99.59790718819052,0,0,0
01:54:32,99.62827403759415,0,0,0
01:54:33,99.63184660811224,0,0,0
01:54:34,99.64256431966646,0,0,0
01:54:35,99.6407780344074,0,0,0
01:54:36,99.63184660811224,0,0,0
01:54:37,99.63899174914836,0,0,0
01:54:38,99.65506831647971,0,0,0
01:54:39,99.64792317544358,0,0,0
01:54:40,99.6497094607026,0,0,0
01:54:41,99.6443506049255,0,0,0
01:54:42,99.64613689018454,0,0,0
01:54:43,99.62827403759415,0,0,0
01:54:44,99.621128896558,0,0,0
01:54:45,99.60860703689217,0,0,0
01:54:46,99.58629633400676,0,0,0
01:54:47,99.5836169061182,0,0,0
01:54:48,99.58183062085917,0,0,0
01:54:49,99.59790718819052,0,0,0
01:54:50,99.5877074993614,0,0,0
01:54:51,99.5877074993614,0,0,0
01:54:52,99.59790718819052,0,0,0
01:54:53,99.6121974702628,0,0,0
01:54:54,99.62916718022367,0,0,0
01:54:55,99.63899174914836,0,0,0
01:54:56,99.64256431966646,0,0,0
01:54:57,99.64613689018454,0,0,0
01:54:58,99.65328203122068,0,0,0
01:54:59,99.65873020126077,0,0,0
01:55:00,99.65060260333212,0,0,0
01:55:01,99.6586408869978,0,0,0
01:55:02,99.66221345751588,0,0,0
01:55:03,99.67471745432914,0,0,0
01:55:04,99.65506831647971,0,0,0
01:55:05,99.6407780344074,0,0,0
01:55:06,99.64792317544358,0,0,0
01:55:07,99.67471745432914,0,0,0
01:55:08,99.67293116907013,0,0,0
01:55:09,99.66578602803396,0,0,0
01:55:10,99.6782900248472,0,0,0
01:55:11,99.68186259536527,0,0,0
01:55:12,99.68900773640144,0,0,0
01:55:13,99.6907940216605,0,0,0
01:55:14,99.69436659217855,0,0,0
01:55:15,99.69793916269664,0,0,0
01:55:16,99.72830601210028,0,0,0
01:55:17,99.7336648678774,0,0,0
01:55:18,99.72650186398866,0,0,0
01:55:19,99.73902372365453,0,0,0
01:55:20,99.74438257943164,0,0,0
01:55:21,99.73804126676204,0,0,0
01:55:22,99.73039596585336,0,0,0
01:55:23,99.72450122449852,0,0,0
01:55:24,99.7050664408802,0,0,0
01:55:25,99.68364888062432,0,0,0
01:55:26,99.67114488381108,0,0,0
01:55:27,99.67293116907013,0,0,0
01:55:28,99.67827216199464,0,0,0
01:55:29,99.67650373958818,0,0,0
01:55:30,99.69436659217855,0,0,0
01:55:31,99.69258030691952,0,0,0
01:55:32,99.714015730028,0,0,0
01:55:33,99.71758830054608,0,0,0
01:55:34,99.714015730028,0,0,0
01:55:35,99.70865687425088,0,0,0
01:55:36,99.69972544795569,0,0,0
01:55:37,99.70329801847376,0,0,0
01:55:38,99.71222944476897,0,0,0
01:55:39,99.71758830054608,0,0,0
01:55:40,99.7193745858051,0,0,0
01:55:41,99.73545115313644,0,0,0
01:55:42,99.72296501917576,0,0,0
01:55:43,99.73009229735932,0,0,0
01:55:44,99.73902372365453,0,0,0
01:55:45,99.72651972684125,0,0,0
01:55:46,99.72830601210028,0,0,0
01:55:47,99.73545115313644,0,0,0
01:55:48,99.762245432022,0,0,0
01:55:49,99.75152772046778,0,0,0
01:55:50,99.74974143520872,0,0,0
01:55:51,99.73545115313644,0,0,0
01:55:52,99.7336648678774,0,0,0
01:55:53,99.72116087106411,0,0,0
01:55:54,99.72651972684125,0,0,0
01:55:55,99.73723743839548,0,0,0
01:55:56,99.74438257943164,0,0,0
01:55:57,99.75510029098588,0,0,0
01:55:58,99.73723743839548,0,0,0
01:55:59,99.73353982790928,0,0,0
01:56:00,99.7336648678774,0,0,0
01:56:01,99.72830601210028,0,0,0
01:56:02,99.7336648678774,0,0,0
01:56:03,99.73545115313644,0,0,0
01:56:04,99.73545115313644,0,0,0
01:56:05,99.72830601210028,0,0,0
01:56:06,99.7273771437656,0,0,0
01:56:07,99.7193745858051,0,0,0
01:56:08,99.74081000891356,0,0,0
01:56:09,99.7425962941726,0,0,0
01:56:10,99.73902372365453,0,0,0
01:56:11,99.74264988273038,0,0,0
01:56:12,99.73187858261838,0,0,0
01:56:13,99.71758830054608,0,0,0
01:56:14,99.7193745858051,0,0,0
01:56:15,99.72294715632316,0,0,0
01:56:16,99.70687058899182,0,0,0
01:56:17,99.70687058899182,0,0,0
01:56:18,99.70151173321472,0,0,0
01:56:19,99.70151173321472,0,0,0
01:56:20,99.70687058899182,0,0,0
01:56:21,99.7139978671754,0,0,0
01:56:22,99.69793916269664,0,0,0
01:56:23,99.70215479590796,0,0,0
01:56:24,99.70329801847376,0,0,0
01:56:25,99.6961528774376,0,0,0
01:56:26,99.69258030691952,0,0,0
01:56:27,99.70687058899182,0,0,0
01:56:28,99.7247334415822,0,0,0
01:56:29,99.73009229735932,0,0,0
01:56:30,99.74438257943164,0,0,0
01:56:31,99.74966998379836,0,0,0
01:56:32,99.73009229735932,0,0,0
01:56:33,99.72294715632316,0,0,0
01:56:34,99.73009229735932,0,0,0
01:56:35,99.73009229735932,0,0,0
01:56:36,99.74125658022832,0,0,0
01:56:37,99.7422390371208,0,0,0
01:56:38,99.7247334415822,0,0,0
01:56:39,99.72116087106411,0,0,0
01:56:40,99.72116087106411,0,0,0
01:56:41,99.72116087106411,0,0,0
01:56:42,99.71580201528704,0,0,0
01:56:43,99.71949962577324,0,0,0
01:56:44,99.72294715632316,0,0,0
01:56:45,99.72294715632316,0,0,0
01:56:46,99.72651972684125,0,0,0
01:56:47,99.7193745858051,0,0,0
01:56:48,99.68900773640144,0,0,0
01:56:49,99.68198763533344,0,0,0
01:56:50,99.6863283085129,0,0,0
01:56:51,99.6961528774376,0,0,0
01:56:52,99.68007631010626,0,0,0
01:56:53,99.65506831647971,0,0,0
01:56:54,99.61934261129898,0,0,0
01:56:55,99.58540319137724,0,0,0
01:56:56,99.56218148300974,0,0,0
01:56:57,99.57111290930492,0,0,0
01:56:58,99.58183062085917,0,0,0
01:56:59,99.57647176508203,0,0,0
01:57:00,99.58540319137724,0,0,0
01:57:01,99.58004433560012,0,0,0
01:57:02,99.56754033878686,0,0,0
01:57:03,99.58540319137724,0,0,0
01:57:04,99.60505232922668,0,0,0
01:57:05,99.621128896558,0,0,0
01:57:06,99.61934261129898,0,0,0
01:57:07,99.6068386144857,0,0,0
01:57:08,99.6068386144857,0,0,0
01:57:09,99.61934261129898,0,0,0
01:57:10,99.61400161837445,0,0,0
01:57:11,99.61041118500376,0,0,0
01:57:12,99.6121974702628,0,0,0
01:57:13,99.59790718819052,0,0,0
01:57:14,99.59969347344956,0,0,0
01:57:15,99.59969347344956,0,0,0
01:57:16,99.5657540535278,0,0,0
01:57:17,99.56039519775072,0,0,0
01:57:18,99.55994862643594,0,0,0
01:57:19,99.54431863041935,0,0,0
01:57:20,99.55682262723263,0,0,0
01:57:21,99.55325005671456,0,0,0
01:57:22,99.56754033878686,0,0,0
01:57:23,99.56218148300974,0,0,0
01:57:24,99.57289919456396,0,0,0
01:57:25,99.56064527768696,0,0,0
01:57:26,99.5514637714555,0,0,0
01:57:27,99.56039519775072,0,0,0
01:57:28,99.55860891249166,0,0,0
01:57:29,99.58004433560012,0,0,0
01:57:30,99.56396776826878,0,0,0
01:57:31,99.56039519775072,0,0,0
01:57:32,99.57379233719348,0,0,0
01:57:33,99.56961242968734,0,0,0
01:57:34,99.5657540535278,0,0,0
01:57:35,99.56754033878686,0,0,0
01:57:36,99.5514637714555,0,0,0
01:57:37,99.55325005671456,0,0,0
01:57:38,99.55065994308896,0,0,0
01:57:39,99.55682262723263,0,0,0
01:57:40,99.55682262723263,0,0,0
01:57:41,99.55235691408504,0,0,0
01:57:42,99.54967748619649,0,0,0
01:57:43,99.54967748619649,0,0,0
01:57:44,99.56039519775072,0,0,0
01:57:45,99.55682262723263,0,0,0
01:57:46,99.56200285448384,0,0,0
01:57:47,99.55684049008522,0,0,0
01:57:48,99.55355372520856,0,0,0
01:57:49,99.55682262723263,0,0,0
01:57:50,99.55682262723263,0,0,0
01:57:51,99.5514637714555,0,0,0
01:57:52,99.54967748619649,0,0,0
01:57:53,99.56754033878686,0,0,0
01:57:54,99.58540319137724,0,0,0
01:57:55,99.61577004078087,0,0,0
01:57:56,99.62291518181704,0,0,0
01:57:57,99.6407780344074,0,0,0
01:57:58,99.65149574596164,0,0,0
01:57:59,99.65328203122068,0,0,0
01:58:00,99.65685460173876,0,0,0
01:58:01,99.64792317544358,0,0,0
01:58:02,99.63658026404867,0,0,0
01:58:03,99.63899174914836,0,0,0
01:58:04,99.61844946866944,0,0,0
01:58:05,99.62470146707608,0,0,0
01:58:06,99.61400161837445,0,0,0
01:58:07,99.61400161837445,0,0,0
01:58:08,99.61884245142645,0,0,0
01:58:09,99.60326604396762,0,0,0
01:58:10,99.61577004078087,0,0,0
01:58:11,99.61130432763328,0,0,0
01:58:12,99.61130432763328,0,0,0
01:58:13,99.5836169061182,0,0,0
01:58:14,99.57682902213384,0,0,0
01:58:15,99.58718947663628,0,0,0
01:58:16,99.58540319137724,0,0,0
01:58:17,99.57825805034108,0,0,0
01:58:18,99.5836169061182,0,0,0
01:58:19,99.59076204715434,0,0,0
01:58:20,99.59076204715434,0,0,0
01:58:21,99.6023729013381,0,0,0
01:58:22,99.61934261129898,0,0,0
01:58:23,99.61934261129898,0,0,0
01:58:24,99.60505232922668,0,0,0
01:58:25,99.60505232922668,0,0,0
01:58:26,99.6014797587086,0,0,0
01:58:27,99.6068386144857,0,0,0
01:58:28,99.6068386144857,0,0,0
01:58:29,99.6121974702628,0,0,0
01:58:30,99.6121974702628,0,0,0
01:58:31,99.65149574596164,0,0,0
01:58:32,99.65149574596164,0,0,0
01:58:33,99.63363289337128,0,0,0
01:58:34,99.63363289337128,0,0,0
01:58:35,99.63363289337128,0,0,0
01:58:36,99.621128896558,0,0,0
01:58:37,99.6014797587086,0,0,0
01:58:38,99.59612090293146,0,0,0
01:58:39,99.59969347344956,0,0,0
01:58:40,99.59433461767242,0,0,0
01:58:41,99.58183062085917,0,0,0
01:58:42,99.60326604396762,0,0,0
01:58:43,99.6068386144857,0,0,0
01:58:44,99.61201884173693,0,0,0
01:58:45,99.5925483324134,0,0,0
01:58:46,99.59433461767242,0,0,0
01:58:47,99.59433461767242,0,0,0
01:58:48,99.58897576189533,0,0,0
01:58:49,99.58874354481163,0,0,0
01:58:50,99.56754033878686,0,0,0
01:58:51,99.56221720871493,0,0,0
01:58:52,99.54967748619649,0,0,0
01:58:53,99.54253234516032,0,0,0
01:58:54,99.5228832073109,0,0,0
01:58:55,99.49608892842532,0,0,0
01:58:56,99.51216549575668,0,0,0
01:58:57,99.51037921049765,0,0,0
01:58:58,99.51395178101572,0,0,0
01:58:59,99.52645577782896,0,0,0
01:59:00,99.5300997997574,0,0,0
01:59:01,99.5514637714555,0,0,0
01:59:02,99.56218148300974,0,0,0
01:59:03,99.5657540535278,0,0,0
01:59:04,99.57825805034108,0,0,0
01:59:05,99.56030588348776,0,0,0
01:59:06,99.54967748619649,0,0,0
01:59:07,99.54253234516032,0,0,0
01:59:08,99.5550363419736,0,0,0
01:59:09,99.55078498305708,0,0,0
01:59:10,99.55682262723263,0,0,0
01:59:11,99.54789120093744,0,0,0
01:59:12,99.54789120093744,0,0,0
01:59:13,99.55860891249166,0,0,0
01:59:14,99.55325005671456,0,0,0
01:59:15,99.54255020801293,0,0,0
01:59:16,99.5228832073109,0,0,0
01:59:17,99.52466949256991,0,0,0
01:59:18,99.47643979057592,0,0,0
01:59:19,99.47822607583494,0,0,0
01:59:20,99.49608892842532,0,0,0
01:59:21,99.51370170107946,0,0,0
01:59:22,99.5085929252386,0,0,0
01:59:23,99.5085929252386,0,0,0
01:59:24,99.51216549575668,0,0,0
01:59:25,99.5175243515338,0,0,0
01:59:26,99.51931063679282,0,0,0
01:59:27,99.52466949256991,0,0,0
01:59:28,99.5085929252386,0,0,0
01:59:29,99.49787521368437,0,0,0
01:59:30,99.50321620660888,0,0,0
01:59:31,99.50502035472051,0,0,0
01:59:32,99.50680663997954,0,0,0
01:59:33,99.51573806627476,0,0,0
01:59:34,99.51039707335023,0,0,0
01:59:35,99.5175243515338,0,0,0
01:59:36,99.53538720412418,0,0,0
01:59:37,99.54789120093744,0,0,0
01:59:38,99.54967748619649,0,0,0
01:59:39,99.54790906379004,0,0,0
01:59:40,99.5514637714555,0,0,0
01:59:41,99.5514637714555,0,0,0
01:59:42,99.54967748619649,0,0,0
01:59:43,99.5550363419736,0,0,0
01:59:44,99.5657540535278,0,0,0
01:59:45,99.56843348141636,0,0,0
01:59:46,99.5925483324134,0,0,0
01:59:47,99.59790718819052,0,0,0
01:59:48,99.58897576189533,0,0,0
01:59:49,99.57825805034108,0,0,0
01:59:50,99.57289919456396,0,0,0
01:59:51,99.57200605193444,0,0,0
01:59:52,99.56754033878686,0,0,0
01:59:53,99.5836169061182,0,0,0
01:59:54,99.57468547982302,0,0,0
01:59:55,99.5654682478864,0,0,0
01:59:56,99.5461049156784,0,0,0
01:59:57,99.56039519775072,0,0,0
01:59:58,99.56932662404589,0,0,0
01:59:59,99.58004433560012,0,0,0
02:00:00,99.59790718819052,1,0,0
02:00:01,99.59790718819052,0,0,0
02:00:02,99.61041118500376,0,0,0
02:00:03,99.6354191786303,0,0,0
02:00:04,99.64613689018454,0,0,0
02:00:05,99.6586408869978,0,0,0
02:00:06,99.6443506049255,0,0,0
02:00:07,99.6443506049255,0,0,0
02:00:08,99.61398375552184,0,0,0
02:00:09,99.61577004078087,0,0,0
02:00:10,99.63184660811224,0,0,0
02:00:11,99.65328203122068,0,0,0
02:00:12,99.67471745432914,0,0,0
02:00:13,99.68722145114242,0,0,0
02:00:14,99.69972544795569,0,0,0
02:00:15,99.68722145114242,0,0,0
02:00:16,99.69792129984404,0,0,0
02:00:17,99.683184446457,0,0,0
02:00:18,99.6961528774376,0,0,0
02:00:19,99.69258030691952,0,0,0
02:00:20,99.66660771925312,0,0,0
02:00:21,99.66399974277492,0,0,0
02:00:22,99.67471745432914,0,0,0
02:00:23,99.67641442532523,0,0,0
02:00:24,99.667572313293,0,0,0
02:00:25,99.67114488381108,0,0,0
02:00:26,99.66935859855204,0,0,0
02:00:27,99.68364888062432,0,0,0
02:00:28,99.69258030691952,0,0,0
02:00:29,99.6937413923379,0,0,0
02:00:30,99.68722145114242,0,0,0
02:00:31,99.69422368935784,0,0,0
02:00:32,99.69972544795569,0,0,0
02:00:33,99.69972544795569,0,0,0
02:00:34,99.714015730028,0,0,0
02:00:35,99.72651972684125,0,0,0
02:00:36,99.7050843037328,0,0,0
02:00:37,99.71222944476897,0,0,0
02:00:38,99.71044315950992,0,0,0
02:00:39,99.71044315950992,0,0,0
02:00:40,99.71758830054608,0,0,0
02:00:41,99.7193745858051,0,0,0
02:00:42,99.70151173321472,0,0,0
02:00:43,99.7091391712708,0,0,0
02:00:44,99.72294715632316,0,0,0
02:00:45,99.72594811555835,0,0,0
02:00:46,99.71222944476897,0,0,0
02:00:47,99.71044315950992,0,0,0
02:00:48,99.68364888062432,0,0,0
02:00:49,99.6782900248472,0,0,0
02:00:50,99.70865687425088,0,0,0
02:00:51,99.70687058899182,0,0,0
02:00:52,99.71044315950992,0,0,0
02:00:53,99.70018988212304,0,0,0
02:00:54,99.73723743839548,0,0,0
02:00:55,99.72294715632316,0,0,0
02:00:56,99.71758830054608,0,0,0
02:00:57,99.71403359288055,0,0,0
02:00:58,99.73187858261838,0,0,0
02:00:59,99.72830601210028,0,0,0
02:01:00,99.73902372365453,0,0,0
02:01:01,99.74079214606095,0,0,0
02:01:02,99.71222944476897,0,0,0
02:01:03,99.71792769474528,0,0,0
02:01:04,99.72116087106411,0,0,0
02:01:05,99.75152772046778,0,0,0
02:01:06,99.73545115313644,0,0,0
02:01:07,99.74438257943164,0,0,0
02:01:08,99.74974143520872,0,0,0
02:01:09,99.73902372365453,0,0,0
02:01:10,99.74974143520872,0,0,0
02:01:11,99.74616886469067,0,0,0
02:01:12,99.75331400572684,0,0,0
02:01:13,99.73902372365453,0,0,0
02:01:14,99.7247334415822,0,0,0
02:01:15,99.74438257943164,0,0,0
02:01:16,99.75027732078644,0,0,0
02:01:17,99.77653571409432,0,0,0
02:01:18,99.77296314357623,0,0,0
02:01:19,99.78546714038951,0,0,0
02:01:20,99.75849423297804,0,0,0
02:01:21,99.76760428779912,0,0,0
02:01:22,99.77207000094673,0,0,0
02:01:23,99.7711768583172,0,0,0
02:01:24,99.77832199935337,0,0,0
02:01:25,99.78502056907476,0,0,0
02:01:26,99.79439856668468,0,0,0
02:01:27,99.79082599616662,0,0,0
02:01:28,99.78100142724192,0,0,0
02:01:29,99.78636028301904,0,0,0
02:01:30,99.79795327435018,0,0,0
02:01:31,99.7958990463023,0,0,0
02:01:32,99.7890397109076,0,0,0
02:01:33,99.7801082846124,0,0,0
02:01:34,99.78368085513048,0,0,0
02:01:35,99.78368085513048,0,0,0
02:01:36,99.77653571409432,0,0,0
02:01:37,99.76403171728106,0,0,0
02:01:38,99.77296314357623,0,0,0
02:01:39,99.762245432022,0,0,0
02:01:40,99.7658001396875,0,0,0
02:01:41,99.76045914676298,0,0,0
02:01:42,99.762245432022,0,0,0
02:01:43,99.75867286150394,0,0,0
02:01:44,99.75867286150394,0,0,0
02:01:45,99.75510029098588,0,0,0
02:01:46,99.75331400572684,0,0,0
02:01:47,99.75510029098588,0,0,0
02:01:48,99.76742565927324,0,0,0
02:01:49,99.78546714038951,0,0,0
02:01:50,99.78189456987144,0,0,0
02:01:51,99.77296314357623,0,0,0
02:01:52,99.7890397109076,0,0,0
02:01:53,99.79975742246182,0,0,0
02:01:54,99.79975742246182,0,0,0
02:01:55,99.78189456987144,0,0,0
02:01:56,99.77653571409432,0,0,0
02:01:57,99.7801082846124,0,0,0
02:01:58,99.7801082846124,0,0,0
02:01:59,99.79618485194374,0,0,0
02:02:00,99.78546714038951,0,0,0
02:02:01,99.77832199935337,0,0,0
02:02:02,99.77296314357623,0,0,0
02:02:03,99.77832199935337,0,0,0
02:02:04,99.76045914676298,0,0,0
02:02:05,99.7801082846124,0,0,0
02:02:06,99.76760428779912,0,0,0
02:02:07,99.76760428779912,0,0,0
02:02:08,99.76939057305816,0,0,0
02:02:09,99.74974143520872,0,0,0
02:02:10,99.74974143520872,0,0,0
02:02:11,99.7568687133923,0,0,0
02:02:12,99.75867286150394,0,0,0
02:02:13,99.75688657624492,0,0,0
02:02:14,99.77296314357623,0,0,0
02:02:15,99.7801082846124,0,0,0
02:02:16,99.78189456987144,0,0,0
02:02:17,99.79261228142566,0,0,0
02:02:18,99.7927194585412,0,0,0
02:02:19,99.7927194585412,0,0,0
02:02:20,99.79261228142566,0,0,0
02:02:21,99.78725342564854,0,0,0
02:02:22,99.77474942883528,0,0,0
02:02:23,99.78368085513048,0,0,0
02:02:24,99.7711768583172,0,0,0
02:02:25,99.75688657624492,0,0,0
02:02:26,99.74616886469067,0,0,0
02:02:27,99.74616886469067,0,0,0
02:02:28,99.75152772046778,0,0,0
02:02:29,99.7559934336154,0,0,0
02:02:30,99.76045914676298,0,0,0
02:02:31,99.77207000094673,0,0,0
02:02:32,99.78546714038951,0,0,0
02:02:33,99.79082599616662,0,0,0
02:02:34,99.78546714038951,0,0,0
02:02:35,99.78814656827808,0,0,0
02:02:36,99.77296314357623,0,0,0
02:02:37,99.76581800254009,0,0,0
02:02:38,99.76581800254009,0,0,0
02:02:39,99.76581800254009,0,0,0
02:02:40,99.76581800254009,0,0,0
02:02:41,99.75510029098588,0,0,0
02:02:42,99.7515098576152,0,0,0
02:02:43,99.75510029098588,0,0,0
02:02:44,99.75333186857942,0,0,0
02:02:45,99.7711768583172,0,0,0
02:02:46,99.76481768279504,0,0,0
02:02:47,99.75331400572684,0,0,0
02:02:48,99.75867286150394,0,0,0
02:02:49,99.74438257943164,0,0,0
02:02:50,99.74974143520872,0,0,0
02:02:51,99.74974143520872,0,0,0
02:02:52,99.74081000891356,0,0,0
02:02:53,99.74438257943164,0,0,0
02:02:54,99.7425962941726,0,0,0
02:02:55,99.73187858261838,0,0,0
02:02:56,99.73545115313644,0,0,0
02:02:57,99.7336648678774,0,0,0
02:02:58,99.7247334415822,0,0,0
02:02:59,99.7336648678774,0,0,0
02:03:00,99.74438257943164,0,0,0
02:03:01,99.72651972684125,0,0,0
02:03:02,99.72687698389306,0,0,0
02:03:03,99.73455801050692,0,0,0
02:03:04,99.7291991547298,0,0,0
02:03:05,99.74974143520872,0,0,0
02:03:06,99.75152772046778,0,0,0
02:03:07,99.74974143520872,0,0,0
02:03:08,99.75688657624492,0,0,0
02:03:09,99.75510029098588,0,0,0
02:03:10,99.75510029098588,0,0,0
02:03:11,99.7479551499497,0,0,0
02:03:12,99.74618672754325,0,0,0
02:03:13,99.75331400572684,0,0,0
02:03:14,99.75331400572684,0,0,0
02:03:15,99.75331400572684,0,0,0
02:03:16,99.7479551499497,0,0,0
02:03:17,99.762245432022,0,0,0
02:03:18,99.73545115313644,0,0,0
02:03:19,99.72116087106411,0,0,0
02:03:20,99.71222944476897,0,0,0
02:03:21,99.71044315950992,0,0,0
02:03:22,99.7050843037328,0,0,0
02:03:23,99.7050843037328,0,0,0
02:03:24,99.72294715632316,0,0,0
02:03:25,99.71758830054608,0,0,0
02:03:26,99.72294715632316,0,0,0
02:03:27,99.7128903703148,0,0,0
02:03:28,99.72741286947075,0,0,0
02:03:29,99.73359341646704,0,0,0
02:03:30,99.74616886469067,0,0,0
02:03:31,99.74081000891356,0,0,0
02:03:32,99.72651972684125,0,0,0
02:03:33,99.7247334415822,0,0,0
02:03:34,99.72294715632316,0,0,0
02:03:35,99.73187858261838,0,0,0
02:03:36,99.72830601210028,0,0,0
02:03:37,99.71580201528704,0,0,0
02:03:38,99.7247334415822,0,0,0
02:03:39,99.72116087106411,0,0,0
02:03:40,99.7193745858051,0,0,0
02:03:41,99.7193745858051,0,0,0
02:03:42,99.71758830054608,0,0,0
02:03:43,99.71758830054608,0,0,0
02:03:44,99.71758830054608,0,0,0
02:03:45,99.70687058899182,0,0,0
02:03:46,99.714015730028,0,0,0
02:03:47,99.714015730028,0,0,0
02:03:48,99.70144028180437,0,0,0
02:03:49,99.70865687425088,0,0,0
02:03:50,99.71848144317558,0,0,0
02:03:51,99.73186071976576,0,0,0
02:03:52,99.74438257943164,0,0,0
02:03:53,99.73902372365453,0,0,0
02:03:54,99.73545115313644,0,0,0
02:03:55,99.7291991547298,0,0,0
02:03:56,99.71222944476897,0,0,0
02:03:57,99.72651972684125,0,0,0
02:03:58,99.72294715632316,0,0,0
02:03:59,99.7050843037328,0,0,0
02:04:00,99.71044315950992,0,0,0
02:04:01,99.70865687425088,0,0,0
02:04:02,99.6961528774376,0,0,0
02:04:03,99.714015730028,0,0,0
02:04:04,99.71580201528704,0,0,0
02:04:05,99.73187858261838,0,0,0
02:04:06,99.73902372365453,0,0,0
02:04:07,99.73277172524789,0,0,0
02:04:08,99.75420714835636,0,0,0
02:04:09,99.74438257943164,0,0,0
02:04:10,99.75688657624492,0,0,0
02:04:11,99.76590731680304,0,0,0
02:04:12,99.75956600413346,0,0,0
02:04:13,99.77474942883528,0,0,0
02:04:14,99.76403171728106,0,0,0
02:04:15,99.75867286150394,0,0,0
02:04:16,99.75510029098588,0,0,0
02:04:17,99.75124191482634,0,0,0
02:04:18,99.7479551499497,0,0,0
02:04:19,99.75152772046778,0,0,0
02:04:20,99.747026281615,0,0,0
02:04:21,99.75510029098588,0,0,0
02:04:22,99.75978035836454,0,0,0
02:04:23,99.74974143520872,0,0,0
02:04:24,99.74616886469067,0,0,0
02:04:25,99.72651972684125,0,0,0
02:04:26,99.68720358828982,0,0,0
02:04:27,99.6961528774376,0,0,0
02:04:28,99.70329801847376,0,0,0
02:04:29,99.6961528774376,0,0,0
02:04:30,99.69525973480808,0,0,0
02:04:31,99.70687058899182,0,0,0
02:04:32,99.71758830054608,0,0,0
02:04:33,99.70865687425088,0,0,0
02:04:34,99.71222944476897,0,0,0
02:04:35,99.71044315950992,0,0,0
02:04:36,99.69972544795569,0,0,0
02:04:37,99.70865687425088,0,0,0
02:04:38,99.74438257943164,0,0,0
02:04:39,99.73187858261838,0,0,0
02:04:40,99.7336648678774,0,0,0
02:04:41,99.7238402989527,0,0,0
02:04:42,99.7344329705388,0,0,0
02:04:43,99.73545115313644,0,0,0
02:04:44,99.73187858261838,0,0,0
02:04:45,99.7247334415822,0,0,0
02:04:46,99.714015730028,0,0,0
02:04:47,99.71580201528704,0,0,0
02:04:48,99.72830601210028,0,0,0
02:04:49,99.72385816180528,0,0,0
02:04:50,99.72830601210028,0,0,0
02:04:51,99.73009229735932,0,0,0
02:04:52,99.72651972684125,0,0,0
02:04:53,99.7247334415822,0,0,0
02:04:54,99.7193745858051,0,0,0
02:04:55,99.71758830054608,0,0,0
02:04:56,99.73009229735932,0,0,0
02:04:57,99.73009229735932,0,0,0
02:04:58,99.72026772843462,0,0,0
02:04:59,99.72651972684125,0,0,0
02:05:00,99.7193745858051,0,0,0
02:05:01,99.7095500168804,0,0,0
02:05:02,99.70329801847376,0,0,0
02:05:03,99.70329801847376,0,0,0
02:05:04,99.69972544795569,0,0,0
02:05:05,99.70865687425088,0,0,0
02:05:06,99.71580201528704,0,0,0
02:05:07,99.70687058899182,0,0,0
02:05:08,99.69972544795569,0,0,0
02:05:09,99.68186259536527,0,0,0
02:05:10,99.69258030691952,0,0,0
02:05:11,99.7050843037328,0,0,0
02:05:12,99.7050843037328,0,0,0
02:05:13,99.70151173321472,0,0,0
02:05:14,99.69793916269664,0,0,0
02:05:15,99.7247334415822,0,0,0
02:05:16,99.72116087106411,0,0,0
02:05:17,99.73009229735932,0,0,0
02:05:18,99.7238402989527,0,0,0
02:05:19,99.71580201528704,0,0,0
02:05:20,99.70151173321472,0,0,0
02:05:21,99.70329801847376,0,0,0
02:05:22,99.69972544795569,0,0,0
02:05:23,99.7247334415822,0,0,0
02:05:24,99.7336648678774,0,0,0
02:05:25,99.73545115313644,0,0,0
02:05:26,99.72830601210028,0,0,0
02:05:27,99.74438257943164,0,0,0
02:05:28,99.74438257943164,0,0,0
02:05:29,99.73545115313644,0,0,0
02:05:30,99.724394047383,0,0,0
02:05:31,99.7193745858051,0,0,0
02:05:32,99.70151173321472,0,0,0
02:05:33,99.714015730028,0,0,0
02:05:34,99.7336648678774,0,0,0
02:05:35,99.73009229735932,0,0,0
02:05:36,99.7425962941726,0,0,0
02:05:37,99.7425962941726,0,0,0
02:05:38,99.72651972684125,0,0,0
02:05:39,99.72651972684125,0,0,0
02:05:40,99.714015730028,0,0,0
02:05:41,99.73634429576596,0,0,0
02:05:42,99.72651972684125,0,0,0
02:05:43,99.72651972684125,0,0,0
02:05:44,99.73902372365453,0,0,0
02:05:45,99.74974143520872,0,0,0
02:05:46,99.75152772046778,0,0,0
02:05:47,99.73723743839548,0,0,0
02:05:48,99.7425962941726,0,0,0
02:05:49,99.72651972684125,0,0,0
02:05:50,99.73723743839548,0,0,0
02:05:51,99.73545115313644,0,0,0
02:05:52,99.73545115313644,0,0,0
02:05:53,99.72651972684125,0,0,0
02:05:54,99.73187858261838,0,0,0
02:05:55,99.7193745858051,0,0,0
02:05:56,99.70687058899182,0,0,0
02:05:57,99.72275066494468,0,0,0
02:05:58,99.71222944476897,0,0,0
02:05:59,99.70865687425088,0,0,0
02:06:00,99.71580201528704,0,0,0
02:06:01,99.72294715632316,0,0,0
02:06:02,99.72743073232336,0,0,0
02:06:03,99.70687058899182,0,0,0
02:06:04,99.69793916269664,0,0,0
02:06:05,99.70151173321472,0,0,0
02:06:06,99.68364888062432,0,0,0
02:06:07,99.65685460173876,0,0,0
02:06:08,99.66221345751588,0,0,0
02:06:09,99.6586408869978,0,0,0
02:06:10,99.65685460173876,0,0,0
02:06:11,99.66042717225685,0,0,0
02:06:12,99.66042717225685,0,0,0
02:06:13,99.6497094607026,0,0,0
02:06:14,99.64256431966646,0,0,0
02:06:15,99.6300603228532,0,0,0
02:06:16,99.62827403759415,0,0,0
02:06:17,99.6300603228532,0,0,0
02:06:18,99.6068386144857,0,0,0
02:06:19,99.6121796074102,0,0,0
02:06:20,99.6014797587086,0,0,0
02:06:21,99.59612090293146,0,0,0
02:06:22,99.59613876578406,0,0,0
02:06:23,99.58897576189533,0,0,0
02:06:24,99.58183062085917,0,0,0
02:06:25,99.56932662404589,0,0,0
02:06:26,99.58272376348869,0,0,0
02:06:27,99.58004433560012,0,0,0
02:06:28,99.56934448689849,0,0,0
02:06:29,99.57647176508203,0,0,0
02:06:30,99.57289919456396,0,0,0
02:06:31,99.5836169061182,0,0,0
02:06:32,99.59076204715434,0,0,0
02:06:33,99.59076204715434,0,0,0
02:06:34,99.61398375552184,0,0,0
02:06:35,99.61800289735469,0,0,0
02:06:36,99.63363289337128,0,0,0
02:06:37,99.62648775233512,0,0,0
02:06:38,99.6300603228532,0,0,0
02:06:39,99.62648775233512,0,0,0
02:06:40,99.63107850545084,0,0,0
02:06:41,99.61755632603992,0,0,0
02:06:42,99.61291198436642,0,0,0
02:06:43,99.60862489974473,0,0,0
02:06:44,99.62291518181704,0,0,0
02:06:45,99.64256431966646,0,0,0
02:06:46,99.63363289337128,0,0,0
02:06:47,99.6300603228532,0,0,0
02:06:48,99.62291518181704,0,0,0
02:06:49,99.61755632603992,0,0,0
02:06:50,99.6121974702628,0,0,0
02:06:51,99.61398375552184,0,0,0
02:06:52,99.61755632603992,0,0,0
02:06:53,99.61755632603992,0,0,0
02:06:54,99.5925483324134,0,0,0
02:06:55,99.59612090293146,0,0,0
02:06:56,99.59433461767242,0,0,0
02:06:57,99.59969347344956,0,0,0
02:06:58,99.59969347344956,0,0,0
02:06:59,99.60326604396762,0,0,0
02:07:00,99.61934261129898,0,0,0
02:07:01,99.60862489974473,0,0,0
02:07:02,99.61934261129898,0,0,0
02:07:03,99.6068386144857,0,0,0
02:07:04,99.61934261129898,0,0,0
02:07:05,99.58718947663628,0,0,0
02:07:06,99.57825805034108,0,0,0
02:07:07,99.5657540535278,0,0,0
02:07:08,99.58183062085917,0,0,0
02:07:09,99.56160987172684,0,0,0
02:07:10,99.56591481920113,0,0,0
02:07:11,99.56591481920113,0,0,0
02:07:12,99.56932662404589,0,0,0
02:07:13,99.56218148300974,0,0,0
02:07:14,99.54967748619649,0,0,0
02:07:15,99.54967748619649,0,0,0
02:07:16,99.54967748619649,0,0,0
02:07:17,99.56553969929672,0,0,0
02:07:18,99.56553969929672,0,0,0
02:07:19,99.57111290930492,0,0,0
02:07:20,99.56396776826878,0,0,0
02:07:21,99.54288960221211,0,0,0
02:07:22,99.54789120093744,0,0,0
02:07:23,99.54431863041935,0,0,0
02:07:24,99.54074605990128,0,0,0
02:07:25,99.5371734893832,0,0,0
02:07:26,99.5461049156784,0,0,0
02:07:27,99.52466949256991,0,0,0
02:07:28,99.5371734893832,0,0,0
02:07:29,99.53360091886512,0,0,0
02:07:30,99.52825992594062,0,0,0
02:07:31,99.54253234516032,0,0,0
02:07:32,99.56396776826878,0,0,0
02:07:33,99.57111290930492,0,0,0
02:07:34,99.56820126433269,0,0,0
02:07:35,99.56754033878686,0,0,0
02:07:36,99.56754033878686,0,0,0
02:07:37,99.57468547982302,0,0,0
02:07:38,99.5836169061182,0,0,0
02:07:39,99.5836169061182,0,0,0
02:07:40,99.57647176508203,0,0,0
02:07:41,99.58093747822964,0,0,0
02:07:42,99.58718947663628,0,0,0
02:07:43,99.59433461767242,0,0,0
02:07:44,99.59433461767242,0,0,0
02:07:45,99.61934261129898,0,0,0
02:07:46,99.6300603228532,0,0,0
02:07:47,99.64358250226412,0,0,0
02:07:48,99.6443506049255,0,0,0
02:07:49,99.64417197639958,0,0,0
02:07:50,99.6407780344074,0,0,0
02:07:51,99.63720546388932,0,0,0
02:07:52,99.64613689018454,0,0,0
02:07:53,99.6497094607026,0,0,0
02:07:54,99.64963800929225,0,0,0
02:07:55,99.65328203122068,0,0,0
02:07:56,99.66042717225685,0,0,0
02:07:57,99.64613689018454,0,0,0
02:07:58,99.64613689018454,0,0,0
02:07:59,99.64613689018454,0,0,0
02:08:00,99.64969159785002,0,0,0
02:08:01,99.63899174914836,0,0,0
02:08:02,99.65485396224864,0,0,0
02:08:03,99.66291010876692,0,0,0
02:08:04,99.68364888062432,0,0,0
02:08:05,99.6961528774376,0,0,0
02:08:06,99.68364888062432,0,0,0
02:08:07,99.6782900248472,0,0,0
02:08:08,99.67650373958818,0,0,0
02:08:09,99.68543516588336,0,0,0
02:08:10,99.68900773640144,0,0,0
02:08:11,99.6782900248472,0,0,0
02:08:12,99.67650373958818,0,0,0
02:08:13,99.6782900248472,0,0,0
02:08:14,99.68364888062432,0,0,0
02:08:15,99.67382431169963,0,0,0
02:08:16,99.68900773640144,0,0,0
02:08:17,99.71044315950992,0,0,0
02:08:18,99.70329801847376,0,0,0
02:08:19,99.71758830054608,0,0,0
02:08:20,99.71044315950992,0,0,0
02:08:21,99.71044315950992,0,0,0
02:08:22,99.714015730028,0,0,0
02:08:23,99.714015730028,0,0,0
02:08:24,99.70687058899182,0,0,0
02:08:25,99.714015730028,0,0,0
02:08:26,99.72294715632316,0,0,0
02:08:27,99.7149088726575,0,0,0
02:08:28,99.71456947845827,0,0,0
02:08:29,99.71456947845827,0,0,0
02:08:30,99.71044315950992,0,0,0
02:08:31,99.714015730028,0,0,0
02:08:32,99.714015730028,0,0,0
02:08:33,99.71939244865769,0,0,0
02:08:34,99.73723743839548,0,0,0
02:08:35,99.74565084196556,0,0,0
02:08:36,99.74565084196556,0,0,0
02:08:37,99.73902372365453,0,0,0
02:08:38,99.72116087106411,0,0,0
02:08:39,99.72294715632316,0,0,0
02:08:40,99.73009229735932,0,0,0
02:08:41,99.73009229735932,0,0,0
02:08:42,99.73009229735932,0,0,0
02:08:43,99.72205401369364,0,0,0
02:08:44,99.72205401369364,0,0,0
02:08:45,99.72964572604457,0,0,0
02:08:46,99.72117873391672,0,0,0
02:08:47,99.72830601210028,0,0,0
02:08:48,99.73187858261838,0,0,0
02:08:49,99.73187858261838,0,0,0
02:08:50,99.73902372365453,0,0,0
02:08:51,99.73450442194915,0,0,0
02:08:52,99.72651972684125,0,0,0
02:08:53,99.72651972684125,0,0,0
02:08:54,99.73902372365453,0,0,0
02:08:55,99.738916546539,0,0,0
02:08:56,99.74974143520872,0,0,0
02:08:57,99.77296314357623,0,0,0
02:08:58,99.75867286150394,0,0,0
02:08:59,99.75343904569496,0,0,0
02:09:00,99.75867286150394,0,0,0
02:09:01,99.75867286150394,0,0,0
02:09:02,99.75527891951177,0,0,0
02:09:03,99.75527891951177,0,0,0
02:09:04,99.75527891951177,0,0,0
02:09:05,99.7597089069542,0,0,0
02:09:06,99.75331400572684,0,0,0
02:09:07,99.75331400572684,0,0,0
02:09:08,99.76760428779912,0,0,0
02:09:09,99.7711768583172,0,0,0
02:09:10,99.79261228142566,0,0,0
02:09:11,99.80511627823893,0,0,0
02:09:12,99.81940656031122,0,0,0
02:09:13,99.83369684238352,0,0,0
02:09:14,99.83369684238352,0,0,0
02:09:15,99.84441455393778,0,0,0
02:09:16,99.83367897953096,0,0,0
02:09:17,99.8462008391968,0,0,0
02:09:18,99.87478140334142,0,0,0
02:09:19,99.86227740652814,0,0,0
02:09:20,99.87120883282334,0,0,0
02:09:21,99.8604911212691,0,0,0
02:09:22,99.86227740652814,0,0,0
02:09:23,99.85515012834458,0,0,0
02:09:24,99.86584997704624,0,0,0
02:09:25,99.86763626230528,0,0,0
02:09:26,99.88285541271227,0,0,0
02:09:27,99.89462703256932,0,0,0
02:09:28,99.90068253959748,0,0,0
02:09:29,99.90872082326314,0,0,0
02:09:30,99.9105071085222,0,0,0
02:09:31,99.91765224955832,0,0,0
02:09:32,99.94801909896198,0,0,0
02:09:33,99.92949532082577,0,0,0
02:09:34,99.9390876726668,0,0,0
02:09:35,99.94087395792585,0,0,0
02:09:36,99.9390876726668,0,0,0
02:09:37,99.95337795473908,0,0,0
02:09:38,99.9587368105162,0,0,0
02:09:39,99.9444465284439,0,0,0
02:09:40,99.96230938103427,0,0,0
02:09:41,99.96586408869976,0,0,0
02:09:42,99.97393809807063,0,0,0
02:09:43,99.97749280573612,0,0,0
02:09:44,99.98910365991986,0,0,1
02:09:45,99.9676682368114,0,0,0
02:09:46,99.96945452207044,0,0,0
02:09:47,99.97838594836564,0,0,0
02:09:48,99.9598443073768,0,0,0
02:09:49,99.949805384221,0,0,0
02:09:50,99.93998081529632,0,0,0
02:09:51,99.9301562463716,0,0,0
02:09:52,99.93171031454698,0,0,0
02:09:53,99.9301562463716,0,0,0
02:09:54,99.92970967505684,0,0,0
02:09:55,99.93578304493757,0,0,0
02:09:56,99.94801909896198,0,0,0
02:09:57,99.95516423999814,0,0,0
02:09:58,99.94801909896198,0,0,0
02:09:59,99.95159166948004,0,0,0
02:10:00,99.94623281370292,0,0,0
02:10:01,99.94801909896198,0,0,0
02:10:02,99.93873041561496,0,0,0
02:10:03,99.96230938103427,0,0,0
02:10:04,99.94801909896198,0,0,0
02:10:05,99.93730138740776,0,0,0
02:10:06,99.94801909896198,0,0,0
02:10:07,99.949805384221,0,0,0
02:10:08,99.95695052525718,0,0,0
02:10:09,99.95516423999814,0,0,0
02:10:10,99.95695052525718,0,0,0
02:10:11,99.95427109736865,0,0,0
02:10:12,99.9301562463716,0,0,0
02:10:13,99.8926442559318,0,0,0
02:10:14,99.8926442559318,0,0,0
02:10:15,99.89085797067276,0,0,0
02:10:16,99.89978939696796,0,0,0
02:10:17,99.9115788796776,0,0,0
02:10:18,99.91229339378124,0,0,0
02:10:19,99.9105071085222,0,0,0
02:10:20,99.9212248200764,0,0,0
02:10:21,99.92836996111257,0,0,0
02:10:22,99.92479739059448,0,0,0
02:10:23,99.93730138740776,0,0,0
02:10:24,99.94266024318487,0,0,0
02:10:25,99.93819453003728,0,0,0
02:10:26,99.93819453003728,0,0,0
02:10:27,99.93069213194931,0,0,0
02:10:28,99.94623281370292,0,0,0
02:10:29,99.9587368105162,0,0,0
02:10:30,99.9587368105162,0,0,0
02:10:31,99.94176710055535,0,0,0
02:10:32,99.94087395792585,0,0,0
02:10:33,99.9444465284439,0,0,0
02:10:34,99.93730138740776,0,0,0
02:10:35,99.9301562463716,0,0,0
02:10:36,99.92301110533543,0,0,0
02:10:37,99.91854539218784,0,0,0
02:10:38,99.91407967904028,0,0,0
02:10:39,99.901575682227,0,0,0
02:10:40,99.91229339378124,0,0,0
02:10:41,99.91229339378124,0,0,0
02:10:42,99.91943853481736,0,0,0
02:10:43,99.93372881688968,0,0,0
02:10:44,99.93819453003728,0,0,0
02:10:45,99.95516423999814,0,0,0
02:10:46,99.94801909896198,0,0,0
02:10:47,99.94087395792585,0,0,0
02:10:48,99.94451797985428,0,0,0
02:10:49,99.9444465284439,0,0,0
02:10:50,99.94176710055535,0,0,0
02:10:51,99.9587368105162,0,0,0
02:10:52,99.95337795473908,0,0,0
02:10:53,99.95337795473908,0,0,0
02:10:54,99.96945452207044,0,0,0
02:10:55,99.96945452207044,0,0,0
02:10:56,99.96052309577526,0,0,0
02:10:57,99.9676682368114,0,0,0
02:10:58,99.9676682368114,0,0,0
02:10:59,99.95159166948004,0,0,0
02:11:00,99.95695052525718,0,0,0
02:11:01,99.96945452207044,0,0,0
02:11:02,99.95453904015748,0,0,0
02:11:03,99.96230938103427,0,0,0
02:11:04,99.96945452207044,0,0,0
02:11:05,99.9676682368114,0,0,0
02:11:06,99.9676682368114,0,0,0
02:11:07,99.9765996631066,0,0,0
02:11:08,99.97481337784754,0,0,0
02:11:09,99.96622134575158,0,0,0
02:11:10,99.97124080732948,0,0,0
02:11:11,99.9855310894018,0,0,0
02:11:12,99.99088994517888,0,0,0
02:11:13,99.97838594836564,0,0,0
02:11:14,99.97838594836564,0,0,0
02:11:15,99.97838594836564,0,0,0
02:11:16,99.97481337784754,0,0,0
02:11:17,99.96232724388688,0,0,0
02:11:18,99.96230938103427,0,0,0
02:11:19,99.97302709258852,0,0,0
02:11:20,99.9765996631066,0,0,0
02:11:21,99.96945452207044,0,0,0
02:11:22,99.96230938103427,0,0,0
02:11:23,99.95337795473908,0,0,0
02:11:24,99.9587368105162,0,0,0
02:11:25,99.95516423999814,0,0,0
02:11:26,99.97661752595918,0,0,0
02:11:27,99.96230938103427,0,0,0
02:11:28,99.9587368105162,0,0,0
02:11:29,99.95066280114536,0,0,0
02:11:30,99.94801909896198,0,0,0
02:11:31,99.95159166948004,0,0,0
02:11:32,99.96945452207044,0,0,0
02:11:33,99.97481337784754,0,0,0
02:11:34,99.975492166246,0,0,0
02:11:35,99.9587368105162,0,0,0
02:11:36,99.95695052525718,0,0,0
02:11:37,99.96409566629332,0,0,0
02:11:38,99.97481337784754,0,0,0
02:11:39,99.97481337784754,0,0,0
02:11:40,99.9765996631066,0,0,0
02:11:41,100.00696651251025,0,0,0
02:11:42,100.00160765673311,0,0,0
02:11:43,99.9855310894018,0,0,0
02:11:44,99.9765996631066,0,0,0
02:11:45,99.9765996631066,0,0,0
02:11:46,99.96945452207044,0,0,0
02:11:47,99.95695052525718,0,0,0
02:11:48,99.96409566629332,0,0,0
02:11:49,99.95337795473908,0,0,0
02:11:50,99.9587189476636,0,0,0
02:11:51,99.9587189476636,0,0,0
02:11:52,99.9587189476636,0,0,0
02:11:53,99.96052309577526,0,0,0
02:11:54,99.96052309577526,0,0,0
02:11:55,99.96945452207044,0,0,0
02:11:56,99.9765996631066,0,0,0
02:11:57,99.96230938103427,0,0,0
02:11:58,99.9676682368114,0,0,0
02:11:59,99.9587368105162,0,0,0
02:12:00,99.9587368105162,0,0,0
02:12:01,99.9676682368114,0,0,0
02:12:02,99.9676682368114,0,0,0
02:12:03,99.98731737466082,0,0,0
02:12:04,99.9806723934972,0,0,0
02:12:05,99.99267623043794,0,0,0
02:12:06,99.99446251569697,0,0,0
02:12:07,100.00339394199216,0,0,0
02:12:08,99.99464114422288,0,0,0
02:12:09,99.9919974420395,0,0,0
02:12:10,99.99203316774468,0,0,0
02:12:11,100.00160765673311,0,0,0
02:12:12,99.99017543107529,0,0,0
02:12:13,99.9855310894018,0,0,0
02:12:14,99.97749280573612,0,0,0
02:12:15,99.97302709258852,0,0,0
02:12:16,99.9587368105162,0,0,0
02:12:17,99.96230938103427,0,0,0
02:12:18,99.96230938103427,0,0,0
02:12:19,99.97302709258852,0,0,0
02:12:20,99.97302709258852,0,0,0
02:12:21,99.97838594836564,0,0,0
02:12:22,99.98195851888372,0,0,0
02:12:23,99.98910365991986,0,0,0
02:12:24,99.98195851888372,0,0,0
02:12:25,99.9855310894018,0,0,0
02:12:26,99.98195851888372,0,0,0
02:12:27,99.9810653762542,0,0,0
02:12:28,99.98374480414276,0,0,0
02:12:29,100.00160765673311,0,0,0
02:12:30,99.9998213714741,0,0,0
02:12:31,100.0051802272512,0,0,0
02:12:32,99.99803508621504,0,0,0
02:12:33,99.99803508621504,0,0,0
02:12:34,100.00875279776928,0,0,0
02:12:35,100.00339394199216,0,0,0
02:12:36,100.00339394199216,0,0,0
02:12:37,99.98910365991986,0,0,0
02:12:38,99.98910365991986,0,0,0
02:12:39,100.00160765673311,0,0,0
02:12:40,100.02482936510064,0,0,0
02:12:41,100.02733016446328,0,0,0
02:12:42,100.01768422406448,0,0,0
02:12:43,100.00766316376124,0,0,0
02:12:44,100.0051802272512,0,0,0
02:12:45,100.01412951639898,0,0,0
02:12:46,100.0141116535464,0,0,0
02:12:47,100.0284019356187,0,0,0
02:12:48,100.02661565035967,0,0,0
02:12:49,100.0284019356187,0,0,0
02:12:50,100.0194705093235,0,0,0
02:12:51,100.0194705093235,0,0,0
02:12:52,100.01232536828736,0,0,0
02:12:53,100.0194705093235,0,0,0
02:12:54,100.01589793880542,0,0,0
02:12:55,100.01053908302832,0,0,0
02:12:56,100.01053908302832,0,0,0
02:12:57,100.00875279776928,0,0,0
02:12:58,100.00875279776928,0,0,0
02:12:59,100.02357896541928,0,0,0
02:13:00,100.00160765673311,0,0,0
02:13:01,100.01232536828736,0,0,0
02:13:02,99.9855310894018,0,0,0
02:13:03,99.98556681510696,0,0,0
02:13:04,99.9676682368114,0,0,0
02:13:05,99.98195851888372,0,0,0
02:13:06,99.98374480414276,0,0,0
02:13:07,99.98374480414276,0,0,0
02:13:08,99.98195851888372,0,0,0
02:13:09,99.98017223362469,0,0,0
02:13:10,99.9810653762542,0,0,0
02:13:11,99.97838594836564,0,0,0
02:13:12,99.996248800956,0,0,0
02:13:13,99.9998213714741,0,0,0
02:13:14,100.00339394199216,0,0,0
02:13:15,99.996248800956,0,0,0
02:13:16,99.97927909099516,0,0,0
02:13:17,99.97308068114629,0,0,0
02:13:18,99.9676682368114,0,0,0
02:13:19,99.96588195155236,0,0,0
02:13:20,99.95695052525718,0,0,0
02:13:21,99.97302709258852,0,0,0
02:13:22,99.9587368105162,0,0,0
02:13:23,99.9728484640626,0,0,0
02:13:24,99.96588195155236,0,0,0
02:13:25,99.9765996631066,0,0,0
02:13:26,99.96052309577526,0,0,0
02:13:27,99.96230938103427,0,0,0
02:13:28,99.96230938103427,0,0,0
02:13:29,99.95695052525718,0,0,0
02:13:30,99.95695052525718,0,0,0
02:13:31,99.94623281370292,0,0,0
02:13:32,99.96052309577526,0,0,0
02:13:33,99.9639527634726,0,0,0
02:13:34,99.96588195155236,0,0,0
02:13:35,99.97740349147315,0,0,0
02:13:36,99.97740349147315,0,0,0
02:13:37,99.96498880892284,0,0,0
02:13:38,99.96536392882724,0,0,0
02:13:39,99.97302709258852,0,0,0
02:13:40,99.95695052525718,0,0,0
02:13:41,99.95516423999814,0,0,0
02:13:42,99.9587368105162,0,0,0
02:13:43,99.9587368105162,0,0,0
02:13:44,99.9390876726668,0,0,0
02:13:45,99.93194253163064,0,0,0
02:13:46,99.93372881688968,0,0,0
02:13:47,99.9158659642993,0,0,0
02:13:48,99.92658367585352,0,0,0
02:13:49,99.91943853481736,0,0,0
02:13:50,99.91765224955832,0,0,0
02:13:51,99.92479739059448,0,0,0
02:13:52,99.9301562463716,0,0,0
02:13:53,99.9301562463716,0,0,0
02:13:54,99.92301110533543,0,0,0
02:13:55,99.9203316774469,0,0,0
02:13:56,99.9301562463716,0,0,0
02:13:57,99.91229339378124,0,0,0
02:13:58,99.92749468133565,0,0,0
02:13:59,99.91943853481736,0,0,0
02:14:00,99.92836996111257,0,0,0
02:14:01,99.92301110533543,0,0,0
02:14:02,99.92301110533543,0,0,0
02:14:03,99.92622641880172,0,0,0
02:14:04,99.9444465284439,0,0,0
02:14:05,99.95159166948004,0,0,0
02:14:06,99.9390876726668,0,0,0
02:14:07,99.9390876726668,0,0,0
02:14:08,99.93801590151138,0,0,0
02:14:09,99.9444465284439,0,0,0
02:14:10,99.94087395792585,0,0,0
02:14:11,99.92301110533543,0,0,0
02:14:12,99.92301110533543,0,0,0
02:14:13,99.92658367585352,0,0,0
02:14:14,99.90604139537456,0,0,0
02:14:15,99.8926442559318,0,0,0
02:14:16,99.91943853481736,0,0,0
02:14:17,99.93367522833192,0,0,0
02:14:18,99.93367522833192,0,0,0
02:14:19,99.9212248200764,0,0,0
02:14:20,99.92836996111257,0,0,0
02:14:21,99.91665192981328,0,0,0
02:14:22,99.9212248200764,0,0,0
02:14:23,99.9212248200764,0,0,0
02:14:24,99.901575682227,0,0,0
02:14:25,99.90872082326314,0,0,0
02:14:26,99.89978939696796,0,0,0
02:14:27,99.89978939696796,0,0,0
02:14:28,99.89600247221878,0,0,0
02:14:29,99.91229339378124,0,0,0
02:14:30,99.92836996111257,0,0,0
02:14:31,99.9301562463716,0,0,0
02:14:32,99.9301562463716,0,0,0
02:14:33,99.93730138740776,0,0,0
02:14:34,99.93283567426016,0,0,0
02:14:35,99.92836996111257,0,0,0
02:14:36,99.92854858963848,0,0,0
02:14:37,99.92658367585352,0,0,0
02:14:38,99.92479739059448,0,0,0
02:14:39,99.9147406045861,0,0,0
02:14:40,99.9301562463716,0,0,0
02:14:41,99.93730138740776,0,0,0
02:14:42,99.93372881688968,0,0,0
02:14:43,99.9390876726668,0,0,0
02:14:44,99.92836996111257,0,0,0
02:14:45,99.9105071085222,0,0,0
02:14:46,99.90336196748602,0,0,0
02:14:47,99.90514825274506,0,0,0
02:14:48,99.9105071085222,0,0,0
02:14:49,99.9069345380041,0,0,0
02:14:50,99.89085797067276,0,0,0
02:14:51,99.88907168541373,0,0,0
02:14:52,99.89085797067276,0,0,0
02:14:53,99.89800311170892,0,0,0
02:14:54,99.89621682644989,0,0,0
02:14:55,99.88523117210678,0,0,0
02:14:56,99.874799266194,0,0,0
02:14:57,99.8729951180824,0,0,0
02:14:58,99.84441455393778,0,0,0
02:14:59,99.82297913082932,0,0,0
02:15:00,99.81047513401604,0,0,0
02:15:01,99.81047513401604,0,0,0
02:15:02,99.7711768583172,0,0,0
02:15:03,99.76581800254009,0,0,0
02:15:04,99.77653571409432,0,0,0
02:15:05,99.79707799457324,0,0,0
02:15:06,99.79975742246182,0,0,0
02:15:07,99.7979711372028,0,0,0
02:15:08,99.81404770453412,0,0,0
02:15:09,99.80690256349796,0,0,0
02:15:10,99.8265517013474,0,0,0
02:15:11,99.82476541608835,0,0,0
02:15:12,99.81940656031122,0,0,0
02:15:13,99.82476541608835,0,0,0
02:15:14,99.85155969497391,0,0,0
02:15:15,99.84441455393778,0,0,0
02:15:16,99.83548312764258,0,0,0
02:15:17,99.84441455393778,0,0,0
02:15:18,99.82119284557028,0,0,0
02:15:19,99.79975742246182,0,0,0
02:15:20,99.79975742246182,0,0,0
02:15:21,99.80243685035038,0,0,0
02:15:22,99.79975742246182,0,0,0
02:15:23,99.81226141927507,0,0,0
02:15:24,99.80334785583248,0,0,0
02:15:25,99.80847449452592,0,0,0
02:15:26,99.80154370772088,0,0,0
02:15:27,99.79975742246182,0,0,0
02:15:28,99.79839984566496,0,0,0
02:15:29,99.78546714038951,0,0,0
02:15:30,99.78189456987144,0,0,0
02:15:31,99.76762215065172,0,0,0
02:15:32,99.77832199935337,0,0,0
02:15:33,99.77742885672384,0,0,0
02:15:34,99.77183778386303,0,0,0
02:15:35,99.78457399776,0,0,0
02:15:36,99.77644639983136,0,0,0
02:15:37,99.78368085513048,0,0,0
02:15:38,99.77742885672384,0,0,0
02:15:39,99.77653571409432,0,0,0
02:15:40,99.77296314357623,0,0,0
02:15:41,99.76581800254009,0,0,0
02:15:42,99.76939057305816,0,0,0
02:15:43,99.77474942883528,0,0,0
02:15:44,99.77296314357623,0,0,0
02:15:45,99.76939057305816,0,0,0
02:15:46,99.73723743839548,0,0,0
02:15:47,99.73187858261838,0,0,0
02:15:48,99.7479551499497,0,0,0
02:15:49,99.76358514596627,0,0,0
02:15:50,99.76581800254009,0,0,0
02:15:51,99.76760428779912,0,0,0
02:15:52,99.76403171728106,0,0,0
02:15:53,99.77653571409432,0,0,0
02:15:54,99.77653571409432,0,0,0
02:15:55,99.76760428779912,0,0,0
02:15:56,99.76581800254009,0,0,0
02:15:57,99.76581800254009,0,0,0
02:15:58,99.76939057305816,0,0,0
02:15:59,99.79618485194374,0,0,0
02:16:00,99.80690256349796,0,0,0
02:16:01,99.80690256349796,0,0,0
02:16:02,99.80154370772088,0,0,0
02:16:03,99.80511627823893,0,0,0
02:16:04,99.8265517013474,0,0,0
02:16:05,99.8319105571245,0,0,0
02:16:06,99.83548312764258,0,0,0
02:16:07,99.83369684238352,0,0,0
02:16:08,99.83548312764258,0,0,0
02:16:09,99.83548312764258,0,0,0
02:16:10,99.75867286150394,0,0,0
02:16:11,99.78135868429372,0,0,0
02:16:12,99.78814656827808,0,0,0
02:16:13,99.78189456987144,0,0,0
02:16:14,99.77296314357623,0,0,0
02:16:15,99.76403171728106,0,0,0
02:16:16,99.73009229735932,0,0,0
02:16:17,99.74216758571043,0,0,0
02:16:18,99.72837746351064,0,0,0
02:16:19,99.72653758969383,0,0,0
02:16:20,99.71580201528704,0,0,0
02:16:21,99.73723743839548,0,0,0
02:16:22,99.73282531380563,0,0,0
02:16:23,99.74081000891356,0,0,0
02:16:24,99.76939057305816,0,0,0
02:16:25,99.7569044390975,0,0,0
02:16:26,99.7711768583172,0,0,0
02:16:27,99.75331400572684,0,0,0
02:16:28,99.75331400572684,0,0,0
02:16:29,99.75510029098588,0,0,0
02:16:30,99.75510029098588,0,0,0
02:16:31,99.7628170433049,0,0,0
02:16:32,99.76045914676298,0,0,0
02:16:33,99.76581800254009,0,0,0
02:16:34,99.762245432022,0,0,0
02:16:35,99.76581800254009,0,0,0
02:16:36,99.76581800254009,0,0,0
02:16:37,99.76760428779912,0,0,0
02:16:38,99.76849743042864,0,0,0
02:16:39,99.7711768583172,0,0,0
02:16:40,99.7711768583172,0,0,0
02:16:41,99.75956600413346,0,0,0
02:16:42,99.7622632948746,0,0,0
02:16:43,99.7622632948746,0,0,0
02:16:44,99.77653571409432,0,0,0
02:16:45,99.78189456987144,0,0,0
02:16:46,99.76939057305816,0,0,0
02:16:47,99.76939057305816,0,0,0
02:16:48,99.7711768583172,0,0,0
02:16:49,99.7711768583172,0,0,0
02:16:50,99.7711768583172,0,0,0
02:16:51,99.78485980340145,0,0,0
02:16:52,99.7952917093142,0,0,0
02:16:53,99.7952917093142,0,0,0
02:16:54,99.8033299929799,0,0,0
02:16:55,99.80154370772088,0,0,0
02:16:56,99.81218996786473,0,0,0
02:16:57,99.81227928212766,0,0,0
02:16:58,99.80690256349796,0,0,0
02:16:59,99.79439856668468,0,0,0
02:17:00,99.79439856668468,0,0,0
02:17:01,99.81585185264576,0,0,0
02:17:02,99.82119284557028,0,0,0
02:17:03,99.81531596706805,0,0,0
02:17:04,99.81585185264576,0,0,0
02:17:05,99.81585185264576,0,0,0
02:17:06,99.81583398979316,0,0,0
02:17:07,99.81045727116346,0,0,0
02:17:08,99.81404770453412,0,0,0
02:17:09,99.80690256349796,0,0,0
02:17:10,99.81583398979316,0,0,0
02:17:11,99.80511627823893,0,0,0
02:17:12,99.80511627823893,0,0,0
02:17:13,99.81672713242268,0,0,0
02:17:14,99.81226141927507,0,0,0
02:17:15,99.80511627823893,0,0,0
02:17:16,99.82119284557028,0,0,0
02:17:17,99.84977340971489,0,0,0
02:17:18,99.855132265492,0,0,0
02:17:19,99.85154183212134,0,0,0
02:17:20,99.85870483601008,0,0,0
02:17:21,99.87478140334142,0,0,0
02:17:22,99.89085797067276,0,0,0
02:17:23,99.88907168541373,0,0,0
02:17:24,99.89889625433844,0,0,0
02:17:25,99.8872854001547,0,0,0
02:17:26,99.88549911489564,0,0,0
02:17:27,99.901575682227,0,0,0
02:17:28,99.901575682227,0,0,0
02:17:29,99.89621682644989,0,0,0
02:17:30,99.91854539218784,0,0,0
02:17:31,99.92299324248286,0,0,0
02:17:32,99.91161460538278,0,0,0
02:17:33,99.91943853481736,0,0,0
02:17:34,99.91438334753428,0,0,0
02:17:35,99.9105071085222,0,0,0
02:17:36,99.9069345380041,0,0,0
02:17:37,99.89978939696796,0,0,0
02:17:38,99.8926442559318,0,0,0
02:17:39,99.88549911489564,0,0,0
02:17:40,99.8872854001547,0,0,0
02:17:41,99.8872854001547,0,0,0
02:17:42,99.87120883282334,0,0,0
02:17:43,99.88192654437756,0,0,0
02:17:44,99.85155969497391,0,0,0
02:17:45,99.85268505468711,0,0,0
02:17:46,99.86406369178718,0,0,0
02:17:47,99.86406369178718,0,0,0
02:17:48,99.84977340971489,0,0,0
02:17:49,99.84441455393778,0,0,0
02:17:50,99.84798712445586,0,0,0
02:17:51,99.8319105571245,0,0,0
02:17:52,99.8319105571245,0,0,0
02:17:53,99.82982060337142,0,0,0
02:17:54,99.84977340971489,0,0,0
02:17:55,99.86763626230528,0,0,0
02:17:56,99.8738882607119,0,0,0
02:17:57,99.8738882607119,0,0,0
02:17:58,99.88014025911852,0,0,0
02:17:59,99.86406369178718,0,0,0
02:18:00,99.8837128296366,0,0,0
02:18:01,99.87478140334142,0,0,0
02:18:02,99.88192654437756,0,0,0
02:18:03,99.87835397385948,0,0,0
02:18:04,99.86942254756433,0,0,0
02:18:05,99.8649746972693,0,0,0
02:18:06,99.8649746972693,0,0,0
02:18:07,99.85691855075105,0,0,0
02:18:08,99.86763626230528,0,0,0
02:18:09,99.87478140334142,0,0,0
02:18:10,99.86942254756433,0,0,0
02:18:11,99.86763626230528,0,0,0
02:18:12,99.87835397385948,0,0,0
02:18:13,99.88549911489564,0,0,0
02:18:14,99.87835397385948,0,0,0
02:18:15,99.88192654437756,0,0,0
02:18:16,99.88662447460884,0,0,0
02:18:17,99.8837128296366,0,0,0
02:18:18,99.88460597226612,0,0,0
02:18:19,99.8878212857324,0,0,0
02:18:20,99.89085797067276,0,0,0
02:18:21,99.89443054119084,0,0,0
02:18:22,99.88925031393964,0,0,0
02:18:23,99.89800311170892,0,0,0
02:18:24,99.90514825274506,0,0,0
02:18:25,99.9069345380041,0,0,0
02:18:26,99.90336196748602,0,0,0
02:18:27,99.90518397845024,0,0,0
02:18:28,99.901575682227,0,0,0
02:18:29,99.90505893848211,0,0,0
02:18:30,99.90777409207584,0,0,0
02:18:31,99.9069345380041,0,0,0
02:18:32,99.9069345380041,0,0,0
02:18:33,99.9069345380041,0,0,0
02:18:34,99.9069345380041,0,0,0
02:18:35,99.90872082326314,0,0,0
02:18:36,99.90872082326314,0,0,0
02:18:37,99.90695240085672,0,0,0
02:18:38,99.9105071085222,0,0,0
02:18:39,99.89978939696796,0,0,0
02:18:40,99.87120883282334,0,0,0
02:18:41,99.8604911212691,0,0,0
02:18:42,99.84798712445586,0,0,0
02:18:43,99.84888026708536,0,0,0
02:18:44,99.84977340971489,0,0,0
02:18:45,99.85691855075105,0,0,0
02:18:46,99.86763626230528,0,0,0
02:18:47,99.86763626230528,0,0,0
02:18:48,99.86227740652814,0,0,0
02:18:49,99.87031569019383,0,0,0
02:18:50,99.8764962371901,0,0,0
02:18:51,99.86763626230528,0,0,0
02:18:52,99.86408155463978,0,0,0
02:18:53,99.8872854001547,0,0,0
02:18:54,99.89621682644989,0,0,0
02:18:55,99.88907168541373,0,0,0
02:18:56,99.8926442559318,0,0,0
02:18:57,99.8926442559318,0,0,0
02:18:58,99.8926442559318,0,0,0
02:18:59,99.901575682227,0,0,0
02:19:00,99.91765224955832,0,0,0
02:19:01,99.91229339378124,0,0,0
02:19:02,99.89800311170892,0,0,0
02:19:03,99.89978939696796,0,0,0
02:19:04,99.9033798303386,0,0,0
02:19:05,99.9033798303386,0,0,0
02:19:06,99.9033798303386,0,0,0
02:19:07,99.9033798303386,0,0,0
02:19:08,99.8926442559318,0,0,0
02:19:09,99.88192654437756,0,0,0
02:19:10,99.88192654437756,0,0,0
02:19:11,99.901575682227,0,0,0
02:19:12,99.9069345380041,0,0,0
02:19:13,99.91202545099236,0,0,0
02:19:14,99.91763438670576,0,0,0
02:19:15,99.9105071085222,0,0,0
02:19:16,99.9105071085222,0,0,0
02:19:17,99.9069345380041,0,0,0
02:19:18,99.91229339378124,0,0,0
02:19:19,99.9069345380041,0,0,0
02:19:20,99.90872082326314,0,0,0
02:19:21,99.901575682227,0,0,0
02:19:22,99.91407967904028,0,0,0
02:19:23,99.91943853481736,0,0,0
02:19:24,99.93551510214871,0,0,0
02:19:25,99.92836996111257,0,0,0
02:19:26,99.92658367585352,0,0,0
02:19:27,99.93730138740776,0,0,0
02:19:28,99.93730138740776,0,0,0
02:19:29,99.93372881688968,0,0,0
02:19:30,99.93367522833192,0,0,0
02:19:31,99.92106405440308,0,0,0
02:19:32,99.91765224955832,0,0,0
02:19:33,99.9105071085222,0,0,0
02:19:34,99.90872082326314,0,0,0
02:19:35,99.90514825274506,0,0,0
02:19:36,99.9069345380041,0,0,0
02:19:37,99.91765224955832,0,0,0
02:19:38,99.91765224955832,0,0,0
02:19:39,99.93194253163064,0,0,0
02:19:40,99.92301110533543,0,0,0
02:19:41,99.93346087410082,0,0,0
02:19:42,99.93728352455516,0,0,0
02:19:43,99.93551510214871,0,0,0
02:19:44,99.93192466877804,0,0,0
02:19:45,99.91943853481736,0,0,0
02:19:46,99.92045671741504,0,0,0
02:19:47,99.91407967904028,0,0,0
02:19:48,99.91943853481736,0,0,0
02:19:49,99.91943853481736,0,0,0
02:19:50,99.92836996111257,0,0,0
02:19:51,99.91577665003636,0,0,0
02:19:52,99.91577665003636,0,0,0
02:19:53,99.8872854001547,0,0,0
02:19:54,99.88549911489564,0,0,0
02:19:55,99.87656768860046,0,0,0
02:19:56,99.874799266194,0,0,0
02:19:57,99.87867550520612,0,0,0
02:19:58,99.87867550520612,0,0,0
02:19:59,99.8735310036601,0,0,0
02:20:00,99.87978300206672,1,0,0
02:20:01,99.87978300206672,0,0,0
02:20:02,99.8729951180824,0,0,0
02:20:03,99.86942254756433,0,0,0
02:20:04,99.86406369178718,0,0,0
02:20:05,99.86406369178718,0,0,0
02:20:06,99.86227740652814,0,0,0
02:20:07,99.8604911212691,0,0,0
02:20:08,99.86763626230528,0,0,0
02:20:09,99.88014025911852,0,0,0
02:20:10,99.8837128296366,0,0,0
02:20:11,99.89085797067276,0,0,0
02:20:12,99.89085797067276,0,0,0
02:20:13,99.89978939696796,0,0,0
02:20:14,99.89978939696796,0,0,0
02:20:15,99.88549911489564,0,0,0
02:20:16,99.88549911489564,0,0,0
02:20:17,99.88549911489564,0,0,0
02:20:18,99.86406369178718,0,0,0
02:20:19,99.86406369178718,0,0,0
02:20:20,99.86942254756433,0,0,0
02:20:21,99.87478140334142,0,0,0
02:20:22,99.86763626230528,0,0,0
02:20:23,99.86406369178718,0,0,0
02:20:24,99.85332811738036,0,0,0
02:20:25,99.84441455393778,0,0,0
02:20:26,99.84262826867874,0,0,0
02:20:27,99.86763626230528,0,0,0
02:20:28,99.8729951180824,0,0,0
02:20:29,99.8729951180824,0,0,0
02:20:30,99.86227740652814,0,0,0
02:20:31,99.86584997704624,0,0,0
02:20:32,99.87835397385948,0,0,0
02:20:33,99.87120883282334,0,0,0
02:20:34,99.87120883282334,0,0,0
02:20:35,99.86763626230528,0,0,0
02:20:36,99.85334598023296,0,0,0
02:20:37,99.85334598023296,0,0,0
02:20:38,99.84692892906838,0,0,0
02:20:39,99.84798712445586,0,0,0
02:20:40,99.85870483601008,0,0,0
02:20:41,99.86584997704624,0,0,0
02:20:42,99.87656768860046,0,0,0
02:20:43,99.89443054119084,0,0,0
02:20:44,99.89443054119084,0,0,0
02:20:45,99.89621682644989,0,0,0
02:20:46,99.91407967904028,0,0,0
02:20:47,99.9212248200764,0,0,0
02:20:48,99.9212248200764,0,0,0
02:20:49,99.92479739059448,0,0,0
02:20:50,99.92390424796496,0,0,0
02:20:51,99.90782768063362,0,0,0
02:20:52,99.90872082326314,0,0,0
02:20:53,99.89800311170892,0,0,0
02:20:54,99.90782768063362,0,0,0
02:20:55,99.91229339378124,0,0,0
02:20:56,99.9105071085222,0,0,0
02:20:57,99.9105071085222,0,0,0
02:20:58,99.91229339378124,0,0,0
02:20:59,99.9123112566338,0,0,0
02:21:00,99.9158659642993,0,0,0
02:21:01,99.9205103059728,0,0,0
02:21:02,99.9205103059728,0,0,0
02:21:03,99.9069345380041,0,0,0
02:21:04,99.94087395792585,0,0,0
02:21:05,99.93564014211684,0,0,0
02:21:06,99.9212248200764,0,0,0
02:21:07,99.9212248200764,0,0,0
02:21:08,99.9301562463716,0,0,0
02:21:09,99.925690533224,0,0,0
02:21:10,99.93372881688968,0,0,0
02:21:11,99.92658367585352,0,0,0
02:21:12,99.91229339378124,0,0,0
02:21:13,99.90514825274506,0,0,0
02:21:14,99.901575682227,0,0,0
02:21:15,99.901575682227,0,0,0
02:21:16,99.9069345380041,0,0,0
02:21:17,99.901575682227,0,0,0
02:21:18,99.8926442559318,0,0,0
02:21:19,99.89441267833826,0,0,0
02:21:20,99.87835397385948,0,0,0
02:21:21,99.87622829440124,0,0,0
02:21:22,99.86584997704624,0,0,0
02:21:23,99.87478140334142,0,0,0
02:21:24,99.87656768860046,0,0,0
02:21:25,99.87917566507863,0,0,0
02:21:26,99.87917566507863,0,0,0
02:21:27,99.86584997704624,0,0,0
02:21:28,99.86584997704624,0,0,0
02:21:29,99.86785061653634,0,0,0
02:21:30,99.86785061653634,0,0,0
02:21:31,99.8604911212691,0,0,0
02:21:32,99.86763626230528,0,0,0
02:21:33,99.85691855075105,0,0,0
02:21:34,99.84798712445586,0,0,0
02:21:35,99.8265517013474,0,0,0
02:21:36,99.83369684238352,0,0,0
02:21:37,99.83548312764258,0,0,0
02:21:38,99.83369684238352,0,0,0
02:21:39,99.8265517013474,0,0,0
02:21:40,99.82119284557028,0,0,0
02:21:41,99.8272483525984,0,0,0
02:21:42,99.8319105571245,0,0,0
02:21:43,99.8319105571245,0,0,0
02:21:44,99.8033299929799,0,0,0
02:21:45,99.80695615205576,0,0,0
02:21:46,99.79082599616662,0,0,0
02:21:47,99.7890397109076,0,0,0
02:21:48,99.78618165449312,0,0,0
02:21:49,99.80154370772088,0,0,0
02:21:50,99.79975742246182,0,0,0
02:21:51,99.78725342564854,0,0,0
02:21:52,99.7878786254892,0,0,0
02:21:53,99.7979711372028,0,0,0
02:21:54,99.7979711372028,0,0,0
02:21:55,99.78727128850112,0,0,0
02:21:56,99.78368085513048,0,0,0
02:21:57,99.7800904217598,0,0,0
02:21:58,99.7800904217598,0,0,0
02:21:59,99.78368085513048,0,0,0
02:22:00,99.78368085513048,0,0,0
02:22:01,99.78725342564854,0,0,0
02:22:02,99.78189456987144,0,0,0
02:22:03,99.78100142724192,0,0,0
02:22:04,99.77028371568768,0,0,0
02:22:05,99.77653571409432,0,0,0
02:22:06,99.77385628620576,0,0,0
02:22:07,99.76760428779912,0,0,0
02:22:08,99.7524208630973,0,0,0
02:22:09,99.77474942883528,0,0,0
02:22:10,99.77474942883528,0,0,0
02:22:11,99.77010508716178,0,0,0
02:22:12,99.762245432022,0,0,0
02:22:13,99.76045914676298,0,0,0
02:22:14,99.76581800254009,0,0,0
02:22:15,99.77473156598268,0,0,0
02:22:16,99.77474942883528,0,0,0
02:22:17,99.7711768583172,0,0,0
02:22:18,99.75978035836454,0,0,0
02:22:19,99.762245432022,0,0,0
02:22:20,99.74616886469067,0,0,0
02:22:21,99.73902372365453,0,0,0
02:22:22,99.74170315154308,0,0,0
02:22:23,99.74345371109696,0,0,0
02:22:24,99.75145626905744,0,0,0
02:22:25,99.74616886469067,0,0,0
02:22:26,99.74081000891356,0,0,0
02:22:27,99.76047700961556,0,0,0
02:22:28,99.74440044228422,0,0,0
02:22:29,99.75331400572684,0,0,0
02:22:30,99.75331400572684,0,0,0
02:22:31,99.75688657624492,0,0,0
02:22:32,99.75688657624492,0,0,0
02:22:33,99.75867286150394,0,0,0
02:22:34,99.75867286150394,0,0,0
02:22:35,99.76760428779912,0,0,0
02:22:36,99.75695802765529,0,0,0
02:22:37,99.75695802765529,0,0,0
02:22:38,99.76403171728106,0,0,0
02:22:39,99.76939057305816,0,0,0
02:22:40,99.78368085513048,0,0,0
02:22:41,99.77296314357623,0,0,0
02:22:42,99.78546714038951,0,0,0
02:22:43,99.78189456987144,0,0,0
02:22:44,99.78368085513048,0,0,0
02:22:45,99.77832199935337,0,0,0
02:22:46,99.7979711372028,0,0,0
02:22:47,99.82297913082932,0,0,0
02:22:48,99.83458998501304,0,0,0
02:22:49,99.8417351260492,0,0,0
02:22:50,99.83189269427191,0,0,0
02:22:51,99.8372694129016,0,0,0
02:22:52,99.82547993019196,0,0,0
02:22:53,99.82835584945902,0,0,0
02:22:54,99.83905569816064,0,0,0
02:22:55,99.8372694129016,0,0,0
02:22:56,99.84084198341968,0,0,0
02:22:57,99.84441455393778,0,0,0
02:22:58,99.84084198341968,0,0,0
02:22:59,99.85155969497391,0,0,0
02:23:00,99.84977340971489,0,0,0
02:23:01,99.85155969497391,0,0,0
02:23:02,99.85155969497391,0,0,0
02:23:03,99.8604911212691,0,0,0
02:23:04,99.87120883282334,0,0,0
02:23:05,99.8729951180824,0,0,0
02:23:06,99.87478140334142,0,0,0
02:23:07,99.87478140334142,0,0,0
02:23:08,99.87478140334142,0,0,0
02:23:09,99.8872496744495,0,0,0
02:23:10,99.87835397385948,0,0,0
02:23:11,99.8729772552298,0,0,0
02:23:12,99.86406369178718,0,0,0
02:23:13,99.86406369178718,0,0,0
02:23:14,99.83962730944354,0,0,0
02:23:15,99.83962730944354,0,0,0
02:23:16,99.83962730944354,0,0,0
02:23:17,99.84084198341968,0,0,0
02:23:18,99.84084198341968,0,0,0
02:23:19,99.8462008391968,0,0,0
02:23:20,99.85155969497391,0,0,0
02:23:21,99.85155969497391,0,0,0
02:23:22,99.86584997704624,0,0,0
02:23:23,99.86584997704624,0,0,0
02:23:24,99.89443054119084,0,0,0
02:23:25,99.8872854001547,0,0,0
02:23:26,99.88457024656095,0,0,0
02:23:27,99.8837128296366,0,0,0
02:23:28,99.8837128296366,0,0,0
02:23:29,99.89443054119084,0,0,0
02:23:30,99.89978939696796,0,0,0
02:23:31,99.90514825274506,0,0,0
02:23:32,99.9033798303386,0,0,0
02:23:33,99.89443054119084,0,0,0
02:23:34,99.89978939696796,0,0,0
02:23:35,99.90514825274506,0,0,0
02:23:36,99.88014025911852,0,0,0
02:23:37,99.86942254756433,0,0,0
02:23:38,99.86942254756433,0,0,0
02:23:39,99.86942254756433,0,0,0
02:23:40,99.86942254756433,0,0,0
02:23:41,99.85334598023296,0,0,0
02:23:42,99.85155969497391,0,0,0
02:23:43,99.84530769656728,0,0,0
02:23:44,99.85334598023296,0,0,0
02:23:45,99.8372694129016,0,0,0
02:23:46,99.83994884079016,0,0,0
02:23:47,99.83994884079016,0,0,0
02:23:48,99.86584997704624,0,0,0
02:23:49,99.86584997704624,0,0,0
02:23:50,99.87656768860046,0,0,0
02:23:51,99.86763626230528,0,0,0
02:23:52,99.86227740652814,0,0,0
02:23:53,99.8516132835317,0,0,0
02:23:54,99.855132265492,0,0,0
02:23:55,99.8604911212691,0,0,0
02:23:56,99.86177724665562,0,0,0
02:23:57,99.855132265492,0,0,0
02:23:58,99.86406369178718,0,0,0
02:23:59,99.86406369178718,0,0,0
02:24:00,99.86665380541278,0,0,0
02:24:01,99.87120883282334,0,0,0
02:24:02,99.86406369178718,0,0,0
02:24:03,99.87656768860046,0,0,0
02:24:04,99.8685294049348,0,0,0
02:24:05,99.86406369178718,0,0,0
02:24:06,99.87120883282334,0,0,0
02:24:07,99.8783361110069,0,0,0
02:24:08,99.86942254756433,0,0,0
02:24:09,99.86127708678308,0,0,0
02:24:10,99.86127708678308,0,0,0
02:24:11,99.86763626230528,0,0,0
02:24:12,99.87478140334142,0,0,0
02:24:13,99.86942254756433,0,0,0
02:24:14,99.86584997704624,0,0,0
02:24:15,99.86406369178718,0,0,0
02:24:16,99.86942254756433,0,0,0
02:24:17,99.86695747390682,0,0,0
02:24:18,99.86138426389864,0,0,0
02:24:19,99.8604911212691,0,0,0
02:24:20,99.86006241280694,0,0,0
02:24:21,99.855132265492,0,0,0
02:24:22,99.85336384308556,0,0,0
02:24:23,99.8604911212691,0,0,0
02:24:24,99.8729951180824,0,0,0
02:24:25,99.8729951180824,0,0,0
02:24:26,99.88549911489564,0,0,0
02:24:27,99.88294472697524,0,0,0
02:24:28,99.87656768860046,0,0,0
02:24:29,99.87478140334142,0,0,0
02:24:30,99.87835397385948,0,0,0
02:24:31,99.87656768860046,0,0,0
02:24:32,99.87656768860046,0,0,0
02:24:33,99.89328731862506,0,0,0
02:24:34,99.89443054119084,0,0,0
02:24:35,99.88907168541373,0,0,0
02:24:36,99.88907168541373,0,0,0
02:24:37,99.88549911489564,0,0,0
02:24:38,99.8926442559318,0,0,0
02:24:39,99.88192654437756,0,0,0
02:24:40,99.87478140334142,0,0,0
02:24:41,99.88014025911852,0,0,0
02:24:42,99.86227740652814,0,0,0
02:24:43,99.8462008391968,0,0,0
02:24:44,99.8462008391968,0,0,0
02:24:45,99.8462008391968,0,0,0
02:24:46,99.8462008391968,0,0,0
02:24:47,99.8372694129016,0,0,0
02:24:48,99.8372694129016,0,0,0
02:24:49,99.8372694129016,0,0,0
02:24:50,99.83548312764258,0,0,0
02:24:51,99.8319105571245,0,0,0
02:24:52,99.83012427186549,0,0,0
02:24:53,99.83012427186549,0,0,0
02:24:54,99.81956732598454,0,0,0
02:24:55,99.81583398979316,0,0,0
02:24:56,99.81940656031122,0,0,0
02:24:57,99.81887067473352,0,0,0
02:24:58,99.83369684238352,0,0,0
02:24:59,99.83905569816064,0,0,0
02:25:00,99.8462008391968,0,0,0
02:25:01,99.8462008391968,0,0,0
02:25:02,99.8462008391968,0,0,0
02:25:03,99.85334598023296,0,0,0
02:25:04,99.86942254756433,0,0,0
02:25:05,99.8604911212691,0,0,0
02:25:06,99.85245283760344,0,0,0
02:25:07,99.85334598023296,0,0,0
02:25:08,99.84977340971489,0,0,0
02:25:09,99.85084518087032,0,0,0
02:25:10,99.85084518087032,0,0,0
02:25:11,99.85084518087032,0,0,0
02:25:12,99.85084518087032,0,0,0
02:25:13,99.8604911212691,0,0,0
02:25:14,99.84798712445586,0,0,0
02:25:15,99.84798712445586,0,0,0
02:25:16,99.84262826867874,0,0,0
02:25:17,99.84262826867874,0,0,0
02:25:18,99.85155969497391,0,0,0
02:25:19,99.85155969497391,0,0,0
02:25:20,99.82833798660644,0,0,0
02:25:21,99.83905569816064,0,0,0
02:25:22,99.83905569816064,0,0,0
02:25:23,99.83101741449498,0,0,0
02:25:24,99.83101741449498,0,0,0
02:25:25,99.8372694129016,0,0,0
02:25:26,99.84441455393778,0,0,0
02:25:27,99.84262826867874,0,0,0
02:25:28,99.8372694129016,0,0,0
02:25:29,99.83012427186549,0,0,0
02:25:30,99.8372694129016,0,0,0
02:25:31,99.80154370772088,0,0,0
02:25:32,99.80690256349796,0,0,0
02:25:33,99.81404770453412,0,0,0
02:25:34,99.80947481427098,0,0,0
02:25:35,99.81226141927507,0,0,0
02:25:36,99.81940656031122,0,0,0
02:25:37,99.81142186520334,0,0,0
02:25:38,99.81142186520334,0,0,0
02:25:39,99.79620271479634,0,0,0
02:25:40,99.7890397109076,0,0,0
02:25:41,99.79439856668468,0,0,0
02:25:42,99.78189456987144,0,0,0
02:25:43,99.78189456987144,0,0,0
02:25:44,99.78725342564854,0,0,0
02:25:45,99.79439856668468,0,0,0
02:25:46,99.78725342564854,0,0,0
02:25:47,99.79261228142566,0,0,0
02:25:48,99.808688848757,0,0,0
02:25:49,99.80154370772088,0,0,0
02:25:50,99.78636028301904,0,0,0
02:25:51,99.7890397109076,0,0,0
02:25:52,99.78368085513048,0,0,0
02:25:53,99.78368085513048,0,0,0
02:25:54,99.79261228142566,0,0,0
02:25:55,99.79261228142566,0,0,0
02:25:56,99.79261228142566,0,0,0
02:25:57,99.79171913879614,0,0,0
02:25:58,99.78546714038951,0,0,0
02:25:59,99.78368085513048,0,0,0
02:26:00,99.78368085513048,0,0,0
02:26:01,99.78368085513048,0,0,0
02:26:02,99.78368085513048,0,0,0
02:26:03,99.7711768583172,0,0,0
02:26:04,99.77324894921767,0,0,0
02:26:05,99.77324894921767,0,0,0
02:26:06,99.78189456987144,0,0,0
02:26:07,99.77921514198287,0,0,0
02:26:08,99.76760428779912,0,0,0
02:26:09,99.74438257943164,0,0,0
02:26:10,99.75510029098588,0,0,0
02:26:11,99.762245432022,0,0,0
02:26:12,99.75063457783826,0,0,0
02:26:13,99.75063457783826,0,0,0
02:26:14,99.75938737560756,0,0,0
02:26:15,99.75661863345604,0,0,0
02:26:16,99.75956600413346,0,0,0
02:26:17,99.75510029098588,0,0,0
02:26:18,99.7479551499497,0,0,0
02:26:19,99.75777971887445,0,0,0
02:26:20,99.75510029098588,0,0,0
02:26:21,99.74616886469067,0,0,0
02:26:22,99.74616886469067,0,0,0
02:26:23,99.72116087106411,0,0,0
02:26:24,99.73009229735932,0,0,0
02:26:25,99.7291991547298,0,0,0
02:26:26,99.7336470050248,0,0,0
02:26:27,99.72294715632316,0,0,0
02:26:28,99.72294715632316,0,0,0
02:26:29,99.72091079112788,0,0,0
02:26:30,99.72116087106411,0,0,0
02:26:31,99.72830601210028,0,0,0
02:26:32,99.73723743839548,0,0,0
02:26:33,99.76760428779912,0,0,0
02:26:34,99.76939057305816,0,0,0
02:26:35,99.76939057305816,0,0,0
02:26:36,99.76203107779092,0,0,0
02:26:37,99.7600125754482,0,0,0
02:26:38,99.75152772046778,0,0,0
02:26:39,99.75331400572684,0,0,0
02:26:40,99.75777971887445,0,0,0
02:26:41,99.75688657624492,0,0,0
02:26:42,99.75688657624492,0,0,0
02:26:43,99.74974143520872,0,0,0
02:26:44,99.74616886469067,0,0,0
02:26:45,99.76581800254009,0,0,0
02:26:46,99.76581800254009,0,0,0
02:26:47,99.75867286150394,0,0,0
02:26:48,99.75870858720911,0,0,0
02:26:49,99.75870858720911,0,0,0
02:26:50,99.762245432022,0,0,0
02:26:51,99.75688657624492,0,0,0
02:26:52,99.76045914676298,0,0,0
02:26:53,99.75510029098588,0,0,0
02:26:54,99.7425962941726,0,0,0
02:26:55,99.7425962941726,0,0,0
02:26:56,99.73905944935969,0,0,0
02:26:57,99.7425962941726,0,0,0
02:26:58,99.7425962941726,0,0,0
02:26:59,99.7336648678774,0,0,0
02:27:00,99.72830601210028,0,0,0
02:27:01,99.72294715632316,0,0,0
02:27:02,99.72116087106411,0,0,0
02:27:03,99.72116087106411,0,0,0
02:27:04,99.73187858261838,0,0,0
02:27:05,99.72294715632316,0,0,0
02:27:06,99.7193745858051,0,0,0
02:27:07,99.7057988178364,0,0,0
02:27:08,99.68722145114242,0,0,0
02:27:09,99.67471745432914,0,0,0
02:27:10,99.68007631010626,0,0,0
02:27:11,99.6782900248472,0,0,0
02:27:12,99.67455668865584,0,0,0
02:27:13,99.68364888062432,0,0,0
02:27:14,99.70151173321472,0,0,0
02:27:15,99.7050843037328,0,0,0
02:27:16,99.7050843037328,0,0,0
02:27:17,99.6961528774376,0,0,0
02:27:18,99.71044315950992,0,0,0
02:27:19,99.7050843037328,0,0,0
02:27:20,99.70151173321472,0,0,0
02:27:21,99.69793916269664,0,0,0
02:27:22,99.68722145114242,0,0,0
02:27:23,99.70385176690404,0,0,0
02:27:24,99.6961528774376,0,0,0
02:27:25,99.68900773640144,0,0,0
02:27:26,99.69077615880788,0,0,0
02:27:27,99.6354191786303,0,0,1
02:27:28,99.59076204715434,0,0,0
02:27:29,99.6121974702628,0,0,0
02:27:30,99.60862489974473,0,0,0
02:27:31,99.6068386144857,0,0,0
02:27:32,99.62827403759415,0,0,0
02:27:33,99.62827403759415,0,0,0
02:27:34,99.63899174914836,0,0,0
02:27:35,99.61487689815137,0,0,0
02:27:36,99.60862489974473,0,0,0
02:27:37,99.60505232922668,0,0,0
02:27:38,99.61577004078087,0,0,0
02:27:39,99.6121974702628,0,0,0
02:27:40,99.62470146707608,0,0,0
02:27:41,99.61934261129898,0,0,0
02:27:42,99.61755632603992,0,0,0
02:27:43,99.6021942728122,0,0,0
02:27:44,99.6068386144857,0,0,0
02:27:45,99.60326604396762,0,0,0
02:27:46,99.6121974702628,0,0,0
02:27:47,99.60505232922668,0,0,0
02:27:48,99.59969347344956,0,0,0
02:27:49,99.59969347344956,0,0,0
02:27:50,99.60505232922668,0,0,0
02:27:51,99.59433461767242,0,0,0
02:27:52,99.59077991000692,0,0,0
02:27:53,99.59076204715434,0,0,0
02:27:54,99.60326604396762,0,0,0
02:27:55,99.60326604396762,0,0,0
02:27:56,99.59969347344956,0,0,0
02:27:57,99.58718947663628,0,0,0
02:27:58,99.59433461767242,0,0,0
02:27:59,99.59076204715434,0,0,0
02:28:00,99.57650749078722,0,0,0
02:28:01,99.58004433560012,0,0,0
02:28:02,99.6023729013381,0,0,0
02:28:03,99.59433461767242,0,0,0
02:28:04,99.59076204715434,0,0,0
02:28:05,99.57111290930492,0,0,0
02:28:06,99.56925517263552,0,0,0
02:28:07,99.56218148300974,0,0,0
02:28:08,99.56754033878686,0,0,0
02:28:09,99.56218148300974,0,0,0
02:28:10,99.56218148300974,0,0,0
02:28:11,99.57289919456396,0,0,0
02:28:12,99.57647176508203,0,0,0
02:28:13,99.57468547982302,0,0,0
02:28:14,99.56039519775072,0,0,0
02:28:15,99.56039519775072,0,0,0
02:28:16,99.5550363419736,0,0,0
02:28:17,99.5657540535278,0,0,0
02:28:18,99.56932662404589,0,0,0
02:28:19,99.55684049008522,0,0,0
02:28:20,99.56218148300974,0,0,0
02:28:21,99.57289919456396,0,0,0
02:28:22,99.5836169061182,0,0,0
02:28:23,99.58093747822964,0,0,0
02:28:24,99.59433461767242,0,0,0
02:28:25,99.57111290930492,0,0,0
02:28:26,99.57468547982302,0,0,0
02:28:27,99.5550363419736,0,0,0
02:28:28,99.55860891249166,0,0,0
02:28:29,99.56218148300974,0,0,0
02:28:30,99.56218148300974,0,0,0
02:28:31,99.5595020551212,0,0,0
02:28:32,99.55860891249166,0,0,0
02:28:33,99.5595020551212,0,0,0
02:28:34,99.5514816343081,0,0,0
02:28:35,99.55771576986216,0,0,0
02:28:36,99.56039519775072,0,0,0
02:28:37,99.53002834834706,0,0,0
02:28:38,99.53538720412418,0,0,0
02:28:39,99.53002834834706,0,0,0
02:28:40,99.52645577782896,0,0,0
02:28:41,99.5386561061482,0,0,0
02:28:42,99.52556263519944,0,0,0
02:28:43,99.52109692205188,0,0,0
02:28:44,99.51573806627476,0,0,0
02:28:45,99.52109692205188,0,0,0
02:28:46,99.53360091886512,0,0,0
02:28:47,99.53895977464224,0,0,0
02:28:48,99.53726280364616,0,0,0
02:28:49,99.52109692205188,0,0,0
02:28:50,99.51573806627476,0,0,0
02:28:51,99.50144778420244,0,0,0
02:28:52,99.50502035472051,0,0,0
02:28:53,99.5018943555172,0,0,0
02:28:54,99.50502035472051,0,0,0
02:28:55,99.50502035472051,0,0,0
02:28:56,99.4943026431663,0,0,0
02:28:57,99.5175243515338,0,0,0
02:28:58,99.52645577782896,0,0,0
02:28:59,99.52645577782896,0,0,0
02:29:00,99.51395178101572,0,0,0
02:29:01,99.51573806627476,0,0,0
02:29:02,99.5228832073109,0,0,0
02:29:03,99.52109692205188,0,0,0
02:29:04,99.5085929252386,0,0,0
02:29:05,99.47822607583494,0,0,0
02:29:06,99.48715750213016,0,0,0
02:29:07,99.47465350531688,0,0,0
02:29:08,99.4710809347988,0,0,0
02:29:09,99.46750836428072,0,0,0
02:29:10,99.45857693798553,0,0,0
02:29:11,99.4389278001361,0,0,0
02:29:12,99.4389278001361,0,0,0
02:29:13,99.42642380332283,0,0,0
02:29:14,99.42999637384092,0,0,0
02:29:15,99.4425003706542,0,0,0
02:29:16,99.4465731010448,0,0,0
02:29:17,99.48715750213016,0,0,0
02:29:18,99.47733293320545,0,0,0
02:29:19,99.46572207902167,0,0,0
02:29:20,99.48001236109398,0,0,0
02:29:21,99.4617922514518,0,0,0
02:29:22,99.47465350531688,0,0,0
02:29:23,99.47465350531688,0,0,0
02:29:24,99.45679065272648,0,0,0
02:29:25,99.4621495085036,0,0,0
02:29:26,99.4571479097783,0,0,0
02:29:27,99.4710809347988,0,0,0
02:29:28,99.47822607583494,0,0,0
02:29:29,99.4889437873892,0,0,0
02:29:30,99.4943026431663,0,0,0
02:29:31,99.50502035472051,0,0,0
02:29:32,99.4996614989434,0,0,0
02:29:33,99.4889437873892,0,0,0
02:29:34,99.48715750213016,0,0,0
02:29:35,99.47822607583494,0,0,0
02:29:36,99.4755466479464,0,0,0
02:29:37,99.48001236109398,0,0,0
02:29:38,99.4755466479464,0,0,0
02:29:39,99.48537121687112,0,0,0
02:29:40,99.48537121687112,0,0,0
02:29:41,99.46572207902167,0,0,0
02:29:42,99.47465350531688,0,0,0
02:29:43,99.47465350531688,0,0,0
02:29:44,99.46572207902167,0,0,0
02:29:45,99.47465350531688,0,0,0
02:29:46,99.47643979057592,0,0,0
02:29:47,99.48358493161206,0,0,0
02:29:48,99.46750836428072,0,0,0
02:29:49,99.46036322324456,0,0,0
02:29:50,99.4621495085036,0,0,0
02:29:51,99.4621495085036,0,0,0
02:29:52,99.46036322324456,0,0,0
02:29:53,99.46036322324456,0,0,0
02:29:54,99.48903310165213,0,0,0
02:29:55,99.48001236109398,0,0,0
02:29:56,99.47465350531688,0,0,0
02:29:57,99.49073007264822,0,0,0
02:29:58,99.46036322324456,0,0,0
02:29:59,99.46750836428072,0,0,0
02:30:00,99.44428665591325,0,0,0
02:30:01,99.433568944359,0,0,0
02:30:02,99.4389278001361,0,0,0
02:30:03,99.45143179694938,0,0,0
02:30:04,99.44964551169032,0,0,0
02:30:05,99.45232493957889,0,0,0
02:30:06,99.4425003706542,0,0,0
02:30:07,99.44428665591325,0,0,0
02:30:08,99.44964551169032,0,0,0
02:30:09,99.44607294117226,0,0,0
02:30:10,99.44428665591325,0,0,0
02:30:11,99.45253929381,0,0,0
02:30:12,99.44071408539516,0,0,0
02:30:13,99.44071408539516,0,0,0
02:30:14,99.4246375180638,0,0,0
02:30:15,99.4246375180638,0,0,0
02:30:16,99.4246375180638,0,0,0
02:30:17,99.43535522961804,0,0,0
02:30:18,99.45143179694938,0,0,0
02:30:19,99.4710809347988,0,0,0
02:30:20,99.46393579376264,0,0,0
02:30:21,99.46572207902167,0,0,0
02:30:22,99.47643979057592,0,0,0
02:30:23,99.47529656801012,0,0,0
02:30:24,99.48715750213016,0,0,0
02:30:25,99.48803278190704,0,0,0
02:30:26,99.50144778420244,0,0,0
02:30:27,99.49251635790723,0,0,0
02:30:28,99.4943026431663,0,0,0
02:30:29,99.49073007264822,0,0,0
02:30:30,99.49073007264822,0,0,0
02:30:31,99.4889437873892,0,0,0
02:30:32,99.5085929252386,0,0,0
02:30:33,99.5085929252386,0,0,0
02:30:34,99.5065744228959,0,0,0
02:30:35,99.50680663997954,0,0,0
02:30:36,99.50814635392383,0,0,0
02:30:37,99.49967936179598,0,0,0
02:30:38,99.50055464157292,0,0,0
02:30:39,99.48715750213016,0,0,0
02:30:40,99.51663120890429,0,0,0
02:30:41,99.5371734893832,0,0,0
02:30:42,99.53895977464224,0,0,0
02:30:43,99.53540506697676,0,0,0
02:30:44,99.52109692205188,0,0,0
02:30:45,99.53002834834706,0,0,0
02:30:46,99.51037921049765,0,0,0
02:30:47,99.51216549575668,0,0,0
02:30:48,99.51931063679282,0,0,0
02:30:49,99.54074605990128,0,0,0
02:30:50,99.53538720412418,0,0,0
02:30:51,99.50680663997954,0,0,0
02:30:52,99.49787521368437,0,0,0
02:30:53,99.49787521368437,0,0,0
02:30:54,99.49787521368437,0,0,0
02:30:55,99.51395178101572,0,0,0
02:30:56,99.5184174941633,0,0,0
02:30:57,99.51037921049765,0,0,0
02:30:58,99.51037921049765,0,0,0
02:30:59,99.51037921049765,0,0,0
02:31:00,99.5318146336061,0,0,0
02:31:01,99.55325005671456,0,0,0
02:31:02,99.56932662404589,0,0,0
02:31:03,99.56039519775072,0,0,0
02:31:04,99.56754033878686,0,0,0
02:31:05,99.55860891249166,0,0,0
02:31:06,99.5657540535278,0,0,0
02:31:07,99.55505420482618,0,0,0
02:31:08,99.5657540535278,0,0,0
02:31:09,99.55682262723263,0,0,0
02:31:10,99.54431863041935,0,0,0
02:31:11,99.5514637714555,0,0,0
02:31:12,99.56396776826878,0,0,0
02:31:13,99.57289919456396,0,0,0
02:31:14,99.57468547982302,0,0,0
02:31:15,99.57647176508203,0,0,0
02:31:16,99.58183062085917,0,0,0
02:31:17,99.58183062085917,0,0,0
02:31:18,99.57556075959992,0,0,0
02:31:19,99.56752247593428,0,0,0
02:31:20,99.58183062085917,0,0,0
02:31:21,99.59969347344956,0,0,0
02:31:22,99.59431675481984,0,0,0
02:31:23,99.58949378462044,0,0,0
02:31:24,99.59610304007887,0,0,0
02:31:25,99.5925483324134,0,0,0
02:31:26,99.60112250165676,0,0,0
02:31:27,99.60505232922668,0,0,0
02:31:28,99.59612090293146,0,0,0
02:31:29,99.58183062085917,0,0,0
02:31:30,99.56396776826878,0,0,0
02:31:31,99.5657540535278,0,0,0
02:31:32,99.5836169061182,0,0,0
02:31:33,99.5836169061182,0,0,0
02:31:34,99.58183062085917,0,0,0
02:31:35,99.58451004874772,0,0,0
02:31:36,99.5836169061182,0,0,0
02:31:37,99.60862489974473,0,0,0
02:31:38,99.59969347344956,0,0,0
02:31:39,99.6121974702628,0,0,0
02:31:40,99.59969347344956,0,0,0
02:31:41,99.5836169061182,0,0,0
02:31:42,99.57825805034108,0,0,0
02:31:43,99.5836169061182,0,0,0
02:31:44,99.5836169061182,0,0,0
02:31:45,99.59076204715434,0,0,0
02:31:46,99.59076204715434,0,0,0
02:31:47,99.58540319137724,0,0,0
02:31:48,99.59522776030194,0,0,0
02:31:49,99.59612090293146,0,0,0
02:31:50,99.57825805034108,0,0,0
02:31:51,99.5773113191538,0,0,0
02:31:52,99.59076204715434,0,0,0
02:31:53,99.5836169061182,0,0,0
02:31:54,99.58181275800658,0,0,0
02:31:55,99.58181275800658,0,0,0
02:31:56,99.5836169061182,0,0,0
02:31:57,99.59612090293146,0,0,0
02:31:58,99.59612090293146,0,0,0
02:31:59,99.59076204715434,0,0,0
02:32:00,99.59790718819052,0,0,0
02:32:01,99.58718947663628,0,0,0
02:32:02,99.54967748619649,0,0,0
02:32:03,99.54967748619649,0,0,0
02:32:04,99.58183062085917,0,0,0
02:32:05,99.58183062085917,0,0,0
02:32:06,99.57239903469144,0,0,0
02:32:07,99.56932662404589,0,0,0
02:32:08,99.56932662404589,0,0,0
02:32:09,99.5657719163804,0,0,0
02:32:10,99.58183062085917,0,0,0
02:32:11,99.58718947663628,0,0,0
02:32:12,99.57825805034108,0,0,0
02:32:13,99.57468547982302,0,0,0
02:32:14,99.57289919456396,0,0,0
02:32:15,99.58718947663628,0,0,0
02:32:16,99.58718947663628,0,0,0
02:32:17,99.58718947663628,0,0,0
02:32:18,99.5657540535278,0,0,0
02:32:19,99.55860891249166,0,0,0
02:32:20,99.55860891249166,0,0,0
02:32:21,99.54967748619649,0,0,0
02:32:22,99.53895977464224,0,0,0
02:32:23,99.53895977464224,0,0,0
02:32:24,99.5228832073109,0,0,0
02:32:25,99.5175243515338,0,0,0
02:32:26,99.50144778420244,0,0,0
02:32:27,99.5085929252386,0,0,0
02:32:28,99.51216549575668,0,0,0
02:32:29,99.5175243515338,0,0,0
02:32:30,99.5085929252386,0,0,0
02:32:31,99.51037921049765,0,0,0
02:32:32,99.51572020342216,0,0,0
02:32:33,99.528242063088,0,0,0
02:32:34,99.5228832073109,0,0,0
02:32:35,99.5228832073109,0,0,0
02:32:36,99.528242063088,0,0,0
02:32:37,99.52466949256991,0,0,0
02:32:38,99.53538720412418,0,0,0
02:32:39,99.5460870528258,0,0,0
02:32:40,99.5460870528258,0,0,0
02:32:41,99.528242063088,0,0,0
02:32:42,99.52466949256991,0,0,0
02:32:43,99.52466949256991,0,0,0
02:32:44,99.49608892842532,0,0,0
02:32:45,99.50144778420244,0,0,0
02:32:46,99.50144778420244,0,0,0
02:32:47,99.5175243515338,0,0,0
02:32:48,99.51931063679282,0,0,0
02:32:49,99.51931063679282,0,0,0
02:32:50,99.51931063679282,0,0,0
02:32:51,99.51395178101572,0,0,0
02:32:52,99.51395178101572,0,0,0
02:32:53,99.51395178101572,0,0,0
02:32:54,99.51395178101572,0,0,0
02:32:55,99.51395178101572,0,0,0
02:32:56,99.5228832073109,0,0,0
02:32:57,99.51180823870486,0,0,0
02:32:58,99.51180823870486,0,0,0
02:32:59,99.5085929252386,0,0,0
02:33:00,99.51931063679282,0,0,0
02:33:01,99.51931063679282,0,0,0
02:33:02,99.51395178101572,0,0,0
02:33:03,99.5085929252386,0,0,0
02:33:04,99.49608892842532,0,0,0
02:33:05,99.51395178101572,0,0,0
02:33:06,99.50323406946148,0,0,0
02:33:07,99.50323406946148,0,0,0
02:33:08,99.50323406946148,0,0,0
02:33:09,99.50235878968456,0,0,0
02:33:10,99.50502035472051,0,0,0
02:33:11,99.4996614989434,0,0,0
02:33:12,99.50323406946148,0,0,0
02:33:13,99.51931063679282,0,0,0
02:33:14,99.53002834834706,0,0,0
02:33:15,99.52109692205188,0,0,0
02:33:16,99.53002834834706,0,0,0
02:33:17,99.53002834834706,0,0,0
02:33:18,99.5228832073109,0,0,0
02:33:19,99.5228832073109,0,0,0
02:33:20,99.51931063679282,0,0,0
02:33:21,99.5318146336061,0,0,0
02:33:22,99.5318146336061,0,0,0
02:33:23,99.5318146336061,0,0,0
02:33:24,99.51216549575668,0,0,0
02:33:25,99.4996614989434,0,0,0
02:33:26,99.49608892842532,0,0,0
02:33:27,99.49608892842532,0,0,0
02:33:28,99.4996614989434,0,0,0
02:33:29,99.49789307653695,0,0,0
02:33:30,99.51395178101572,0,0,0
02:33:31,99.50503821757312,0,0,0
02:33:32,99.49787521368437,0,0,0
02:33:33,99.49787521368437,0,0,0
02:33:34,99.49608892842532,0,0,0
02:33:35,99.4943026431663,0,0,0
02:33:36,99.49787521368437,0,0,0
02:33:37,99.50323406946148,0,0,0
02:33:38,99.50680663997954,0,0,0
02:33:39,99.50680663997954,0,0,0
02:33:40,99.5175243515338,0,0,0
02:33:41,99.53002834834706,0,0,0
02:33:42,99.53002834834706,0,0,0
02:33:43,99.5318146336061,0,0,0
02:33:44,99.53538720412418,0,0,0
02:33:45,99.53449406149466,0,0,0
02:33:46,99.53449406149466,0,0,0
02:33:47,99.51573806627476,0,0,0
02:33:48,99.51573806627476,0,0,0
02:33:49,99.50323406946148,0,0,0
02:33:50,99.50144778420244,0,0,0
02:33:51,99.50323406946148,0,0,0
02:33:52,99.50364491507104,0,0,0
02:33:53,99.4889437873892,0,0,0
02:33:54,99.48537121687112,0,0,0
02:33:55,99.48537121687112,0,0,0
02:33:56,99.49608892842532,0,0,0
02:33:57,99.49608892842532,0,0,0
02:33:58,99.49608892842532,0,0,0
02:33:59,99.49251635790723,0,0,0
02:34:00,99.47643979057592,0,0,0
02:34:01,99.46750836428072,0,0,0
02:34:02,99.47911921846446,0,0,0
02:34:03,99.47465350531688,0,0,0
02:34:04,99.45143179694938,0,0,0
02:34:05,99.44430451876582,0,0,0
02:34:06,99.44964551169032,0,0,0
02:34:07,99.4567727898739,0,0,0
02:34:08,99.4389278001361,0,0,0
02:34:09,99.433568944359,0,0,0
02:34:10,99.4389278001361,0,0,0
02:34:11,99.4389278001361,0,0,0
02:34:12,99.4425003706542,0,0,0
02:34:13,99.433568944359,0,0,0
02:34:14,99.4478592264313,0,0,0
02:34:15,99.44607294117226,0,0,0
02:34:16,99.43537309247064,0,0,0
02:34:17,99.44071408539516,0,0,0
02:34:18,99.44071408539516,0,0,0
02:34:19,99.43178265909997,0,0,0
02:34:20,99.43178265909997,0,0,0
02:34:21,99.43178265909997,0,0,0
02:34:22,99.46125636587408,0,0,0
02:34:23,99.45857693798553,0,0,0
02:34:24,99.45855907513294,0,0,0
02:34:25,99.45855907513294,0,0,0
02:34:26,99.4532180822084,0,0,0
02:34:27,99.45500436746744,0,0,0
02:34:28,99.45857693798553,0,0,0
02:34:29,99.45143179694938,0,0,0
02:34:30,99.47465350531688,0,0,0
02:34:31,99.4889437873892,0,0,0
02:34:32,99.481798646353,0,0,0
02:34:33,99.47506435092644,0,0,0
02:34:34,99.47465350531688,0,0,0
02:34:35,99.48215590340484,0,0,0
02:34:36,99.48215590340484,0,0,0
02:34:37,99.48215590340484,0,0,0
02:34:38,99.4710809347988,0,0,0
02:34:39,99.4710809347988,0,0,0
02:34:40,99.46572207902167,0,0,0
02:34:41,99.46038108609716,0,0,0
02:34:42,99.46038108609716,0,0,0
02:34:43,99.4532180822084,0,0,0
02:34:44,99.45857693798553,0,0,0
02:34:45,99.45857693798553,0,0,0
02:34:46,99.46750836428072,0,0,0
02:34:47,99.4710809347988,0,0,0
02:34:48,99.4710809347988,0,0,0
02:34:49,99.45679065272648,0,0,0
02:34:50,99.45143179694938,0,0,0
02:34:51,99.45857693798553,0,0,0
02:34:52,99.4532180822084,0,0,0
02:34:53,99.4532180822084,0,0,0
02:34:54,99.45679065272648,0,0,0
02:34:55,99.45053865431986,0,0,0
02:34:56,99.44607294117226,0,0,0
02:34:57,99.45589751009696,0,0,0
02:34:58,99.4532180822084,0,0,0
02:34:59,99.44428665591325,0,0,0
02:35:00,99.4389278001361,0,0,0
02:35:01,99.46036322324456,0,0,0
02:35:02,99.45411122483792,0,0,0
02:35:03,99.47286722005784,0,0,0
02:35:04,99.47643979057592,0,0,0
02:35:05,99.46929464953976,0,0,0
02:35:06,99.48001236109398,0,0,0
02:35:07,99.48358493161206,0,0,0
02:35:08,99.4996614989434,0,0,0
02:35:09,99.49103374114226,0,0,0
02:35:10,99.49501715726991,0,0,0
02:35:11,99.51216549575668,0,0,0
02:35:12,99.50144778420244,0,0,0
02:35:13,99.50682450283216,0,0,0
02:35:14,99.51929277394024,0,0,0
02:35:15,99.5132372669121,0,0,0
02:35:16,99.481798646353,0,0,0
02:35:17,99.46575780472686,0,0,0
02:35:18,99.46572207902167,0,0,0
02:35:19,99.48537121687112,0,0,0
02:35:20,99.48358493161206,0,0,0
02:35:21,99.48358493161206,0,0,0
02:35:22,99.48358493161206,0,0,0
02:35:23,99.49031922703864,0,0,0
02:35:24,99.50144778420244,0,0,0
02:35:25,99.50510966898348,0,0,0
02:35:26,99.4889437873892,0,0,0
02:35:27,99.481798646353,0,0,0
02:35:28,99.487425444919,0,0,0
02:35:29,99.49251635790723,0,0,0
02:35:30,99.4889437873892,0,0,0
02:35:31,99.49251635790723,0,0,0
02:35:32,99.49251635790723,0,0,0
02:35:33,99.49787521368437,0,0,0
02:35:34,99.49608892842532,0,0,0
02:35:35,99.49608892842532,0,0,0
02:35:36,99.47824393868753,0,0,0
02:35:37,99.4532180822084,0,0,0
02:35:38,99.43178265909997,0,0,0
02:35:39,99.433568944359,0,0,0
02:35:40,99.433568944359,0,0,0
02:35:41,99.42999637384092,0,0,0
02:35:42,99.43267580172947,0,0,0
02:35:43,99.433568944359,0,0,0
02:35:44,99.433568944359,0,0,0
02:35:45,99.433568944359,0,0,0
02:35:46,99.433568944359,0,0,0
02:35:47,99.433568944359,0,0,0
02:35:48,99.40856095073244,0,0,0
02:35:49,99.394931594206,0,0,0
02:35:50,99.39962952443727,0,0,0
02:35:51,99.39559251975184,0,0,0
02:35:52,99.40230895232582,0,0,0
02:35:53,99.4058815228439,0,0,0
02:35:54,99.40500624306696,0,0,0
02:35:55,99.40856095073244,0,0,0
02:35:56,99.40321995780792,0,0,0
02:35:57,99.4103472359915,0,0,0
02:35:58,99.4103472359915,0,0,0
02:35:59,99.41391980650955,0,0,0
02:36:00,99.39427066866014,0,0,0
02:36:01,99.39784323917824,0,0,0
02:36:02,99.39248438340113,0,0,0
02:36:03,99.35497239296132,0,0,0
02:36:04,99.3639038192565,0,0,0
02:36:05,99.3764078160698,0,0,0
02:36:06,99.36747638977458,0,0,0
02:36:07,99.36928053788624,0,0,0
02:36:08,99.36928053788624,0,0,0
02:36:09,99.3773009586993,0,0,0
02:36:10,99.3692626750336,0,0,0
02:36:11,99.3692626750336,0,0,0
02:36:12,99.38176667184688,0,0,0
02:36:13,99.38533924236496,0,0,0
02:36:14,99.38533924236496,0,0,0
02:36:15,99.39248438340113,0,0,0
02:36:16,99.37819410132882,0,0,0
02:36:17,99.37819410132882,0,0,0
02:36:18,99.38176667184688,0,0,0
02:36:19,99.3692626750336,0,0,0
02:36:20,99.3639216821091,0,0,0
02:36:21,99.3353232551119,0,0,0
02:36:22,99.3477558005148,0,0,0
02:36:23,99.33889582562998,0,0,0
02:36:24,99.3353232551119,0,0,0
02:36:25,99.33353696985286,0,0,0
02:36:26,99.33175068459384,0,0,0
02:36:27,99.32460554355768,0,0,0
02:36:28,99.3210329730396,0,0,0
02:36:29,99.32281925829862,0,0,0
02:36:30,99.3059745883059,0,0,0
02:36:31,99.3067426909673,0,0,0
02:36:32,99.29066612363594,0,0,0
02:36:33,99.28352098259978,0,0,0
02:36:34,99.29781126467208,0,0,0
02:36:35,99.29439945982732,0,0,0
02:36:36,99.30406326307872,0,0,0
02:36:37,99.30406326307872,0,0,0
02:36:38,99.29959754993112,0,0,0
02:36:39,99.29423869415402,0,0,0
02:36:40,99.3031701204492,0,0,0
02:36:41,99.3121015467444,0,0,0
02:36:42,99.31388783200345,0,0,0
02:36:43,99.31924668778056,0,0,0
02:36:44,99.33353696985286,0,0,0
02:36:45,99.31924668778056,0,0,0
02:36:46,99.32171176143804,0,0,0
02:36:47,99.31746040252152,0,0,0
02:36:48,99.2987044073016,0,0,0
02:36:49,99.29297043162008,0,0,0
02:36:50,99.29602497941303,0,0,0
02:36:51,99.29959754993112,0,0,0
02:36:52,99.30495640570824,0,0,0
02:36:53,99.3067426909673,0,0,0
02:36:54,99.31299468937392,0,0,0
02:36:55,99.3067426909673,0,0,0
02:36:56,99.31746040252152,0,0,0
02:36:57,99.32460554355768,0,0,0
02:36:58,99.33353696985286,0,0,0
02:36:59,99.33175068459384,0,0,0
02:37:00,99.33175068459384,0,0,0
02:37:01,99.33710954037092,0,0,0
02:37:02,99.35497239296132,0,0,0
02:37:03,99.35139982244324,0,0,0
02:37:04,99.3585449634794,0,0,0
02:37:05,99.34246839614804,0,0,0
02:37:06,99.34075356229935,0,0,0
02:37:07,99.34827382323992,0,0,0
02:37:08,99.3639038192565,0,0,0
02:37:09,99.36569010451554,0,0,0
02:37:10,99.36569010451554,0,0,0
02:37:11,99.36747638977458,0,0,0
02:37:12,99.3639038192565,0,0,0
02:37:13,99.37283524555168,0,0,0
02:37:14,99.38176667184688,0,0,0
02:37:15,99.38355295710592,0,0,0
02:37:16,99.38176667184688,0,0,0
02:37:17,99.36569010451554,0,0,0
02:37:18,99.36997718913724,0,0,0
02:37:19,99.3764078160698,0,0,0
02:37:20,99.37998038658785,0,0,0
02:37:21,99.36033124873843,0,0,0
02:37:22,99.3639038192565,0,0,0
02:37:23,99.35497239296132,0,0,0
02:37:24,99.36747638977458,0,0,0
02:37:25,99.37283524555168,0,0,0
02:37:26,99.37283524555168,0,0,0
02:37:27,99.37998038658785,0,0,0
02:37:28,99.38176667184688,0,0,0
02:37:29,99.39069809814208,0,0,0
02:37:30,99.39266301192704,0,0,0
02:37:31,99.39784323917824,0,0,0
02:37:32,99.40141580969632,0,0,0
02:37:33,99.39427066866014,0,0,0
02:37:34,99.39168716429,0,0,0
02:37:35,99.38891181288304,0,0,0
02:37:36,99.39427066866014,0,0,0
02:37:37,99.39250224625373,0,0,0
02:37:38,99.42106494754572,0,0,0
02:37:39,99.41391980650955,0,0,0
02:37:40,99.4246375180638,0,0,0
02:37:41,99.41749237702764,0,0,0
02:37:42,99.40320209495536,0,0,0
02:37:43,99.41213352125052,0,0,0
02:37:44,99.4192786622867,0,0,0
02:37:45,99.4192786622867,0,0,0
02:37:46,99.4192786622867,0,0,0
02:37:47,99.41391980650955,0,0,0
02:37:48,99.41213352125052,0,0,0
02:37:49,99.4103472359915,0,0,0
02:37:50,99.40684611688378,0,0,0
02:37:51,99.39516381128966,0,0,0
02:37:52,99.4103472359915,0,0,0
02:37:53,99.41749237702764,0,0,0
02:37:54,99.4103472359915,0,0,0
02:37:55,99.39898646174402,0,0,0
02:37:56,99.39516381128966,0,0,0
02:37:57,99.39069809814208,0,0,0
02:37:58,99.38355295710592,0,0,0
02:37:59,99.37998038658785,0,0,0
02:38:00,99.3692626750336,0,0,0
02:38:01,99.36747638977458,0,0,0
02:38:02,99.38176667184688,0,0,0
02:38:03,99.38533924236496,0,0,0
02:38:04,99.387125527624,0,0,0
02:38:05,99.38891181288304,0,0,0
02:38:06,99.387125527624,0,0,0
02:38:07,99.39069809814208,0,0,0
02:38:08,99.37819410132882,0,0,0
02:38:09,99.37283524555168,0,0,0
02:38:10,99.35139982244324,0,0,0
02:38:11,99.35318610770229,0,0,0
02:38:12,99.36033124873843,0,0,0
02:38:13,99.35318610770229,0,0,0
02:38:14,99.3692626750336,0,0,0
02:38:15,99.37474657077888,0,0,0
02:38:16,99.39784323917824,0,0,0
02:38:17,99.38533924236496,0,0,0
02:38:18,99.39248438340113,0,0,0
02:38:19,99.38891181288304,0,0,0
02:38:20,99.387125527624,0,0,0
02:38:21,99.38176667184688,0,0,0
02:38:22,99.38355295710592,0,0,0
02:38:23,99.3764078160698,0,0,0
02:38:24,99.37462153081074,0,0,0
02:38:25,99.3639038192565,0,0,0
02:38:26,99.34604096666612,0,0,0
02:38:27,99.34425468140708,0,0,0
02:38:28,99.34782725192515,0,0,0
02:38:29,99.34246839614804,0,0,0
02:38:30,99.33889582562998,0,0,0
02:38:31,99.3263918288167,0,0,0
02:38:32,99.32403393227476,0,0,0
02:38:33,99.32281925829862,0,0,0
02:38:34,99.30852897622631,0,0,0
02:38:35,99.30763583359682,0,0,0
02:38:36,99.3067426909673,0,0,0
02:38:37,99.29781126467208,0,0,0
02:38:38,99.28709355311788,0,0,0
02:38:39,99.28709355311788,0,0,0
02:38:40,99.28530726785884,0,0,0
02:38:41,99.29066612363594,0,0,0
02:38:42,99.29066612363594,0,0,0
02:38:43,99.28530726785884,0,0,0
02:38:44,99.29959754993112,0,0,0
02:38:45,99.29602497941303,0,0,0
02:38:46,99.2933455515245,0,0,0
02:38:47,99.30495640570824,0,0,0
02:38:48,99.2987044073016,0,0,0
02:38:49,99.29423869415402,0,0,0
02:38:50,99.30138383519017,0,0,0
02:38:51,99.29781126467208,0,0,0
02:38:52,99.29959754993112,0,0,0
02:38:53,99.292452408895,0,0,0
02:38:54,99.29959754993112,0,0,0
02:38:55,99.32817811407573,0,0,0
02:38:56,99.32996439933478,0,0,0
02:38:57,99.3263918288167,0,0,0
02:38:58,99.32281925829862,0,0,0
02:38:59,99.3353232551119,0,0,0
02:39:00,99.32996439933478,0,0,0
02:39:01,99.33175068459384,0,0,0
02:39:02,99.3353232551119,0,0,0
02:39:03,99.34604096666612,0,0,0
02:39:04,99.34246839614804,0,0,0
02:39:05,99.3210329730396,0,0,0
02:39:06,99.31567411726247,0,0,0
02:39:07,99.30845752481596,0,0,0
02:39:08,99.3121015467444,0,0,0
02:39:09,99.30852897622631,0,0,0
02:39:10,99.28887983837691,0,0,0
02:39:11,99.29423869415402,0,0,0
02:39:12,99.29781126467208,0,0,0
02:39:13,99.28887983837691,0,0,0
02:39:14,99.2879866957474,0,0,0
02:39:15,99.29959754993112,0,0,0
02:39:16,99.29959754993112,0,0,0
02:39:17,99.29959754993112,0,0,0
02:39:18,99.29691812204256,0,0,0
02:39:19,99.30138383519017,0,0,0
02:39:20,99.29423869415402,0,0,0
02:39:21,99.28887983837691,0,0,0
02:39:22,99.29066612363594,0,0,0
02:39:23,99.27476818483048,0,0,0
02:39:24,99.26029927423228,0,0,0
02:39:25,99.2463483863592,0,0,0
02:39:26,99.24243642164193,0,0,0
02:39:27,99.23171871008768,0,0,0
02:39:28,99.23171871008768,0,0,0
02:39:29,99.22903928219912,0,0,0
02:39:30,99.23843514266166,0,0,0
02:39:31,99.24243642164193,0,0,0
02:39:32,99.2379707084943,0,0,0
02:39:33,99.23886385112382,0,0,0
02:39:34,99.2084970017202,0,0,0
02:39:35,99.199565575425,0,0,0
02:39:36,99.20313814594309,0,0,0
02:39:37,99.20045871805452,0,0,0
02:39:38,99.199565575425,0,0,0
02:39:39,99.19599300490692,0,0,0
02:39:40,99.19777929016595,0,0,0
02:39:41,99.19242043438884,0,0,0
02:39:42,99.19777929016595,0,0,0
02:39:43,99.20135186068404,0,0,0
02:39:44,99.19777929016595,0,0,0
02:39:45,99.17634386705753,0,0,0
02:39:46,99.18018438036442,0,0,0
02:39:47,99.18527529335267,0,0,0
02:39:48,99.1817027228346,0,0,0
02:39:49,99.18527529335267,0,0,0
02:39:50,99.1906341491298,0,0,0
02:39:51,99.20135186068404,0,0,0
02:39:52,99.20135186068404,0,0,0
02:39:53,99.20671071646116,0,0,0
02:39:54,99.21742842801538,0,0,0
02:39:55,99.22100099853346,0,0,0
02:39:56,99.21028328697922,0,0,0
02:39:57,99.2138558574973,0,0,0
02:39:58,99.21206957223824,0,0,0
02:39:59,99.23886385112382,0,0,0
02:40:00,99.24422270690096,0,1,0
02:40:01,99.22457356905151,0,0,0
02:40:02,99.2370775658648,0,0,0
02:40:03,99.24779527741904,0,0,0
02:40:04,99.23886385112382,0,0,0
02:40:05,99.23155794441436,0,0,0
02:40:06,99.219232576127,0,0,0
02:40:07,99.21564214275632,0,0,0
02:40:08,99.21206957223824,0,0,0
02:40:09,99.22457356905151,0,0,0
02:40:10,99.24065013638288,0,0,0
02:40:11,99.26208555949134,0,0,0
02:40:12,99.25315413319612,0,0,0
02:40:13,99.24958156267806,0,0,0
02:40:14,99.24958156267806,0,0,0
02:40:15,99.24958156267806,0,0,0
02:40:16,99.24779527741904,0,0,0
02:40:17,99.24422270690096,0,0,0
02:40:18,99.2370775658648,0,0,0
02:40:19,99.2454373808771,0,0,0
02:40:20,99.24065013638288,0,0,0
02:40:21,99.24779527741904,0,0,0
02:40:22,99.22100099853346,0,0,0
02:40:23,99.2227872837925,0,0,0
02:40:24,99.22457356905151,0,0,0
02:40:25,99.23350499534672,0,0,0
02:40:26,99.2370775658648,0,0,0
02:40:27,99.24779527741904,0,0,0
02:40:28,99.24779527741904,0,0,0
02:40:29,99.24243642164193,0,0,0
02:40:30,99.24243642164193,0,0,0
02:40:31,99.23171871008768,0,0,0
02:40:32,99.2370775658648,0,0,0
02:40:33,99.23350499534672,0,0,0
02:40:34,99.2379707084943,0,0,0
02:40:35,99.24779527741904,0,0,0
02:40:36,99.25494041845518,0,0,0
02:40:37,99.25315413319612,0,0,0
02:40:38,99.2513678479371,0,0,0
02:40:39,99.25761984634372,0,0,0
02:40:40,99.2513678479371,0,0,0
02:40:41,99.26208555949134,0,0,0
02:40:42,99.26744441526844,0,0,0
02:40:43,99.26029927423228,0,0,0
02:40:44,99.27101698578652,0,0,0
02:40:45,99.25315413319612,0,0,0
02:40:46,99.25851298897324,0,0,0
02:40:47,99.2513678479371,0,0,0
02:40:48,99.2389353025342,0,0,0
02:40:49,99.23886385112382,0,0,0
02:40:50,99.24779527741904,0,0,0
02:40:51,99.24868842004857,0,0,0
02:40:52,99.25670884086162,0,0,0
02:40:53,99.24422270690096,0,0,0
02:40:54,99.24779527741904,0,0,0
02:40:55,99.25315413319612,0,0,0
02:40:56,99.25315413319612,0,0,0
02:40:57,99.25315413319612,0,0,0
02:40:58,99.2513678479371,0,0,0
02:40:59,99.23886385112382,0,0,0
02:41:00,99.25315413319612,0,0,0
02:41:01,99.2567267037142,0,0,0
02:41:02,99.26387184475038,0,0,0
02:41:03,99.26208555949134,0,0,0
02:41:04,99.26785526087802,0,0,0
02:41:05,99.26785526087802,0,0,0
02:41:06,99.25494041845518,0,0,0
02:41:07,99.25494041845518,0,0,0
02:41:08,99.26208555949134,0,0,0
02:41:09,99.27994841208172,0,0,0
02:41:10,99.27994841208172,0,0,0
02:41:11,99.27101698578652,0,0,0
02:41:12,99.27280327104556,0,0,0
02:41:13,99.26744441526844,0,0,0
02:41:14,99.26208555949134,0,0,0
02:41:15,99.27101698578652,0,0,0
02:41:16,99.28173469734074,0,0,0
02:41:17,99.26744441526844,0,0,0
02:41:18,99.27101698578652,0,0,0
02:41:19,99.26923070052749,0,0,0
02:41:20,99.26744441526844,0,0,0
02:41:21,99.27280327104556,0,0,0
02:41:22,99.2552619498018,0,0,0
02:41:23,99.27280327104556,0,0,0
02:41:24,99.27375000223286,0,0,0
02:41:25,99.26029927423228,0,0,0
02:41:26,99.26387184475038,0,0,0
02:41:27,99.2844319880819,0,0,0
02:41:28,99.27558987604964,0,0,0
02:41:29,99.27558987604964,0,0,0
02:41:30,99.30495640570824,0,0,0
02:41:31,99.29602497941303,0,0,0
02:41:32,99.29602497941303,0,0,0
02:41:33,99.29602497941303,0,0,0
02:41:34,99.3067426909673,0,0,0
02:41:35,99.3067426909673,0,0,0
02:41:36,99.31029739863276,0,0,0
02:41:37,99.30495640570824,0,0,0
02:41:38,99.29959754993112,0,0,0
02:41:39,99.29423869415402,0,0,0
02:41:40,99.2987044073016,0,0,0
02:41:41,99.28528940500622,0,0,0
02:41:42,99.28530726785884,0,0,0
02:41:43,99.27637584156363,0,0,0
02:41:44,99.25851298897324,0,0,0
02:41:45,99.26387184475038,0,0,0
02:41:46,99.26923070052749,0,0,0
02:41:47,99.25494041845518,0,0,0
02:41:48,99.25849512612066,0,0,0
02:41:49,99.2567267037142,0,0,0
02:41:50,99.2567267037142,0,0,0
02:41:51,99.2370775658648,0,0,0
02:41:52,99.2281461395696,0,0,0
02:41:53,99.2227872837925,0,0,0
02:41:54,99.2227872837925,0,0,0
02:41:55,99.22100099853346,0,0,0
02:41:56,99.22100099853346,0,0,0
02:41:57,99.24065013638288,0,0,0
02:41:58,99.24243642164193,0,0,0
02:41:59,99.2370775658648,0,0,0
02:42:00,99.24065013638288,0,0,0
02:42:01,99.22903928219912,0,0,0
02:42:02,99.22635985431056,0,0,0
02:42:03,99.23350499534672,0,0,0
02:42:04,99.24065013638288,0,0,0
02:42:05,99.24422270690096,0,0,0
02:42:06,99.23902461679714,0,0,0
02:42:07,99.226341991458,0,0,0
02:42:08,99.2084970017202,0,0,0
02:42:09,99.21921471327444,0,0,0
02:42:10,99.21028328697922,0,0,0
02:42:11,99.21564214275632,0,0,0
02:42:12,99.20671071646116,0,0,0
02:42:13,99.21474900012682,0,0,0
02:42:14,99.2084970017202,0,0,0
02:42:15,99.21742842801538,0,0,0
02:42:16,99.21206957223824,0,0,0
02:42:17,99.21921471327444,0,0,0
02:42:18,99.21028328697922,0,0,0
02:42:19,99.20313814594309,0,0,0
02:42:20,99.20313814594309,0,0,0
02:42:21,99.2084970017202,0,0,0
02:42:22,99.2281461395696,0,0,0
02:42:23,99.23886385112382,0,0,0
02:42:24,99.24958156267806,0,0,0
02:42:25,99.24063227353028,0,0,0
02:42:26,99.23404088092444,0,0,0
02:42:27,99.23886385112382,0,0,0
02:42:28,99.21564214275632,0,0,0
02:42:29,99.2084970017202,0,0,0
02:42:30,99.21564214275632,0,0,0
02:42:31,99.21564214275632,0,0,0
02:42:32,99.21028328697922,0,0,0
02:42:33,99.20313814594309,0,0,0
02:42:34,99.21028328697922,0,0,0
02:42:35,99.21564214275632,0,0,0
02:42:36,99.2138558574973,0,0,0
02:42:37,99.2084970017202,0,0,0
02:42:38,99.20135186068404,0,0,0
02:42:39,99.20492443120212,0,0,0
02:42:40,99.19242043438884,0,0,0
02:42:41,99.19418885679528,0,0,0
02:42:42,99.1906341491298,0,0,0
02:42:43,99.19599300490692,0,0,0
02:42:44,99.1906341491298,0,0,0
02:42:45,99.19599300490692,0,0,0
02:42:46,99.19420671964788,0,0,0
02:42:47,99.19599300490692,0,0,0
02:42:48,99.16383987024425,0,0,0
02:42:49,99.17098501128038,0,0,0
02:42:50,99.15133587343098,0,0,0
02:42:51,99.15312215869,0,0,0
02:42:52,99.1620535849852,0,0,0
02:42:53,99.16383987024425,0,0,0
02:42:54,99.1584988773197,0,0,0
02:42:55,99.16383987024425,0,0,0
02:42:56,99.1620535849852,0,0,0
02:42:57,99.1620535849852,0,0,0
02:42:58,99.1817027228346,0,0,0
02:42:59,99.1674124407623,0,0,0
02:43:00,99.1581237574153,0,0,0
02:43:01,99.15848101446711,0,0,0
02:43:02,99.1620535849852,0,0,0
02:43:03,99.16026729972616,0,0,0
02:43:04,99.1674124407623,0,0,0
02:43:05,99.1620535849852,0,0,0
02:43:06,99.16739457790972,0,0,0
02:43:07,99.16739457790972,0,0,0
02:43:08,99.1799164375756,0,0,0
02:43:09,99.17098501128038,0,0,0
02:43:10,99.15848101446711,0,0,0
02:43:11,99.1620535849852,0,0,0
02:43:12,99.16026729972616,0,0,0
02:43:13,99.15312215869,0,0,0
02:43:14,99.16919872602134,0,0,0
02:43:15,99.17277129653944,0,0,0
02:43:16,99.17455758179848,0,0,0
02:43:17,99.17277129653944,0,0,0
02:43:18,99.17412887333629,0,0,0
02:43:19,99.18706157861172,0,0,0
02:43:20,99.175450724428,0,0,0
02:43:21,99.16026729972616,0,0,0
02:43:22,99.1620535849852,0,0,0
02:43:23,99.16562615550326,0,0,0
02:43:24,99.16026729972616,0,0,0
02:43:25,99.15490844394904,0,0,0
02:43:26,99.15490844394904,0,0,0
02:43:27,99.15848101446711,0,0,0
02:43:28,99.15848101446711,0,0,0
02:43:29,99.14954958817192,0,0,0
02:43:30,99.14776330291288,0,0,0
02:43:31,99.15848101446711,0,0,0
02:43:32,99.15848101446711,0,0,0
02:43:33,99.16026729972616,0,0,0
02:43:34,99.14240444713576,0,0,0
02:43:35,99.14240444713576,0,0,0
02:43:36,99.15490844394904,0,0,0
02:43:37,99.1388318766177,0,0,0
02:43:38,99.13525930609964,0,0,0
02:43:39,99.12990045032252,0,0,0
02:43:40,99.12811416506348,0,0,0
02:43:41,99.12631001695183,0,0,0
02:43:42,99.11739645350924,0,0,0
02:43:43,99.10310617143692,0,0,0
02:43:44,99.10846502721404,0,0,0
02:43:45,99.12811416506348,0,0,0
02:43:46,99.12811416506348,0,0,0
02:43:47,99.10667874195502,0,0,0
02:43:48,99.10131988617788,0,0,0
02:43:49,99.10489245669596,0,0,0
02:43:50,99.09955146377143,0,0,0
02:43:51,99.10846502721404,0,0,0
02:43:52,99.11739645350924,0,0,0
02:43:53,99.12990045032252,0,0,0
02:43:54,99.12632787980442,0,0,0
02:43:55,99.12811416506348,0,0,0
02:43:56,99.12811416506348,0,0,0
02:43:57,99.13347302084058,0,0,0
02:43:58,99.13168673558155,0,0,0
02:43:59,99.13347302084058,0,0,0
02:44:00,99.12990045032252,0,0,0
02:44:01,99.12632787980442,0,0,0
02:44:02,99.12990045032252,0,0,0
02:44:03,99.1156101682502,0,0,0
02:44:04,99.11739645350924,0,0,0
02:44:05,99.11918273876827,0,0,0
02:44:06,99.1155923053976,0,0,0
02:44:07,99.12811416506348,0,0,0
02:44:08,99.12811416506348,0,0,0
02:44:09,99.11605673956495,0,0,0
02:44:10,99.11605673956495,0,0,0
02:44:11,99.11605673956495,0,0,0
02:44:12,99.10846502721404,0,0,0
02:44:13,99.12096902402732,0,0,0
02:44:14,99.1245415945454,0,0,0
02:44:15,99.13347302084058,0,0,0
02:44:16,99.13347302084058,0,0,0
02:44:17,99.13525930609964,0,0,0
02:44:18,99.13168673558155,0,0,0
02:44:19,99.14954958817192,0,0,0
02:44:20,99.14954958817192,0,0,0
02:44:21,99.15848101446711,0,0,0
02:44:22,99.15312215869,0,0,0
02:44:23,99.14508387502433,0,0,0
02:44:24,99.15669472920808,0,0,0
02:44:25,99.15669472920808,0,0,0
02:44:26,99.1674124407623,0,0,0
02:44:27,99.16919872602134,0,0,0
02:44:28,99.16026729972616,0,0,0
02:44:29,99.14954958817192,0,0,0
02:44:30,99.15492630680164,0,0,0
02:44:31,99.17455758179848,0,0,0
02:44:32,99.17455758179848,0,0,0
02:44:33,99.15133587343098,0,0,0
02:44:34,99.1620535849852,0,0,0
02:44:35,99.15312215869,0,0,0
02:44:36,99.16026729972616,0,0,0
02:44:37,99.15848101446711,0,0,0
02:44:38,99.16294672761472,0,0,0
02:44:39,99.15669472920808,0,0,0
02:44:40,99.15312215869,0,0,0
02:44:41,99.1620535849852,0,0,0
02:44:42,99.14597701765383,0,0,0
02:44:43,99.1531042958374,0,0,0
02:44:44,99.14776330291288,0,0,0
02:44:45,99.15133587343098,0,0,0
02:44:46,99.15580158657856,0,0,0
02:44:47,99.15669472920808,0,0,0
02:44:48,99.15490844394904,0,0,0
02:44:49,99.15312215869,0,0,0
02:44:50,99.17098501128038,0,0,0
02:44:51,99.1799164375756,0,0,0
02:44:52,99.17455758179848,0,0,0
02:44:53,99.17813015231654,0,0,0
02:44:54,99.18706157861172,0,0,0
02:44:55,99.18348900809364,0,0,0
02:44:56,99.18856205822932,0,0,0
02:44:57,99.19240257153623,0,0,0
02:44:58,99.21742842801538,0,0,0
02:44:59,99.21564214275632,0,0,0
02:45:00,99.22100099853346,0,0,0
02:45:01,99.2227872837925,0,0,0
02:45:02,99.22457356905151,0,0,0
02:45:03,99.20313814594309,0,0,0
02:45:04,99.18527529335267,0,0,0
02:45:05,99.18706157861172,0,0,0
02:45:06,99.17811228946395,0,0,0
02:45:07,99.17455758179848,0,0,0
02:45:08,99.17455758179848,0,0,0
02:45:09,99.17098501128038,0,0,0
02:45:10,99.1906341491298,0,0,0
02:45:11,99.19242043438884,0,0,0
02:45:12,99.19242043438884,0,0,0
02:45:13,99.19777929016595,0,0,0
02:45:14,99.20671071646116,0,0,0
02:45:15,99.21206957223824,0,0,0
02:45:16,99.2138558574973,0,0,0
02:45:17,99.20760385909068,0,0,0
02:45:18,99.21921471327444,0,0,0
02:45:19,99.21921471327444,0,0,0
02:45:20,99.21028328697922,0,0,0
02:45:21,99.20492443120212,0,0,0
02:45:22,99.20313814594309,0,0,0
02:45:23,99.19242043438884,0,0,0
02:45:24,99.19242043438884,0,0,0
02:45:25,99.19599300490692,0,0,0
02:45:26,99.20671071646116,0,0,0
02:45:27,99.20935441864452,0,0,0
02:45:28,99.21564214275632,0,0,0
02:45:29,99.21921471327444,0,0,0
02:45:30,99.21921471327444,0,0,0
02:45:31,99.20671071646116,0,0,0
02:45:32,99.20671071646116,0,0,0
02:45:33,99.2281461395696,0,0,0
02:45:34,99.20671071646116,0,0,0
02:45:35,99.2138558574973,0,0,0
02:45:36,99.23350499534672,0,0,0
02:45:37,99.23529128060576,0,0,0
02:45:38,99.22993242482865,0,0,0
02:45:39,99.22993242482865,0,0,0
02:45:40,99.22635985431056,0,0,0
02:45:41,99.22986097341828,0,0,0
02:45:42,99.22993242482865,0,0,0
02:45:43,99.22635985431056,0,0,0
02:45:44,99.23529128060576,0,0,0
02:45:45,99.24958156267806,0,0,0
02:45:46,99.22635985431056,0,0,0
02:45:47,99.24422270690096,0,0,0
02:45:48,99.23529128060576,0,0,0
02:45:49,99.23886385112382,0,0,0
02:45:50,99.23886385112382,0,0,0
02:45:51,99.23171871008768,0,0,0
02:45:52,99.22635985431056,0,0,0
02:45:53,99.23350499534672,0,0,0
02:45:54,99.23350499534672,0,0,0
02:45:55,99.22993242482865,0,0,0
02:45:56,99.23171871008768,0,0,0
02:45:57,99.2370775658648,0,0,0
02:45:58,99.23350499534672,0,0,0
02:45:59,99.24600899216,0,0,0
02:46:00,99.2513678479371,0,0,0
02:46:01,99.25494041845518,0,0,0
02:46:02,99.24779527741904,0,0,0
02:46:03,99.25494041845518,0,0,0
02:46:04,99.25450492210902,0,0,0
02:46:05,99.25494041845518,0,0,0
02:46:06,99.26387184475038,0,0,0
02:46:07,99.2567267037142,0,0,0
02:46:08,99.24779527741904,0,0,0
02:46:09,99.26392543330812,0,0,0
02:46:10,99.25583356108469,0,0,0
02:46:11,99.23350499534672,0,0,0
02:46:12,99.2281461395696,0,0,0
02:46:13,99.20045871805452,0,0,0
02:46:14,99.20313814594309,0,0,0
02:46:15,99.20492443120212,0,0,0
02:46:16,99.21206957223824,0,0,0
02:46:17,99.21453464589574,0,0,0
02:46:18,99.20313814594309,0,0,0
02:46:19,99.20492443120212,0,0,0
02:46:20,99.21028328697922,0,0,0
02:46:21,99.20492443120212,0,0,0
02:46:22,99.20671071646116,0,0,0
02:46:23,99.19599300490692,0,0,0
02:46:24,99.1995477125724,0,0,0
02:46:25,99.19599300490692,0,0,0
02:46:26,99.19242043438884,0,0,0
02:46:27,99.19599300490692,0,0,0
02:46:28,99.18527529335267,0,0,0
02:46:29,99.17455758179848,0,0,0
02:46:30,99.17634386705753,0,0,0
02:46:31,99.18527529335267,0,0,0
02:46:32,99.17813015231654,0,0,0
02:46:33,99.17098501128038,0,0,0
02:46:34,99.16562615550326,0,0,0
02:46:35,99.15674831776585,0,0,0
02:46:36,99.1674124407623,0,0,0
02:46:37,99.16026729972616,0,0,0
02:46:38,99.14597701765383,0,0,0
02:46:39,99.15883827151892,0,0,0
02:46:40,99.15937415709664,0,0,0
02:46:41,99.1620535849852,0,0,0
02:46:42,99.16383987024425,0,0,0
02:46:43,99.16653716098536,0,0,0
02:46:44,99.1817027228346,0,0,0
02:46:45,99.17098501128038,0,0,0
02:46:46,99.17098501128038,0,0,0
02:46:47,99.18166699712944,0,0,0
02:46:48,99.1906341491298,0,0,0
02:46:49,99.1902411663728,0,0,0
02:46:50,99.19420671964788,0,0,0
02:46:51,99.18884786387076,0,0,0
02:46:52,99.18527529335267,0,0,0
02:46:53,99.1828280825478,0,0,0
02:46:54,99.17813015231654,0,0,0
02:46:55,99.17813015231654,0,0,0
02:46:56,99.18706157861172,0,0,0
02:46:57,99.18868709819743,0,0,0
02:46:58,99.18706157861172,0,0,0
02:46:59,99.18706157861172,0,0,0
02:47:00,99.19331357701836,0,0,0
02:47:01,99.18527529335267,0,0,0
02:47:02,99.18527529335267,0,0,0
02:47:03,99.18348900809364,0,0,0
02:47:04,99.180988208731,0,0,0
02:47:05,99.18527529335267,0,0,0
02:47:06,99.19331357701836,0,0,0
02:47:07,99.19599300490692,0,0,0
02:47:08,99.19599300490692,0,0,0
02:47:09,99.21028328697922,0,0,0
02:47:10,99.20671071646116,0,0,0
02:47:11,99.2084970017202,0,0,0
02:47:12,99.21028328697922,0,0,0
02:47:13,99.20671071646116,0,0,0
02:47:14,99.199565575425,0,0,0
02:47:15,99.19599300490692,0,0,0
02:47:16,99.20135186068404,0,0,0
02:47:17,99.20135186068404,0,0,0
02:47:18,99.20313814594309,0,0,0
02:47:19,99.19420671964788,0,0,0
02:47:20,99.19420671964788,0,0,0
02:47:21,99.20135186068404,0,0,0
02:47:22,99.20424564280368,0,0,0
02:47:23,99.199565575425,0,0,0
02:47:24,99.1620535849852,0,0,0
02:47:25,99.16918086316876,0,0,0
02:47:26,99.15490844394904,0,0,0
02:47:27,99.15312215869,0,0,0
02:47:28,99.15490844394904,0,0,0
02:47:29,99.14240444713576,0,0,0
02:47:30,99.15848101446711,0,0,0
02:47:31,99.15651610068218,0,0,0
02:47:32,99.16919872602134,0,0,0
02:47:33,99.1674124407623,0,0,0
02:47:34,99.18348900809364,0,0,0
02:47:35,99.19242043438884,0,0,0
02:47:36,99.2084970017202,0,0,0
02:47:37,99.21028328697922,0,0,0
02:47:38,99.21564214275632,0,0,0
02:47:39,99.21921471327444,0,0,0
02:47:40,99.2084970017202,0,0,0
02:47:41,99.20469221411844,0,0,0
02:47:42,99.2084970017202,0,0,0
02:47:43,99.20313814594309,0,0,0
02:47:44,99.199565575425,0,0,0
02:47:45,99.20492443120212,0,0,0
02:47:46,99.20492443120212,0,0,0
02:47:47,99.20492443120212,0,0,0
02:47:48,99.199565575425,0,0,0
02:47:49,99.199565575425,0,0,0
02:47:50,99.19418885679528,0,0,0
02:47:51,99.19777929016595,0,0,0
02:47:52,99.19242043438884,0,0,0
02:47:53,99.20492443120212,0,0,0
02:47:54,99.22100099853346,0,0,0
02:47:55,99.2183215706449,0,0,0
02:47:56,99.22100099853346,0,0,0
02:47:57,99.21921471327444,0,0,0
02:47:58,99.22993242482865,0,0,0
02:47:59,99.22993242482865,0,0,0
02:48:00,99.22635985431056,0,0,0
02:48:01,99.22635985431056,0,0,0
02:48:02,99.22039366154536,0,0,0
02:48:03,99.20671071646116,0,0,0
02:48:04,99.20313814594309,0,0,0
02:48:05,99.20135186068404,0,0,0
02:48:06,99.199565575425,0,0,0
02:48:07,99.19777929016595,0,0,0
02:48:08,99.199565575425,0,0,0
02:48:09,99.199565575425,0,0,0
02:48:10,99.1817027228346,0,0,0
02:48:11,99.17902329494606,0,0,0
02:48:12,99.19867243279548,0,0,0
02:48:13,99.22100099853346,0,0,0
02:48:14,99.23100419598406,0,0,0
02:48:15,99.2281461395696,0,0,0
02:48:16,99.23350499534672,0,0,0
02:48:17,99.23350499534672,0,0,0
02:48:18,99.2281461395696,0,0,0
02:48:19,99.24243642164193,0,0,0
02:48:20,99.2370775658648,0,0,0
02:48:21,99.23886385112382,0,0,0
02:48:22,99.24600899216,0,0,0
02:48:23,99.24243642164193,0,0,0
02:48:24,99.2370775658648,0,0,0
02:48:25,99.24065013638288,0,0,0
02:48:26,99.24420484404835,0,0,0
02:48:27,99.24958156267806,0,0,0
02:48:28,99.24779527741904,0,0,0
02:48:29,99.24422270690096,0,0,0
02:48:30,99.24958156267806,0,0,0
02:48:31,99.23711329156998,0,0,0
02:48:32,99.23714901727516,0,0,0
02:48:33,99.23886385112382,0,0,0
02:48:34,99.2370775658648,0,0,0
02:48:35,99.23350499534672,0,0,0
02:48:36,99.21569573131411,0,0,0
02:48:37,99.21921471327444,0,0,0
02:48:38,99.2138558574973,0,0,0
02:48:39,99.21921471327444,0,0,0
02:48:40,99.21742842801538,0,0,0
02:48:41,99.21564214275632,0,0,0
02:48:42,99.2227872837925,0,0,0
02:48:43,99.24422270690096,0,0,0
02:48:44,99.2459554036022,0,0,0
02:48:45,99.24065013638288,0,0,0
02:48:46,99.2311292359522,0,0,0
02:48:47,99.22635985431056,0,0,0
02:48:48,99.23171871008768,0,0,0
02:48:49,99.23529128060576,0,0,0
02:48:50,99.23171871008768,0,0,0
02:48:51,99.22993242482865,0,0,0
02:48:52,99.21876814195966,0,0,0
02:48:53,99.23886385112382,0,0,0
02:48:54,99.23529128060576,0,0,0
02:48:55,99.23171871008768,0,0,0
02:48:56,99.22993242482865,0,0,0
02:48:57,99.23886385112382,0,0,0
02:48:58,99.23350499534672,0,0,0
02:48:59,99.23350499534672,0,0,0
02:49:00,99.25226099056664,0,0,0
02:49:01,99.24958156267806,0,0,0
02:49:02,99.24779527741904,0,0,0
02:49:03,99.24422270690096,0,0,0
02:49:04,99.22457356905151,0,0,0
02:49:05,99.21206957223824,0,0,0
02:49:06,99.20672857931372,0,0,0
02:49:07,99.20492443120212,0,0,0
02:49:08,99.21028328697922,0,0,0
02:49:09,99.2138558574973,0,0,0
02:49:10,99.20224500331356,0,0,0
02:49:11,99.199565575425,0,0,0
02:49:12,99.199565575425,0,0,0
02:49:13,99.19777929016595,0,0,0
02:49:14,99.21742842801538,0,0,0
02:49:15,99.21028328697922,0,0,0
02:49:16,99.2138558574973,0,0,0
02:49:17,99.2138558574973,0,0,0
02:49:18,99.20671071646116,0,0,0
02:49:19,99.20671071646116,0,0,0
02:49:20,99.21028328697922,0,0,0
02:49:21,99.20136972353664,0,0,0
02:49:22,99.2084970017202,0,0,0
02:49:23,99.199565575425,0,0,0
02:49:24,99.20492443120212,0,0,0
02:49:25,99.2084970017202,0,0,0
02:49:26,99.2084970017202,0,0,0
02:49:27,99.20492443120212,0,0,0
02:49:28,99.20135186068404,0,0,0
02:49:29,99.21921471327444,0,0,0
02:49:30,99.21742842801538,0,0,0
02:49:31,99.21653528538585,0,0,0
02:49:32,99.19599300490692,0,0,0
02:49:33,99.19420671964788,0,0,0
02:49:34,99.20313814594309,0,0,0
02:49:35,99.20313814594309,0,0,0
02:49:36,99.21028328697922,0,0,0
02:49:37,99.21564214275632,0,0,0
02:49:38,99.22100099853346,0,0,0
02:49:39,99.22243002674068,0,0,0
02:49:40,99.22457356905151,0,0,0
02:49:41,99.24600899216,0,0,0
02:49:42,99.24958156267806,0,0,0
02:49:43,99.23975699375336,0,0,0
02:49:44,99.24958156267806,0,0,0
02:49:45,99.2513678479371,0,0,0
02:49:46,99.24065013638288,0,0,0
02:49:47,99.24600899216,0,0,0
02:49:48,99.23806002275728,0,0,0
02:49:49,99.23806002275728,0,0,0
02:49:50,99.23529128060576,0,0,0
02:49:51,99.24243642164193,0,0,0
02:49:52,99.24243642164193,0,0,0
02:49:53,99.23529128060576,0,0,0
02:49:54,99.24065013638288,0,0,0
02:49:55,99.24600899216,0,0,0
02:49:56,99.24243642164193,0,0,0
02:49:57,99.2454373808771,0,0,0
02:49:58,99.2370775658648,0,0,0
02:49:59,99.24779527741904,0,0,0
02:50:00,99.2567267037142,0,0,0
02:50:01,99.27101698578652,0,0,0
02:50:02,99.24422270690096,0,0,0
02:50:03,99.22368042642202,0,0,0
02:50:04,99.21206957223824,0,0,0
02:50:05,99.2227872837925,0,0,0
02:50:06,99.2326118527172,0,0,0
02:50:07,99.23529128060576,0,0,0
02:50:08,99.2227872837925,0,0,0
02:50:09,99.22100099853346,0,0,0
02:50:10,99.22100099853346,0,0,0
02:50:11,99.2270743684142,0,0,0
02:50:12,99.23171871008768,0,0,0
02:50:13,99.21742842801538,0,0,0
02:50:14,99.21742842801538,0,0,0
02:50:15,99.21742842801538,0,0,0
02:50:16,99.22635985431056,0,0,0
02:50:17,99.22457356905151,0,0,0
02:50:18,99.2227872837925,0,0,0
02:50:19,99.2183215706449,0,0,0
02:50:20,99.23171871008768,0,0,0
02:50:21,99.2227872837925,0,0,0
02:50:22,99.2227872837925,0,0,0
02:50:23,99.21921471327444,0,0,0
02:50:24,99.21653528538585,0,0,0
02:50:25,99.21653528538585,0,0,0
02:50:26,99.2084970017202,0,0,0
02:50:27,99.21028328697922,0,0,0
02:50:28,99.2138558574973,0,0,0
02:50:29,99.2138558574973,0,0,0
02:50:30,99.2281461395696,0,0,0
02:50:31,99.22635985431056,0,0,0
02:50:32,99.22100099853346,0,0,0
02:50:33,99.23171871008768,0,0,0
02:50:34,99.24065013638288,0,0,0
02:50:35,99.23886385112382,0,0,0
02:50:36,99.2513678479371,0,0,0
02:50:37,99.25667311515646,0,0,0
02:50:38,99.24958156267806,0,0,0
02:50:39,99.2513678479371,0,0,0
02:50:40,99.24779527741904,0,0,0
02:50:41,99.24958156267806,0,0,0
02:50:42,99.24958156267806,0,0,0
02:50:43,99.24958156267806,0,0,0
02:50:44,99.24600899216,0,0,0
02:50:45,99.24779527741904,0,0,0
02:50:46,99.24422270690096,0,0,0
02:50:47,99.25315413319612,0,0,0
02:50:48,99.26201410808098,0,0,0
02:50:49,99.26208555949134,0,0,0
02:50:50,99.26208555949134,0,0,0
02:50:51,99.26744441526844,0,0,0
02:50:52,99.26923070052749,0,0,0
02:50:53,99.26744441526844,0,0,0
02:50:54,99.3067426909673,0,0,0
02:50:55,99.2987044073016,0,0,0
02:50:56,99.30495640570824,0,0,0
02:50:57,99.3067426909673,0,0,0
02:50:58,99.29959754993112,0,0,0
02:50:59,99.29781126467208,0,0,0
02:51:00,99.3031701204492,0,0,0
02:51:01,99.31004731869648,0,0,0
02:51:02,99.31746040252152,0,0,0
02:51:03,99.3210329730396,0,0,0
02:51:04,99.31388783200345,0,0,0
02:51:05,99.31567411726247,0,0,0
02:51:06,99.32996439933478,0,0,0
02:51:07,99.32817811407573,0,0,0
02:51:08,99.3353232551119,0,0,0
02:51:09,99.33621639774142,0,0,0
02:51:10,99.32460554355768,0,0,0
02:51:11,99.32817811407573,0,0,0
02:51:12,99.327731542761,0,0,0
02:51:13,99.33175068459384,0,0,0
02:51:14,99.3353232551119,0,0,0
02:51:15,99.33175068459384,0,0,0
02:51:16,99.340682110889,0,0,0
02:51:17,99.34246839614804,0,0,0
02:51:18,99.33889582562998,0,0,0
02:51:19,99.34246839614804,0,0,0
02:51:20,99.33710954037092,0,0,0
02:51:21,99.35139982244324,0,0,0
02:51:22,99.34782725192515,0,0,0
02:51:23,99.36211753399746,0,0,0
02:51:24,99.3585449634794,0,0,0
02:51:25,99.35675867822036,0,0,0
02:51:26,99.35318610770229,0,0,0
02:51:27,99.35497239296132,0,0,0
02:51:28,99.3585449634794,0,0,0
02:51:29,99.36211753399746,0,0,0
02:51:30,99.35318610770229,0,0,0
02:51:31,99.36569010451554,0,0,0
02:51:32,99.36747638977458,0,0,0
02:51:33,99.35765182084988,0,0,0
02:51:34,99.36747638977458,0,0,0
02:51:35,99.36569010451554,0,0,0
02:51:36,99.35675867822036,0,0,0
02:51:37,99.35497239296132,0,0,0
02:51:38,99.3540792503318,0,0,0
02:51:39,99.34604096666612,0,0,0
02:51:40,99.34246839614804,0,0,0
02:51:41,99.33710954037092,0,0,0
02:51:42,99.340682110889,0,0,0
02:51:43,99.36033124873843,0,0,0
02:51:44,99.35318610770229,0,0,0
02:51:45,99.37104896029264,0,0,0
02:51:46,99.37104896029264,0,0,0
02:51:47,99.3692626750336,0,0,0
02:51:48,99.3639038192565,0,0,0
02:51:49,99.3639038192565,0,0,0
02:51:50,99.35675867822036,0,0,0
02:51:51,99.35497239296132,0,0,0
02:51:52,99.37283524555168,0,0,0
02:51:53,99.36849457237224,0,0,0
02:51:54,99.38176667184688,0,0,0
02:51:55,99.387125527624,0,0,0
02:51:56,99.38891181288304,0,0,0
02:51:57,99.38891181288304,0,0,0
02:51:58,99.38623238499449,0,0,0
02:51:59,99.38533924236496,0,0,0
02:52:00,99.37104896029264,0,0,0
02:52:01,99.3717277486911,0,0,0
02:52:02,99.37462153081074,0,0,0
02:52:03,99.35318610770229,0,0,0
02:52:04,99.34246839614804,0,0,0
02:52:05,99.340682110889,0,0,0
02:52:06,99.340682110889,0,0,0
02:52:07,99.33889582562998,0,0,0
02:52:08,99.34782725192515,0,0,0
02:52:09,99.34425468140708,0,0,0
02:52:10,99.34782725192515,0,0,0
02:52:11,99.34425468140708,0,0,0
02:52:12,99.31746040252152,0,0,0
02:52:13,99.28709355311788,0,0,0
02:52:14,99.27637584156363,0,0,0
02:52:15,99.27637584156363,0,0,0
02:52:16,99.28530726785884,0,0,0
02:52:17,99.27994841208172,0,0,0
02:52:18,99.27994841208172,0,0,0
02:52:19,99.27994841208172,0,0,0
02:52:20,99.28173469734074,0,0,0
02:52:21,99.27637584156363,0,0,0
02:52:22,99.28173469734074,0,0,0
02:52:23,99.29066612363594,0,0,0
02:52:24,99.29066612363594,0,0,0
02:52:25,99.27187440271086,0,0,0
02:52:26,99.292452408895,0,0,0
02:52:27,99.30852897622631,0,0,0
02:52:28,99.31604923716688,0,0,0
02:52:29,99.33175068459384,0,0,0
02:52:30,99.34782725192515,0,0,0
02:52:31,99.34782725192515,0,0,0
02:52:32,99.34246839614804,0,0,0
02:52:33,99.34425468140708,0,0,0
02:52:34,99.34782725192515,0,0,0
02:52:35,99.3496135371842,0,0,0
02:52:36,99.31746040252152,0,0,0
02:52:37,99.3210329730396,0,0,0
02:52:38,99.31746040252152,0,0,0
02:52:39,99.3210329730396,0,0,0
02:52:40,99.3210329730396,0,0,0
02:52:41,99.3067426909673,0,0,0
02:52:42,99.3067426909673,0,0,0
02:52:43,99.29959754993112,0,0,0
02:52:44,99.3263918288167,0,0,0
02:52:45,99.32462340641028,0,0,0
02:52:46,99.32462340641028,0,0,0
02:52:47,99.32637396596412,0,0,0
02:52:48,99.32460554355768,0,0,0
02:52:49,99.3210329730396,0,0,0
02:52:50,99.3210329730396,0,0,0
02:52:51,99.32816025122315,0,0,0
02:52:52,99.32281925829862,0,0,0
02:52:53,99.32281925829862,0,0,0
02:52:54,99.32281925829862,0,0,0
02:52:55,99.3210329730396,0,0,0
02:52:56,99.3210329730396,0,0,0
02:52:57,99.32460554355768,0,0,0
02:52:58,99.32460554355768,0,0,0
02:52:59,99.31746040252152,0,0,0
02:53:00,99.31924668778056,0,0,0
02:53:01,99.31031526148536,0,0,0
02:53:02,99.31567411726247,0,0,0
02:53:03,99.30763583359682,0,0,0
02:53:04,99.30763583359682,0,0,0
02:53:05,99.30138383519017,0,0,0
02:53:06,99.30495640570824,0,0,0
02:53:07,99.29959754993112,0,0,0
02:53:08,99.2888619755243,0,0,0
02:53:09,99.28530726785884,0,0,0
02:53:10,99.29422083130144,0,0,0
02:53:11,99.2933455515245,0,0,0
02:53:12,99.292452408895,0,0,0
02:53:13,99.29423869415402,0,0,0
02:53:14,99.29422083130144,0,0,0
02:53:15,99.29066612363594,0,0,0
02:53:16,99.2924345460424,0,0,0
02:53:17,99.28352098259978,0,0,0
02:53:18,99.28352098259978,0,0,0
02:53:19,99.26923070052749,0,0,0
02:53:20,99.26035286279006,0,0,0
02:53:21,99.27101698578652,0,0,0
02:53:22,99.25315413319612,0,0,0
02:53:23,99.26923070052749,0,0,0
02:53:24,99.27280327104556,0,0,0
02:53:25,99.27994841208172,0,0,0
02:53:26,99.29423869415402,0,0,0
02:53:27,99.3055994684015,0,0,0
02:53:28,99.29066612363594,0,0,0
02:53:29,99.29155926626548,0,0,0
02:53:30,99.28887983837691,0,0,0
02:53:31,99.29602497941303,0,0,0
02:53:32,99.3067426909673,0,0,0
02:53:33,99.3067426909673,0,0,0
02:53:34,99.3210329730396,0,0,0
02:53:35,99.31388783200345,0,0,0
02:53:36,99.30495640570824,0,0,0
02:53:37,99.29959754993112,0,0,0
02:53:38,99.292452408895,0,0,0
02:53:39,99.292452408895,0,0,0
02:53:40,99.28352098259978,0,0,0
02:53:41,99.28352098259978,0,0,0
02:53:42,99.27994841208172,0,0,0
02:53:43,99.27994841208172,0,0,0
02:53:44,99.28530726785884,0,0,0
02:53:45,99.28530726785884,0,0,0
02:53:46,99.2790552694522,0,0,0
02:53:47,99.28173469734074,0,0,0
02:53:48,99.28173469734074,0,0,0
02:53:49,99.27637584156363,0,0,0
02:53:50,99.2790552694522,0,0,0
02:53:51,99.2790552694522,0,0,0
02:53:52,99.2790552694522,0,0,0
02:53:53,99.3031701204492,0,0,0
02:53:54,99.3121015467444,0,0,0
02:53:55,99.31388783200345,0,0,0
02:53:56,99.30852897622631,0,0,0
02:53:57,99.30852897622631,0,0,0
02:53:58,99.31386996915086,0,0,0
02:53:59,99.30495640570824,0,0,0
02:54:00,99.31746040252152,0,0,0
02:54:01,99.31746040252152,0,0,0
02:54:02,99.31567411726247,0,0,0
02:54:03,99.31567411726247,0,0,0
02:54:04,99.32996439933478,0,0,0
02:54:05,99.32728497144622,0,0,0
02:54:06,99.32013983041008,0,0,0
02:54:07,99.32460554355768,0,0,0
02:54:08,99.31924668778056,0,0,0
02:54:09,99.32460554355768,0,0,0
02:54:10,99.3210329730396,0,0,0
02:54:11,99.3210329730396,0,0,0
02:54:12,99.31746040252152,0,0,0
02:54:13,99.31746040252152,0,0,0
02:54:14,99.31031526148536,0,0,0
02:54:15,99.31746040252152,0,0,0
02:54:16,99.30138383519017,0,0,0
02:54:17,99.30138383519017,0,0,0
02:54:18,99.30138383519017,0,0,0
02:54:19,99.30138383519017,0,0,0
02:54:20,99.30138383519017,0,0,0
02:54:21,99.30138383519017,0,0,0
02:54:22,99.30138383519017,0,0,0
02:54:23,99.30138383519017,0,0,0
02:54:24,99.31567411726247,0,0,0
02:54:25,99.3067426909673,0,0,0
02:54:26,99.30227697781967,0,0,0
02:54:27,99.30724285083984,0,0,0
02:54:28,99.31031526148536,0,0,0
02:54:29,99.3067426909673,0,0,0
02:54:30,99.305402977023,0,0,0
02:54:31,99.3121015467444,0,0,0
02:54:32,99.3121015467444,0,0,0
02:54:33,99.3121015467444,0,0,0
02:54:34,99.3031701204492,0,0,0
02:54:35,99.29423869415402,0,0,0
02:54:36,99.29959754993112,0,0,0
02:54:37,99.30138383519017,0,0,0
02:54:38,99.292452408895,0,0,0
02:54:39,99.29602497941303,0,0,0
02:54:40,99.29423869415402,0,0,0
02:54:41,99.29959754993112,0,0,0
02:54:42,99.30495640570824,0,0,0
02:54:43,99.30852897622631,0,0,0
02:54:44,99.30138383519017,0,0,0
02:54:45,99.3067426909673,0,0,0
02:54:46,99.29781126467208,0,0,0
02:54:47,99.3031701204492,0,0,0
02:54:48,99.3067426909673,0,0,0
02:54:49,99.30852897622631,0,0,0
02:54:50,99.31567411726247,0,0,0
02:54:51,99.31031526148536,0,0,0
02:54:52,99.3121015467444,0,0,0
02:54:53,99.3067426909673,0,0,0
02:54:54,99.3031701204492,0,0,0
02:54:55,99.3031701204492,0,0,0
02:54:56,99.32817811407573,0,0,0
02:54:57,99.33710954037092,0,0,0
02:54:58,99.33710954037092,0,0,0
02:54:59,99.340682110889,0,0,0
02:55:00,99.34782725192515,0,0,0
02:55:01,99.34782725192515,0,0,0
02:55:02,99.33175068459384,0,0,0
02:55:03,99.33353696985286,0,0,0
02:55:04,99.35139982244324,0,0,0
02:55:05,99.35318610770229,0,0,0
02:55:06,99.35586553559084,0,0,0
02:55:07,99.35318610770229,0,0,0
02:55:08,99.33889582562998,0,0,0
02:55:09,99.3263918288167,0,0,0
02:55:10,99.32460554355768,0,0,0
02:55:11,99.3067426909673,0,0,0
02:55:12,99.31746040252152,0,0,0
02:55:13,99.30852897622631,0,0,0
02:55:14,99.30495640570824,0,0,0
02:55:15,99.30495640570824,0,0,0
02:55:16,99.30584954833776,0,0,0
02:55:17,99.29781126467208,0,0,0
02:55:18,99.28001986349209,0,0,0
02:55:19,99.28652194183498,0,0,0
02:55:20,99.29173789479135,0,0,0
02:55:21,99.29288111735714,0,0,0
02:55:22,99.30852897622631,0,0,0
02:55:23,99.30888623327812,0,0,0
02:55:24,99.33993187108022,0,0,0
02:55:25,99.33889582562998,0,0,0
02:55:26,99.35139982244324,0,0,0
02:55:27,99.36569010451554,0,0,0
02:55:28,99.38355295710592,0,0,0
02:55:29,99.387125527624,0,0,0
02:55:30,99.37104896029264,0,0,0
02:55:31,99.38176667184688,0,0,0
02:55:32,99.39784323917824,0,0,0
02:55:33,99.4049883802144,0,0,0
02:55:34,99.39962952443727,0,0,0
02:55:35,99.40677466547342,0,0,0
02:55:36,99.4192786622867,0,0,0
02:55:37,99.4049883802144,0,0,0
02:55:38,99.40139794684372,0,0,0
02:55:39,99.40141580969632,0,0,0
02:55:40,99.40141580969632,0,0,0
02:55:41,99.40320209495536,0,0,0
02:55:42,99.387125527624,0,0,0
02:55:43,99.39516381128966,0,0,0
02:55:44,99.3960390910666,0,0,0
02:55:45,99.37998038658785,0,0,0
02:55:46,99.38355295710592,0,0,0
02:55:47,99.38355295710592,0,0,0
02:55:48,99.38891181288304,0,0,0
02:55:49,99.40141580969632,0,0,0
02:55:50,99.40856095073244,0,0,0
02:55:51,99.40856095073244,0,0,0
02:55:52,99.39962952443727,0,0,0
02:55:53,99.40141580969632,0,0,0
02:55:54,99.3639038192565,0,0,0
02:55:55,99.3585449634794,0,0,0
02:55:56,99.3585449634794,0,0,0
02:55:57,99.36569010451554,0,0,0
02:55:58,99.3639038192565,0,0,0
02:55:59,99.3639038192565,0,0,0
02:56:00,99.3639038192565,0,0,0
02:56:01,99.3639038192565,0,0,0
02:56:02,99.35139982244324,0,0,0
02:56:03,99.35139982244324,0,0,0
02:56:04,99.37462153081074,0,0,0
02:56:05,99.37462153081074,0,0,0
02:56:06,99.37462153081074,0,0,0
02:56:07,99.36569010451554,0,0,0
02:56:08,99.36569010451554,0,0,0
02:56:09,99.36301067662698,0,0,0
02:56:10,99.36301067662698,0,0,0
02:56:11,99.35497239296132,0,0,0
02:56:12,99.34425468140708,0,0,0
02:56:13,99.32460554355768,0,0,0
02:56:14,99.3056173312541,0,0,0
02:56:15,99.3031701204492,0,0,0
02:56:16,99.3067426909673,0,0,0
02:56:17,99.3067426909673,0,0,0
02:56:18,99.31031526148536,0,0,0
02:56:19,99.31924668778056,0,0,0
02:56:20,99.31031526148536,0,0,0
02:56:21,99.31388783200345,0,0,0
02:56:22,99.31031526148536,0,0,0
02:56:23,99.3210329730396,0,0,0
02:56:24,99.3210329730396,0,0,0
02:56:25,99.3121015467444,0,0,0
02:56:26,99.31567411726247,0,0,0
02:56:27,99.32371240092814,0,0,0
02:56:28,99.31924668778056,0,0,0
02:56:29,99.3067426909673,0,0,0
02:56:30,99.30852897622631,0,0,0
02:56:31,99.30852897622631,0,0,0
02:56:32,99.31924668778056,0,0,0
02:56:33,99.31924668778056,0,0,0
02:56:34,99.3210329730396,0,0,0
02:56:35,99.3210329730396,0,0,0
02:56:36,99.31388783200345,0,0,0
02:56:37,99.31746040252152,0,0,0
02:56:38,99.31746040252152,0,0,0
02:56:39,99.30852897622631,0,0,0
02:56:40,99.30852897622631,0,0,0
02:56:41,99.30495640570824,0,0,0
02:56:42,99.29782912752468,0,0,0
02:56:43,99.29602497941303,0,0,0
02:56:44,99.2987044073016,0,0,0
02:56:45,99.29423869415402,0,0,0
02:56:46,99.29423869415402,0,0,0
02:56:47,99.29066612363594,0,0,0
02:56:48,99.29066612363594,0,0,0
02:56:49,99.29066612363594,0,0,0
02:56:50,99.29066612363594,0,0,0
02:56:51,99.2938814371022,0,0,0
02:56:52,99.3210329730396,0,0,0
02:56:53,99.3210329730396,0,0,0
02:56:54,99.33353696985286,0,0,0
02:56:55,99.34604096666612,0,0,0
02:56:56,99.35318610770229,0,0,0
02:56:57,99.3496135371842,0,0,0
02:56:58,99.35675867822036,0,0,0
02:56:59,99.3692626750336,0,0,0
02:57:00,99.38891181288304,0,0,0
02:57:01,99.3764078160698,0,0,0
02:57:02,99.38355295710592,0,0,0
02:57:03,99.37998038658785,0,0,0
02:57:04,99.39248438340113,0,0,0
02:57:05,99.3871076647714,0,0,0
02:57:06,99.387125527624,0,0,0
02:57:07,99.387125527624,0,0,0
02:57:08,99.3764078160698,0,0,0
02:57:09,99.37104896029264,0,0,0
02:57:10,99.34788084048292,0,0,0
02:57:11,99.34604096666612,0,0,0
02:57:12,99.34604096666612,0,0,0
02:57:13,99.32817811407573,0,0,0
02:57:14,99.3121015467444,0,0,0
02:57:15,99.31478097463297,0,0,0
02:57:16,99.33353696985286,0,0,0
02:57:17,99.32996439933478,0,0,0
02:57:18,99.32994653648218,0,0,0
02:57:19,99.33175068459384,0,0,0
02:57:20,99.33175068459384,0,0,0
02:57:21,99.32460554355768,0,0,0
02:57:22,99.32460554355768,0,0,0
02:57:23,99.32987508507182,0,0,0
02:57:24,99.32987508507182,0,0,0
02:57:25,99.31746040252152,0,0,0
02:57:26,99.31924668778056,0,0,0
02:57:27,99.32281925829862,0,0,0
02:57:28,99.31567411726247,0,0,0
02:57:29,99.31567411726247,0,0,0
02:57:30,99.3032058461544,0,0,0
02:57:31,99.3067426909673,0,0,0
02:57:32,99.3067426909673,0,0,0
02:57:33,99.3067426909673,0,0,0
02:57:34,99.29423869415402,0,0,0
02:57:35,99.29602497941303,0,0,0
02:57:36,99.29602497941303,0,0,0
02:57:37,99.29602497941303,0,0,0
02:57:38,99.28441412522932,0,0,0
02:57:39,99.28441412522932,0,0,0
02:57:40,99.29602497941303,0,0,0
02:57:41,99.29066612363594,0,0,0
02:57:42,99.28530726785884,0,0,0
02:57:43,99.29602497941303,0,0,0
02:57:44,99.28709355311788,0,0,0
02:57:45,99.28709355311788,0,0,0
02:57:46,99.28709355311788,0,0,0
02:57:47,99.29423869415402,0,0,0
02:57:48,99.29247027174756,0,0,0
02:57:49,99.29247027174756,0,0,0
02:57:50,99.29247027174756,0,0,0
02:57:51,99.28620041048836,0,0,0
02:57:52,99.28620041048836,0,0,0
02:57:53,99.29423869415402,0,0,0
02:57:54,99.29423869415402,0,0,0
02:57:55,99.30852897622631,0,0,0
02:57:56,99.29781126467208,0,0,0
02:57:57,99.29602497941303,0,0,0
02:57:58,99.29066612363594,0,0,0
02:57:59,99.29781126467208,0,0,0
02:58:00,99.29781126467208,0,0,0
02:58:01,99.30138383519017,0,0,0
02:58:02,99.30138383519017,0,0,0
02:58:03,99.28173469734074,0,0,0
02:58:04,99.28818318712588,0,0,0
02:58:05,99.28352098259978,0,0,0
02:58:06,99.27816212682266,0,0,0
02:58:07,99.26923070052749,0,0,0
02:58:08,99.2656581300094,0,0,0
02:58:09,99.26208555949134,0,0,0
02:58:10,99.25851298897324,0,0,0
02:58:11,99.26208555949134,0,0,0
02:58:12,99.26208555949134,0,0,0
02:58:13,99.26208555949134,0,0,0
02:58:14,99.29066612363594,0,0,0
02:58:15,99.28530726785884,0,0,0
02:58:16,99.28530726785884,0,0,0
02:58:17,99.28530726785884,0,0,0
02:58:18,99.27994841208172,0,0,0
02:58:19,99.30138383519017,0,0,0
02:58:20,99.30495640570824,0,0,0
02:58:21,99.29781126467208,0,0,0
02:58:22,99.30138383519017,0,0,0
02:58:23,99.29974045275186,0,0,0
02:58:24,99.3067426909673,0,0,0
02:58:25,99.29620360793896,0,0,0
02:58:26,99.29620360793896,0,0,0
02:58:27,99.31388783200345,0,0,0
02:58:28,99.33175068459384,0,0,0
02:58:29,99.3353232551119,0,0,0
02:58:30,99.32996439933478,0,0,0
02:58:31,99.33175068459384,0,0,0
02:58:32,99.32281925829862,0,0,0
02:58:33,99.32539150907164,0,0,0
02:58:34,99.32996439933478,0,0,0
02:58:35,99.3353232551119,0,0,0
02:58:36,99.3263918288167,0,0,0
02:58:37,99.32996439933478,0,0,0
02:58:38,99.31924668778056,0,0,0
02:58:39,99.29781126467208,0,0,0
02:58:40,99.29423869415402,0,0,0
02:58:41,99.28887983837691,0,0,0
02:58:42,99.28887983837691,0,0,0
02:58:43,99.292452408895,0,0,0
02:58:44,99.29602497941303,0,0,0
02:58:45,99.29602497941303,0,0,0
02:58:46,99.29602497941303,0,0,0
02:58:47,99.30495640570824,0,0,0
02:58:48,99.30495640570824,0,0,0
02:58:49,99.30138383519017,0,0,0
02:58:50,99.29602497941303,0,0,0
02:58:51,99.29423869415402,0,0,0
02:58:52,99.29959754993112,0,0,0
02:58:53,99.29066612363594,0,0,0
02:58:54,99.29423869415402,0,0,0
02:58:55,99.29423869415402,0,0,0
02:58:56,99.28887983837691,0,0,0
02:58:57,99.28887983837691,0,0,0
02:58:58,99.28528940500622,0,0,0
02:58:59,99.28352098259978,0,0,0
02:59:00,99.3260345717649,0,0,0
02:59:01,99.3496135371842,0,0,0
02:59:02,99.3451478240366,0,0,0
02:59:03,99.34632677230758,0,0,0
02:59:04,99.34782725192515,0,0,0
02:59:05,99.3692626750336,0,0,0
02:59:06,99.37283524555168,0,0,0
02:59:07,99.37819410132882,0,0,0
02:59:08,99.37462153081074,0,0,0
02:59:09,99.3692626750336,0,0,0
02:59:10,99.3639038192565,0,0,0
02:59:11,99.35677654107296,0,0,0
02:59:12,99.35677654107296,0,0,0
02:59:13,99.35677654107296,0,0,0
02:59:14,99.34407605288118,0,0,0
02:59:15,99.35139982244324,0,0,0
02:59:16,99.33889582562998,0,0,0
02:59:17,99.33710954037092,0,0,0
02:59:18,99.33710954037092,0,0,0
02:59:19,99.32460554355768,0,0,0
02:59:20,99.32460554355768,0,0,0
02:59:21,99.30852897622631,0,0,0
02:59:22,99.3263918288167,0,0,0
02:59:23,99.3263918288167,0,0,0
02:59:24,99.32996439933478,0,0,0
02:59:25,99.3263918288167,0,0,0
02:59:26,99.3210329730396,0,0,0
02:59:27,99.31388783200345,0,0,0
02:59:28,99.3067426909673,0,0,0
02:59:29,99.30852897622631,0,0,0
02:59:30,99.30852897622631,0,0,0
02:59:31,99.31567411726247,0,0,0
02:59:32,99.31299468937392,0,0,0
02:59:33,99.31029739863276,0,0,0
02:59:34,99.31746040252152,0,0,0
02:59:35,99.31924668778056,0,0,0
02:59:36,99.31924668778056,0,0,0
02:59:37,99.31924668778056,0,0,0
02:59:38,99.31924668778056,0,0,0
02:59:39,99.30852897622631,0,0,0
02:59:40,99.30852897622631,0,0,0
02:59:41,99.3353232551119,0,0,0
02:59:42,99.33889582562998,0,0,0
02:59:43,99.34246839614804,0,0,0
02:59:44,99.34246839614804,0,0,0
02:59:45,99.33710954037092,0,0,0
02:59:46,99.32996439933478,0,0,0
02:59:47,99.32996439933478,0,0,0
02:59:48,99.33175068459384,0,0,0
02:59:49,99.32281925829862,0,0,0
02:59:50,99.32371240092814,0,0,0
02:59:51,99.33353696985286,0,0,0
02:59:52,99.3263918288167,0,0,0
02:59:53,99.3263918288167,0,0,0
02:59:54,99.3263918288167,0,0,0
02:59:55,99.35318610770229,0,0,0
02:59:56,99.3477736633674,0,0,0
02:59:57,99.34604096666612,0,0,0
02:59:58,99.35318610770229,0,0,0
02:59:59,99.35318610770229,0,0,0
03:00:00,99.34246839614804,0,0,0
03:00:01,99.33353696985286,0,0,0
03:00:02,99.32996439933478,0,0,0
03:00:03,99.35139982244324,0,0,0
03:00:04,99.35497239296132,0,0,0
03:00:05,99.3585449634794,0,0,0
03:00:06,99.36569010451554,0,0,0
03:00:07,99.35675867822036,0,0,0
03:00:08,99.35497239296132,0,0,0
03:00:09,99.34782725192515,0,0,0
03:00:10,99.34425468140708,0,0,0
03:00:11,99.33889582562998,0,0,0
03:00:12,99.33889582562998,0,0,0
03:00:13,99.32817811407573,0,0,0
03:00:14,99.3210329730396,0,0,0
03:00:15,99.3353232551119,0,0,0
03:00:16,99.32819597692834,0,0,0
03:00:17,99.31567411726247,0,0,0
03:00:18,99.3210329730396,0,0,0
03:00:19,99.31388783200345,0,0,0
03:00:20,99.31746040252152,0,0,0
03:00:21,99.31746040252152,0,0,0
03:00:22,99.32281925829862,0,0,0
03:00:23,99.31401287197156,0,0,0
03:00:24,99.31626359139796,0,0,0
03:00:25,99.316567259892,0,0,0
03:00:26,99.3121015467444,0,0,0
03:00:27,99.31388783200345,0,0,0
03:00:28,99.33621639774142,0,0,0
03:00:29,99.34604096666612,0,0,0
03:00:30,99.36569010451554,0,0,0
03:00:31,99.36034911159102,0,0,0
03:00:32,99.35141768529584,0,0,0
03:00:33,99.33353696985286,0,0,0
03:00:34,99.33082181625912,0,0,0
03:00:35,99.33082181625912,0,0,0
03:00:36,99.33082181625912,0,0,0
03:00:37,99.32817811407573,0,0,0
03:00:38,99.32817811407573,0,0,0
03:00:39,99.3263918288167,0,0,0
03:00:40,99.3263918288167,0,0,0
03:00:41,99.3263918288167,0,0,0
03:00:42,99.3353232551119,0,0,0
03:00:43,99.32637396596412,0,0,0
03:00:44,99.32637396596412,0,0,0
03:00:45,99.35497239296132,0,0,0
03:00:46,99.34604096666612,0,0,0
03:00:47,99.35497239296132,0,0,0
03:00:48,99.34425468140708,0,0,0
03:00:49,99.35675867822036,0,0,0
03:00:50,99.346219595192,0,0,0
03:00:51,99.33710954037092,0,0,0
03:00:52,99.3210329730396,0,0,0
03:00:53,99.31031526148536,0,0,0
03:00:54,99.31031526148536,0,0,0
03:00:55,99.31031526148536,0,0,0
03:00:56,99.30138383519017,0,0,0
03:00:57,99.30138383519017,0,0,0
03:00:58,99.3031701204492,0,0,0
03:00:59,99.31027953578015,0,0,0
03:01:00,99.30138383519017,0,0,0
03:01:01,99.3067426909673,0,0,0
03:01:02,99.28887983837691,0,0,0
03:01:03,99.2977934018195,0,0,0
03:01:04,99.28530726785884,0,0,0
03:01:05,99.27994841208172,0,0,0
03:01:06,99.28530726785884,0,0,0
03:01:07,99.26112096545144,0,0,0
03:01:08,99.28887983837691,0,0,0
03:01:09,99.2870221017075,0,0,0
03:01:10,99.28709355311788,0,0,0
03:01:11,99.29704316201072,0,0,0
03:01:12,99.31567411726247,0,0,0
03:01:13,99.33175068459384,0,0,0
03:01:14,99.35675867822036,0,0,0
03:01:15,99.36836953240407,0,0,0
03:01:16,99.38355295710592,0,0,0
03:01:17,99.39516381128966,0,0,0
03:01:18,99.39516381128966,0,0,0
03:01:19,99.40141580969632,0,0,0
03:01:20,99.39337752603063,0,0,0
03:01:21,99.39248438340113,0,0,0
03:01:22,99.37998038658785,0,0,0
03:01:23,99.41749237702764,0,0,0
03:01:24,99.42419094674904,0,0,0
03:01:25,99.41102602438994,0,0,0
03:01:26,99.40141580969632,0,0,0
03:01:27,99.39427066866014,0,0,0
03:01:28,99.39784323917824,0,0,0
03:01:29,99.40141580969632,0,0,0
03:01:30,99.406095877075,0,0,0
03:01:31,99.40141580969632,0,0,0
03:01:32,99.39784323917824,0,0,0
03:01:33,99.387125527624,0,0,0
03:01:34,99.37819410132882,0,0,0
03:01:35,99.37104896029264,0,0,0
03:01:36,99.37194210292216,0,0,0
03:01:37,99.37104896029264,0,0,0
03:01:38,99.39248438340113,0,0,0
03:01:39,99.39248438340113,0,0,0
03:01:40,99.38355295710592,0,0,0
03:01:41,99.38355295710592,0,0,0
03:01:42,99.37998038658785,0,0,0
03:01:43,99.38355295710592,0,0,0
03:01:44,99.38532137951238,0,0,0
03:01:45,99.38176667184688,0,0,0
03:01:46,99.38533924236496,0,0,0
03:01:47,99.38533924236496,0,0,0
03:01:48,99.3960569539192,0,0,0
03:01:49,99.40141580969632,0,0,0
03:01:50,99.39248438340113,0,0,0
03:01:51,99.40141580969632,0,0,0
03:01:52,99.40141580969632,0,0,0
03:01:53,99.39962952443727,0,0,0
03:01:54,99.41391980650955,0,0,0
03:01:55,99.4130981152904,0,0,0
03:01:56,99.4049883802144,0,0,0
03:01:57,99.40856095073244,0,0,0
03:01:58,99.39962952443727,0,0,0
03:01:59,99.39784323917824,0,0,0
03:02:00,99.39784323917824,0,0,0
03:02:01,99.3871612533292,0,0,0
03:02:02,99.38355295710592,0,0,0
03:02:03,99.3764078160698,0,0,0
03:02:04,99.37104896029264,0,0,0
03:02:05,99.37104896029264,0,0,0
03:02:06,99.37998038658785,0,0,0
03:02:07,99.3871076647714,0,0,0
03:02:08,99.3871076647714,0,0,0
03:02:09,99.40320209495536,0,0,0
03:02:10,99.39784323917824,0,0,0
03:02:11,99.3960569539192,0,0,0
03:02:12,99.39784323917824,0,0,0
03:02:13,99.39784323917824,0,0,0
03:02:14,99.39248438340113,0,0,0
03:02:15,99.38355295710592,0,0,0
03:02:16,99.38176667184688,0,0,0
03:02:17,99.37642567892236,0,0,0
03:02:18,99.38176667184688,0,0,0
03:02:19,99.39427066866014,0,0,0
03:02:20,99.38355295710592,0,0,0
03:02:21,99.37998038658785,0,0,0
03:02:22,99.37998038658785,0,0,0
03:02:23,99.37998038658785,0,0,0
03:02:24,99.387125527624,0,0,0
03:02:25,99.3960569539192,0,0,0
03:02:26,99.40409523758488,0,0,0
03:02:27,99.39962952443727,0,0,0
03:02:28,99.40766780810294,0,0,0
03:02:29,99.4103472359915,0,0,0
03:02:30,99.40141580969632,0,0,0
03:02:31,99.4049883802144,0,0,0
03:02:32,99.39962952443727,0,0,0
03:02:33,99.39962952443727,0,0,0
03:02:34,99.40320209495536,0,0,0
03:02:35,99.40320209495536,0,0,0
03:02:36,99.40766780810294,0,0,0
03:02:37,99.40766780810294,0,0,0
03:02:38,99.4058815228439,0,0,0
03:02:39,99.38533924236496,0,0,0
03:02:40,99.38891181288304,0,0,0
03:02:41,99.40141580969632,0,0,0
03:02:42,99.40677466547342,0,0,0
03:02:43,99.4049883802144,0,0,0
03:02:44,99.40677466547342,0,0,0
03:02:45,99.40675680262083,0,0,0
03:02:46,99.3960569539192,0,0,0
03:02:47,99.40320209495536,0,0,0
03:02:48,99.39516381128966,0,0,0
03:02:49,99.39248438340113,0,0,0
03:02:50,99.40141580969632,0,0,0
03:02:51,99.40677466547342,0,0,0
03:02:52,99.42106494754572,0,0,0
03:02:53,99.39695009654872,0,0,0
03:02:54,99.39784323917824,0,0,0
03:02:55,99.40320209495536,0,0,0
03:02:56,99.4049883802144,0,0,0
03:02:57,99.41213352125052,0,0,0
03:02:58,99.4389278001361,0,0,1
03:02:59,99.42642380332283,0,0,0
03:03:00,99.43165761913184,0,0,0
03:03:01,99.4246375180638,0,0,0
03:03:02,99.4246375180638,0,0,0
03:03:03,99.42999637384092,0,0,0
03:03:04,99.4103472359915,0,0,0
03:03:05,99.4157060917686,0,0,0
03:03:06,99.41391980650955,0,0,0
03:03:07,99.4192786622867,0,0,0
03:03:08,99.4192786622867,0,0,0
03:03:09,99.41749237702764,0,0,0
03:03:10,99.40677466547342,0,0,0
03:03:11,99.40677466547342,0,0,0
03:03:12,99.40677466547342,0,0,0
03:03:13,99.41213352125052,0,0,0
03:03:14,99.4192786622867,0,0,0
03:03:15,99.433568944359,0,0,0
03:03:16,99.42640594047026,0,0,0
03:03:17,99.43110387070152,0,0,0
03:03:18,99.433568944359,0,0,0
03:03:19,99.42106494754572,0,0,0
03:03:20,99.39427066866014,0,0,0
03:03:21,99.387125527624,0,0,0
03:03:22,99.39248438340113,0,0,0
03:03:23,99.39069809814208,0,0,0
03:03:24,99.39427066866014,0,0,0
03:03:25,99.40677466547342,0,0,0
03:03:26,99.4049883802144,0,0,0
03:03:27,99.3960569539192,0,0,0
03:03:28,99.3960569539192,0,0,0
03:03:29,99.38714339047658,0,0,0
03:03:30,99.39248438340113,0,0,0
03:03:31,99.38176667184688,0,0,0
03:03:32,99.39069809814208,0,0,0
03:03:33,99.38891181288304,0,0,0
03:03:34,99.39248438340113,0,0,0
03:03:35,99.38801867025352,0,0,0
03:03:36,99.39248438340113,0,0,0
03:03:37,99.39248438340113,0,0,0
03:03:38,99.39248438340113,0,0,0
03:03:39,99.39069809814208,0,0,0
03:03:40,99.38980495551256,0,0,0
03:03:41,99.39427066866014,0,0,0
03:03:42,99.38533924236496,0,0,0
03:03:43,99.38533924236496,0,0,0
03:03:44,99.38533924236496,0,0,0
03:03:45,99.39248438340113,0,0,0
03:03:46,99.4049883802144,0,0,0
03:03:47,99.40141580969632,0,0,0
03:03:48,99.4049883802144,0,0,0
03:03:49,99.4049883802144,0,0,0
03:03:50,99.4049883802144,0,0,0
03:03:51,99.4103472359915,0,0,0
03:03:52,99.40141580969632,0,0,0
03:03:53,99.40141580969632,0,0,0
03:03:54,99.39962952443727,0,0,0
03:03:55,99.41391980650955,0,0,0
03:03:56,99.4103472359915,0,0,0
03:03:57,99.40766780810294,0,0,0
03:03:58,99.39427066866014,0,0,0
03:03:59,99.39427066866014,0,0,0
03:04:00,99.39427066866014,0,0,0
03:04:01,99.387125527624,0,0,0
03:04:02,99.39518167414226,0,0,0
03:04:03,99.38533924236496,0,0,0
03:04:04,99.37104896029264,0,0,0
03:04:05,99.387125527624,0,0,0
03:04:06,99.36747638977458,0,0,0
03:04:07,99.37462153081074,0,0,0
03:04:08,99.37462153081074,0,0,0
03:04:09,99.37462153081074,0,0,0
03:04:10,99.37462153081074,0,0,0
03:04:11,99.37462153081074,0,0,0
03:04:12,99.40677466547342,0,0,0
03:04:13,99.39962952443727,0,0,0
03:04:14,99.387125527624,0,0,0
03:04:15,99.387125527624,0,0,0
03:04:16,99.387125527624,0,0,0
03:04:17,99.39784323917824,0,0,0
03:04:18,99.38891181288304,0,0,0
03:04:19,99.38891181288304,0,0,0
03:04:20,99.37998038658785,0,0,0
03:04:21,99.37463939366332,0,0,0
03:04:22,99.3764078160698,0,0,0
03:04:23,99.3764078160698,0,0,0
03:04:24,99.38355295710592,0,0,0
03:04:25,99.36569010451554,0,0,0
03:04:26,99.37106682314526,0,0,0
03:04:27,99.37819410132882,0,0,0
03:04:28,99.37819410132882,0,0,0
03:04:29,99.37819410132882,0,0,0
03:04:30,99.38355295710592,0,0,0
03:04:31,99.39625344529767,0,0,0
03:04:32,99.39427066866014,0,0,0
03:04:33,99.4157060917686,0,0,0
03:04:34,99.4192786622867,0,0,0
03:04:35,99.40856095073244,0,0,0
03:04:36,99.4246375180638,0,0,0
03:04:37,99.42821008858188,0,0,0
03:04:38,99.42821008858188,0,0,0
03:04:39,99.42821008858188,0,0,0
03:04:40,99.44428665591325,0,0,0
03:04:41,99.45500436746744,0,0,0
03:04:42,99.44964551169032,0,0,0
03:04:43,99.46750836428072,0,0,0
03:04:44,99.46572207902167,0,0,0
03:04:45,99.47286722005784,0,0,0
03:04:46,99.46929464953976,0,0,0
03:04:47,99.46170293718885,0,0,0
03:04:48,99.46393579376264,0,0,0
03:04:49,99.45500436746744,0,0,0
03:04:50,99.45857693798553,0,0,0
03:04:51,99.45432557906902,0,0,0
03:04:52,99.44964551169032,0,0,0
03:04:53,99.415688228916,0,0,0
03:04:54,99.41036509884408,0,0,0
03:04:55,99.41999317639028,0,0,0
03:04:56,99.41999317639028,0,0,0
03:04:57,99.43088951647044,0,0,0
03:04:58,99.43178265909997,0,0,0
03:04:59,99.43178265909997,0,0,0
03:05:00,99.4425003706542,0,0,0
03:05:01,99.44964551169032,0,0,0
03:05:02,99.46036322324456,0,0,0
03:05:03,99.4710809347988,0,0,0
03:05:04,99.46036322324456,0,0,0
03:05:05,99.45857693798553,0,0,0
03:05:06,99.45148538550716,0,0,0
03:05:07,99.45148538550716,0,0,0
03:05:08,99.46393579376264,0,0,0
03:05:09,99.46393579376264,0,0,0
03:05:10,99.45857693798553,0,0,0
03:05:11,99.45857693798553,0,0,0
03:05:12,99.4586305265433,0,0,0
03:05:13,99.46393579376264,0,0,0
03:05:14,99.46393579376264,0,0,0
03:05:15,99.47286722005784,0,0,0
03:05:16,99.47286722005784,0,0,0
03:05:17,99.46750836428072,0,0,0
03:05:18,99.46572207902167,0,0,0
03:05:19,99.45143179694938,0,0,0
03:05:20,99.45500436746744,0,0,0
03:05:21,99.45500436746744,0,0,0
03:05:22,99.4532180822084,0,0,0
03:05:23,99.43714151487708,0,0,0
03:05:24,99.43714151487708,0,0,0
03:05:25,99.43714151487708,0,0,0
03:05:26,99.43714151487708,0,0,0
03:05:27,99.4168493143344,0,0,0
03:05:28,99.4157060917686,0,0,0
03:05:29,99.40677466547342,0,0,0
03:05:30,99.37462153081074,0,0,0
03:05:31,99.3692626750336,0,0,0
03:05:32,99.34604096666612,0,0,0
03:05:33,99.35318610770229,0,0,0
03:05:34,99.35497239296132,0,0,0
03:05:35,99.35497239296132,0,0,0
03:05:36,99.35675867822036,0,0,0
03:05:37,99.34782725192515,0,0,0
03:05:38,99.3496135371842,0,0,0
03:05:39,99.34425468140708,0,0,0
03:05:40,99.34604096666612,0,0,0
03:05:41,99.33889582562998,0,0,0
03:05:42,99.34782725192515,0,0,0
03:05:43,99.32996439933478,0,0,0
03:05:44,99.32460554355768,0,0,0
03:05:45,99.33353696985286,0,0,0
03:05:46,99.33709167751834,0,0,0
03:05:47,99.35318610770229,0,0,0
03:05:48,99.3496135371842,0,0,0
03:05:49,99.33889582562998,0,0,0
03:05:50,99.34604096666612,0,0,0
03:05:51,99.37283524555168,0,0,0
03:05:52,99.37104896029264,0,0,0
03:05:53,99.36747638977458,0,0,0
03:05:54,99.37462153081074,0,0,0
03:05:55,99.38355295710592,0,0,0
03:05:56,99.37998038658785,0,0,0
03:05:57,99.37998038658785,0,0,0
03:05:58,99.3585449634794,0,0,0
03:05:59,99.36569010451554,0,0,0
03:06:00,99.38355295710592,0,0,0
03:06:01,99.38355295710592,0,0,0
03:06:02,99.38176667184688,0,0,0
03:06:03,99.37283524555168,0,0,0
03:06:04,99.37283524555168,0,0,0
03:06:05,99.3683873952567,0,0,0
03:06:06,99.35318610770229,0,0,0
03:06:07,99.33710954037092,0,0,0
03:06:08,99.33710954037092,0,0,0
03:06:09,99.33710954037092,0,0,0
03:06:10,99.33175068459384,0,0,0
03:06:11,99.3353232551119,0,0,0
03:06:12,99.32996439933478,0,0,0
03:06:13,99.32996439933478,0,0,0
03:06:14,99.3419860991281,0,0,0
03:06:15,99.33710954037092,0,0,0
03:06:16,99.33710954037092,0,0,0
03:06:17,99.33710954037092,0,0,0
03:06:18,99.33710954037092,0,0,0
03:06:19,99.3263918288167,0,0,0
03:06:20,99.32998226218736,0,0,0
03:06:21,99.3353232551119,0,0,0
03:06:22,99.31031526148536,0,0,0
03:06:23,99.32460554355768,0,0,0
03:06:24,99.30852897622631,0,0,0
03:06:25,99.30852897622631,0,0,0
03:06:26,99.30584954833776,0,0,0
03:06:27,99.3121015467444,0,0,0
03:06:28,99.312119409597,0,0,0
03:06:29,99.3067426909673,0,0,0
03:06:30,99.31567411726247,0,0,0
03:06:31,99.3067426909673,0,0,0
03:06:32,99.3067426909673,0,0,0
03:06:33,99.29959754993112,0,0,0
03:06:34,99.28173469734074,0,0,0
03:06:35,99.27101698578652,0,0,0
03:06:36,99.28262783997026,0,0,0
03:06:37,99.28530726785884,0,0,0
03:06:38,99.29066612363594,0,0,0
03:06:39,99.28887983837691,0,0,0
03:06:40,99.28709355311788,0,0,0
03:06:41,99.29423869415402,0,0,0
03:06:42,99.29895913157956,0,0,0
03:06:43,99.29959754993112,0,0,0
03:06:44,99.29061253507815,0,0,0
03:06:45,99.27369641367508,0,0,0
03:06:46,99.2790552694522,0,0,0
03:06:47,99.2745895563046,0,0,0
03:06:48,99.2745895563046,0,0,0
03:06:49,99.28173469734074,0,0,0
03:06:50,99.27637584156363,0,0,0
03:06:51,99.27280327104556,0,0,0
03:06:52,99.2853608564166,0,0,0
03:06:53,99.2853608564166,0,0,0
03:06:54,99.28477138228112,0,0,0
03:06:55,99.28173469734074,0,0,0
03:06:56,99.28709355311788,0,0,0
03:06:57,99.2745895563046,0,0,0
03:06:58,99.2745895563046,0,0,0
03:06:59,99.2790552694522,0,0,0
03:07:00,99.27101698578652,0,0,0
03:07:01,99.27280327104556,0,0,0
03:07:02,99.25583356108469,0,0,0
03:07:03,99.2513678479371,0,0,0
03:07:04,99.23350499534672,0,0,0
03:07:05,99.243740409881,0,0,0
03:07:06,99.24600899216,0,0,0
03:07:07,99.25494041845518,0,0,0
03:07:08,99.25851298897324,0,0,0
03:07:09,99.2513678479371,0,0,0
03:07:10,99.23350499534672,0,0,0
03:07:11,99.24065013638288,0,0,0
03:07:12,99.24243642164193,0,0,0
03:07:13,99.24422270690096,0,0,0
03:07:14,99.24779527741904,0,0,0
03:07:15,99.25226099056664,0,0,0
03:07:16,99.25226099056664,0,0,0
03:07:17,99.25904887455096,0,0,0
03:07:18,99.25851298897324,0,0,0
03:07:19,99.25851298897324,0,0,0
03:07:20,99.2611924168618,0,0,0
03:07:21,99.2611924168618,0,0,0
03:07:22,99.26208555949134,0,0,0
03:07:23,99.27149928280646,0,0,0
03:07:24,99.27280327104556,0,0,0
03:07:25,99.2745895563046,0,0,0
03:07:26,99.27280327104556,0,0,0
03:07:27,99.27280327104556,0,0,0
03:07:28,99.26923070052749,0,0,0
03:07:29,99.26687280398556,0,0,0
03:07:30,99.26744441526844,0,0,0
03:07:31,99.26744441526844,0,0,0
03:07:32,99.27280327104556,0,0,0
03:07:33,99.27994841208172,0,0,0
03:07:34,99.27816212682266,0,0,0
03:07:35,99.29781126467208,0,0,0
03:07:36,99.29781126467208,0,0,0
03:07:37,99.29959754993112,0,0,0
03:07:38,99.28887983837691,0,0,0
03:07:39,99.29691812204256,0,0,0
03:07:40,99.29720392768402,0,0,0
03:07:41,99.26208555949134,0,0,0
03:07:42,99.24958156267806,0,0,0
03:07:43,99.24602685501256,0,0,0
03:07:44,99.24779527741904,0,0,0
03:07:45,99.24065013638288,0,0,0
03:07:46,99.24600899216,0,0,0
03:07:47,99.24600899216,0,0,0
03:07:48,99.24600899216,0,0,0
03:07:49,99.24243642164193,0,0,0
03:07:50,99.24243642164193,0,0,0
03:07:51,99.2495101112677,0,0,0
03:07:52,99.2495101112677,0,0,0
03:07:53,99.23886385112382,0,0,0
03:07:54,99.23886385112382,0,0,0
03:07:55,99.24065013638288,0,0,0
03:07:56,99.27816212682266,0,0,0
03:07:57,99.25315413319612,0,0,0
03:07:58,99.24600899216,0,0,0
03:07:59,99.24958156267806,0,0,0
03:08:00,99.24600899216,0,0,0
03:08:01,99.25494041845518,0,0,0
03:08:02,99.25494041845518,0,0,0
03:08:03,99.25494041845518,0,0,0
03:08:04,99.25047470530758,0,0,0
03:08:05,99.25851298897324,0,0,0
03:08:06,99.25851298897324,0,0,0
03:08:07,99.26274648503718,0,0,0
03:08:08,99.2567267037142,0,0,0
03:08:09,99.25317199604872,0,0,0
03:08:10,99.2656581300094,0,0,0
03:08:11,99.2656581300094,0,0,0
03:08:12,99.27280327104556,0,0,0
03:08:13,99.28173469734074,0,0,0
03:08:14,99.28352098259978,0,0,0
03:08:15,99.27816212682266,0,0,0
03:08:16,99.2745895563046,0,0,0
03:08:17,99.2656581300094,0,0,0
03:08:18,99.26029927423228,0,0,0
03:08:19,99.25692319509272,0,0,0
03:08:20,99.25692319509272,0,0,0
03:08:21,99.26208555949134,0,0,0
03:08:22,99.26208555949134,0,0,0
03:08:23,99.26208555949134,0,0,0
03:08:24,99.27814426397008,0,0,0
03:08:25,99.2656581300094,0,0,0
03:08:26,99.2552798126544,0,0,0
03:08:27,99.26029927423228,0,0,0
03:08:28,99.26029927423228,0,0,0
03:08:29,99.26029927423228,0,0,0
03:08:30,99.24958156267806,0,0,0
03:08:31,99.2513678479371,0,0,0
03:08:32,99.2513678479371,0,0,0
03:08:33,99.24600899216,0,0,0
03:08:34,99.24600899216,0,0,0
03:08:35,99.24600899216,0,0,0
03:08:36,99.24600899216,0,0,0
03:08:37,99.23350499534672,0,0,0
03:08:38,99.24600899216,0,0,0
03:08:39,99.24422270690096,0,0,0
03:08:40,99.24422270690096,0,0,0
03:08:41,99.24556242084522,0,0,0
03:08:42,99.24958156267806,0,0,0
03:08:43,99.24243642164193,0,0,0
03:08:44,99.24243642164193,0,0,0
03:08:45,99.24243642164193,0,0,0
03:08:46,99.22100099853346,0,0,0
03:08:47,99.22092954712308,0,0,0
03:08:48,99.20671071646116,0,0,0
03:08:49,99.21989350167284,0,0,0
03:08:50,99.21564214275632,0,0,0
03:08:51,99.21921471327444,0,0,0
03:08:52,99.21946479321068,0,0,0
03:08:53,99.21921471327444,0,0,0
03:08:54,99.22457356905151,0,0,0
03:08:55,99.21921471327444,0,0,0
03:08:56,99.21921471327444,0,0,0
03:08:57,99.22457356905151,0,0,0
03:08:58,99.2227872837925,0,0,0
03:08:59,99.22993242482865,0,0,0
03:09:00,99.2370775658648,0,0,0
03:09:01,99.25449384714042,0,0,0
03:09:02,99.26208555949134,0,0,0
03:09:03,99.26029927423228,0,0,0
03:09:04,99.26208555949134,0,0,0
03:09:05,99.25681601797716,0,0,0
03:09:06,99.25681601797716,0,0,0
03:09:07,99.26597966135604,0,0,0
03:09:08,99.26597966135604,0,0,0
03:09:09,99.24958156267806,0,0,0
03:09:10,99.24958156267806,0,0,0
03:09:11,99.24600899216,0,0,0
03:09:12,99.23529128060576,0,0,0
03:09:13,99.24422270690096,0,0,0
03:09:14,99.23886385112382,0,0,0
03:09:15,99.23886385112382,0,0,0
03:09:16,99.23350499534672,0,0,0
03:09:17,99.21742842801538,0,0,0
03:09:18,99.22635985431056,0,0,0
03:09:19,99.22368042642202,0,0,0
03:09:20,99.22368042642202,0,0,0
03:09:21,99.21921471327444,0,0,0
03:09:22,99.2281461395696,0,0,0
03:09:23,99.24779527741904,0,0,0
03:09:24,99.24422270690096,0,0,0
03:09:25,99.23904247964974,0,0,0
03:09:26,99.2370775658648,0,0,0
03:09:27,99.23350499534672,0,0,0
03:09:28,99.2513678479371,0,0,0
03:09:29,99.25315413319612,0,0,0
03:09:30,99.26221059945946,0,0,0
03:09:31,99.22993242482865,0,0,0
03:09:32,99.22725299694008,0,0,0
03:09:33,99.22725299694008,0,0,0
03:09:34,99.22725299694008,0,0,0
03:09:35,99.22635985431056,0,0,0
03:09:36,99.22635985431056,0,0,0
03:09:37,99.2227872837925,0,0,0
03:09:38,99.23348713249412,0,0,0
03:09:39,99.22457356905151,0,0,0
03:09:40,99.21206957223824,0,0,0
03:09:41,99.19242043438884,0,0,0
03:09:42,99.18527529335267,0,0,0
03:09:43,99.18974100650028,0,0,0
03:09:44,99.19867243279548,0,0,0
03:09:45,99.19420671964788,0,0,0
03:09:46,99.20099460363222,0,0,0
03:09:47,99.20135186068404,0,0,0
03:09:48,99.19420671964788,0,0,0
03:09:49,99.18348900809364,0,0,0
03:09:50,99.1674124407623,0,0,0
03:09:51,99.1620535849852,0,0,0
03:09:52,99.16383987024425,0,0,0
03:09:53,99.16294672761472,0,0,0
03:09:54,99.15490844394904,0,0,0
03:09:55,99.1620535849852,0,0,0
03:09:56,99.1672338122364,0,0,0
03:09:57,99.1620535849852,0,0,0
03:09:58,99.17098501128038,0,0,0
03:09:59,99.17098501128038,0,0,0
03:10:00,99.1674124407623,0,0,0
03:10:01,99.1674124407623,0,0,0
03:10:02,99.16026729972616,0,0,0
03:10:03,99.14776330291288,0,0,0
03:10:04,99.1388318766177,0,0,0
03:10:05,99.13168673558155,0,0,0
03:10:06,99.12990045032252,0,0,0
03:10:07,99.11918273876827,0,0,0
03:10:08,99.11918273876827,0,0,0
03:10:09,99.12632787980442,0,0,0
03:10:10,99.13168673558155,0,0,0
03:10:11,99.13168673558155,0,0,0
03:10:12,99.13168673558155,0,0,0
03:10:13,99.1388318766177,0,0,0
03:10:14,99.1441907323948,0,0,0
03:10:15,99.14597701765383,0,0,0
03:10:16,99.13347302084058,0,0,0
03:10:17,99.1343661634701,0,0,0
03:10:18,99.14061816187672,0,0,0
03:10:19,99.14776330291288,0,0,0
03:10:20,99.15490844394904,0,0,0
03:10:21,99.14398423781888,0,0,0
03:10:22,99.16383987024425,0,0,0
03:10:23,99.15133587343098,0,0,0
03:10:24,99.1441907323948,0,0,0
03:10:25,99.14061816187672,0,0,0
03:10:26,99.14061816187672,0,0,0
03:10:27,99.14776330291288,0,0,0
03:10:28,99.15312215869,0,0,0
03:10:29,99.15312215869,0,0,0
03:10:30,99.15312215869,0,0,0
03:10:31,99.15490844394904,0,0,0
03:10:32,99.15848101446711,0,0,0
03:10:33,99.15133587343098,0,0,0
03:10:34,99.15312215869,0,0,0
03:10:35,99.16026729972616,0,0,0
03:10:36,99.15669472920808,0,0,0
03:10:37,99.14954958817192,0,0,0
03:10:38,99.15312215869,0,0,0
03:10:39,99.15490844394904,0,0,0
03:10:40,99.16026729972616,0,0,0
03:10:41,99.1674124407623,0,0,0
03:10:42,99.16562615550326,0,0,0
03:10:43,99.16437575582196,0,0,0
03:10:44,99.17277129653944,0,0,0
03:10:45,99.18527529335267,0,0,0
03:10:46,99.18527529335267,0,0,0
03:10:47,99.1817027228346,0,0,0
03:10:48,99.19242043438884,0,0,0
03:10:49,99.20135186068404,0,0,0
03:10:50,99.19777929016595,0,0,0
03:10:51,99.19777929016595,0,0,0
03:10:52,99.19513558798258,0,0,0
03:10:53,99.1906341491298,0,0,0
03:10:54,99.16919872602134,0,0,0
03:10:55,99.17277129653944,0,0,0
03:10:56,99.17277129653944,0,0,0
03:10:57,99.17277129653944,0,0,0
03:10:58,99.18920512092258,0,0,0
03:10:59,99.21206957223824,0,0,0
03:11:00,99.21206957223824,0,0,0
03:11:01,99.21564214275632,0,0,0
03:11:02,99.22457356905151,0,0,0
03:11:03,99.22635985431056,0,0,0
03:11:04,99.23350499534672,0,0,0
03:11:05,99.22987883627088,0,0,0
03:11:06,99.22189414116298,0,0,0
03:11:07,99.22635985431056,0,0,0
03:11:08,99.21742842801538,0,0,0
03:11:09,99.21564214275632,0,0,0
03:11:10,99.19242043438884,0,0,0
03:11:11,99.19242043438884,0,0,0
03:11:12,99.18795472124124,0,0,0
03:11:13,99.2138558574973,0,0,0
03:11:14,99.21206957223824,0,0,0
03:11:15,99.21206957223824,0,0,0
03:11:16,99.2084970017202,0,0,0
03:11:17,99.20671071646116,0,0,0
03:11:18,99.21208743509088,0,0,0
03:11:19,99.2227872837925,0,0,0
03:11:20,99.22635985431056,0,0,0
03:11:21,99.22991456197606,0,0,0
03:11:22,99.22635985431056,0,0,0
03:11:23,99.22100099853346,0,0,0
03:11:24,99.21987563882028,0,0,0
03:11:25,99.22457356905151,0,0,0
03:11:26,99.22100099853346,0,0,0
03:11:27,99.22635985431056,0,0,0
03:11:28,99.23886385112382,0,0,0
03:11:29,99.23886385112382,0,0,0
03:11:30,99.22635985431056,0,0,0
03:11:31,99.22635985431056,0,0,0
03:11:32,99.22635985431056,0,0,0
03:11:33,99.22635985431056,0,0,0
03:11:34,99.2129269891626,0,0,0
03:11:35,99.2084970017202,0,0,0
03:11:36,99.19420671964788,0,0,0
03:11:37,99.19420671964788,0,0,0
03:11:38,99.19777929016595,0,0,0
03:11:39,99.19777929016595,0,0,0
03:11:40,99.19777929016595,0,0,0
03:11:41,99.21921471327444,0,0,0
03:11:42,99.24422270690096,0,0,0
03:11:43,99.24422270690096,0,0,0
03:11:44,99.24958156267806,0,0,0
03:11:45,99.25315413319612,0,0,0
03:11:46,99.25315413319612,0,0,0
03:11:47,99.24422270690096,0,0,0
03:11:48,99.25108204229566,0,0,0
03:11:49,99.25315413319612,0,0,0
03:11:50,99.2656581300094,0,0,0
03:11:51,99.26387184475038,0,0,0
03:11:52,99.27637584156363,0,0,0
03:11:53,99.26744441526844,0,0,0
03:11:54,99.26029927423228,0,0,0
03:11:55,99.2567267037142,0,0,0
03:11:56,99.25494041845518,0,0,0
03:11:57,99.25494041845518,0,0,0
03:11:58,99.25851298897324,0,0,0
03:11:59,99.31031526148536,0,0,0
03:12:00,99.30495640570824,0,0,0
03:12:01,99.35139982244324,0,0,0
03:12:02,99.39784323917824,0,0,0
03:12:03,99.3960569539192,0,0,0
03:12:04,99.39784323917824,0,0,0
03:12:05,99.4192786622867,0,0,0
03:12:06,99.39962952443727,0,0,0
03:12:07,99.39069809814208,0,0,0
03:12:08,99.37283524555168,0,0,0
03:12:09,99.36569010451554,0,0,0
03:12:10,99.34604096666612,0,0,0
03:12:11,99.33175068459384,0,0,0
03:12:12,99.3353232551119,0,0,0
03:12:13,99.36211753399746,0,0,0
03:12:14,99.36810158961524,0,0,0
03:12:15,99.3639038192565,0,0,0
03:12:16,99.36569010451554,0,0,0
03:12:17,99.35497239296132,0,0,0
03:12:18,99.35497239296132,0,0,0
03:12:19,99.35139982244324,0,0,0
03:12:20,99.34425468140708,0,0,0
03:12:21,99.32996439933478,0,0,0
03:12:22,99.33175068459384,0,0,0
03:12:23,99.32460554355768,0,0,0
03:12:24,99.3353232551119,0,0,0
03:12:25,99.33978896825948,0,0,0
03:12:26,99.34336153877756,0,0,0
03:12:27,99.32817811407573,0,0,0
03:12:28,99.32996439933478,0,0,0
03:12:29,99.32817811407573,0,0,0
03:12:30,99.32817811407573,0,0,0
03:12:31,99.340682110889,0,0,0
03:12:32,99.3353232551119,0,0,0
03:12:33,99.34425468140708,0,0,0
03:12:34,99.34425468140708,0,0,0
03:12:35,99.32817811407573,0,0,0
03:12:36,99.31746040252152,0,0,0
03:12:37,99.3210329730396,0,0,0
03:12:38,99.33710954037092,0,0,0
03:12:39,99.30852897622631,0,0,0
03:12:40,99.31924668778056,0,0,0
03:12:41,99.31388783200345,0,0,0
03:12:42,99.30495640570824,0,0,0
03:12:43,99.31067251853716,0,0,0
03:12:44,99.30495640570824,0,0,0
03:12:45,99.28887983837691,0,0,0
03:12:46,99.2820026401296,0,0,0
03:12:47,99.28620041048836,0,0,0
03:12:48,99.284950010807,0,0,0
03:12:49,99.27637584156363,0,0,0
03:12:50,99.27101698578652,0,0,0
03:12:51,99.27637584156363,0,0,0
03:12:52,99.27816212682266,0,0,0
03:12:53,99.28173469734074,0,0,0
03:12:54,99.28709355311788,0,0,0
03:12:55,99.27280327104556,0,0,0
03:12:56,99.27101698578652,0,0,0
03:12:57,99.25317199604872,0,0,0
03:12:58,99.25317199604872,0,0,0
03:12:59,99.26029927423228,0,0,0
03:13:00,99.25315413319612,0,0,0
03:13:01,99.2370954287174,0,0,0
03:13:02,99.25315413319612,0,0,0
03:13:03,99.24952797412028,0,0,0
03:13:04,99.23738123435884,0,0,0
03:13:05,99.23357644675708,0,0,0
03:13:06,99.23357644675708,0,0,0
03:13:07,99.2281461395696,0,0,0
03:13:08,99.22635985431056,0,0,0
03:13:09,99.2281461395696,0,0,0
03:13:10,99.22993242482865,0,0,0
03:13:11,99.22993242482865,0,0,0
03:13:12,99.22457356905151,0,0,0
03:13:13,99.23350499534672,0,0,0
03:13:14,99.2281461395696,0,0,0
03:13:15,99.2281461395696,0,0,0
03:13:16,99.2281461395696,0,0,0
03:13:17,99.22189414116298,0,0,0
03:13:18,99.22100099853346,0,0,0
03:13:19,99.2084970017202,0,0,0
03:13:20,99.20492443120212,0,0,0
03:13:21,99.20135186068404,0,0,0
03:13:22,99.1906341491298,0,0,0
03:13:23,99.1906341491298,0,0,0
03:13:24,99.19599300490692,0,0,0
03:13:25,99.19599300490692,0,0,0
03:13:26,99.19599300490692,0,0,0
03:13:27,99.22457356905151,0,0,0
03:13:28,99.21653528538585,0,0,0
03:13:29,99.2370775658648,0,0,0
03:13:30,99.21742842801538,0,0,0
03:13:31,99.22457356905151,0,0,0
03:13:32,99.2227872837925,0,0,0
03:13:33,99.22319812940208,0,0,0
03:13:34,99.2218584154578,0,0,0
03:13:35,99.2218584154578,0,0,0
03:13:36,99.21742842801538,0,0,0
03:13:37,99.226341991458,0,0,0
03:13:38,99.2227872837925,0,0,0
03:13:39,99.21564214275632,0,0,0
03:13:40,99.21921471327444,0,0,0
03:13:41,99.21921471327444,0,0,0
03:13:42,99.2138558574973,0,0,0
03:13:43,99.21921471327444,0,0,0
03:13:44,99.22635985431056,0,0,0
03:13:45,99.2227872837925,0,0,0
03:13:46,99.2227872837925,0,0,0
03:13:47,99.2227872837925,0,0,0
03:13:48,99.21921471327444,0,0,0
03:13:49,99.21564214275632,0,0,0
03:13:50,99.21742842801538,0,0,0
03:13:51,99.20492443120212,0,0,0
03:13:52,99.20135186068404,0,0,0
03:13:53,99.20135186068404,0,0,0
03:13:54,99.1906341491298,0,0,0
03:13:55,99.1906341491298,0,0,0
03:13:56,99.18884786387076,0,0,0
03:13:57,99.18348900809364,0,0,0
03:13:58,99.1799164375756,0,0,0
03:13:59,99.18672218441252,0,0,0
03:14:00,99.19152729175931,0,0,0
03:14:01,99.18856205822932,0,0,0
03:14:02,99.1799164375756,0,0,0
03:14:03,99.18348900809364,0,0,0
03:14:04,99.1817205856872,0,0,0
03:14:05,99.18670432155992,0,0,0
03:14:06,99.19599300490692,0,0,0
03:14:07,99.20313814594309,0,0,0
03:14:08,99.19867243279548,0,0,0
03:14:09,99.19777929016595,0,0,0
03:14:10,99.2084970017202,0,0,0
03:14:11,99.20315600879566,0,0,0
03:14:12,99.20315600879566,0,0,0
03:14:13,99.20492443120212,0,0,0
03:14:14,99.20492443120212,0,0,0
03:14:15,99.20492443120212,0,0,0
03:14:16,99.20492443120212,0,0,0
03:14:17,99.20492443120212,0,0,0
03:14:18,99.20492443120212,0,0,0
03:14:19,99.21564214275632,0,0,0
03:14:20,99.21653528538585,0,0,0
03:14:21,99.21653528538585,0,0,0
03:14:22,99.21206957223824,0,0,0
03:14:23,99.2138558574973,0,0,0
03:14:24,99.22635985431056,0,0,0
03:14:25,99.22635985431056,0,0,0
03:14:26,99.21210529794344,0,0,0
03:14:27,99.2103011498318,0,0,0
03:14:28,99.2103011498318,0,0,0
03:14:29,99.23350499534672,0,0,0
03:14:30,99.23350499534672,0,0,0
03:14:31,99.22457356905151,0,0,0
03:14:32,99.22457356905151,0,0,0
03:14:33,99.22993242482865,0,0,0
03:14:34,99.24243642164193,0,0,0
03:14:35,99.24774168886124,0,0,0
03:14:36,99.26387184475038,0,0,0
03:14:37,99.27816212682266,0,0,0
03:14:38,99.27637584156363,0,0,0
03:14:39,99.28530726785884,0,0,0
03:14:40,99.27816212682266,0,0,0
03:14:41,99.27557201319706,0,0,0
03:14:42,99.26744441526844,0,0,0
03:14:43,99.26387184475038,0,0,0
03:14:44,99.26387184475038,0,0,0
03:14:45,99.2513678479371,0,0,0
03:14:46,99.2513678479371,0,0,0
03:14:47,99.24065013638288,0,0,0
03:14:48,99.24600899216,0,0,0
03:14:49,99.24600899216,0,0,0
03:14:50,99.2370775658648,0,0,0
03:14:51,99.22010785590396,0,0,0
03:14:52,99.21921471327444,0,0,0
03:14:53,99.22457356905151,0,0,0
03:14:54,99.21921471327444,0,0,0
03:14:55,99.23082556745815,0,0,0
03:14:56,99.23171871008768,0,0,0
03:14:57,99.23171871008768,0,0,0
03:14:58,99.23171871008768,0,0,0
03:14:59,99.22993242482865,0,0,0
03:15:00,99.23529128060576,0,0,0
03:15:01,99.22903928219912,0,0,0
03:15:02,99.22859271088436,0,0,0
03:15:03,99.22864629944212,0,0,0
03:15:04,99.22457356905151,0,0,0
03:15:05,99.21921471327444,0,0,0
03:15:06,99.21742842801538,0,0,0
03:15:07,99.21921471327444,0,0,0
03:15:08,99.22457356905151,0,0,0
03:15:09,99.22305522658137,0,0,0
03:15:10,99.24065013638288,0,0,0
03:15:11,99.24065013638288,0,0,0
03:15:12,99.24243642164193,0,0,0
03:15:13,99.22694932844604,0,0,0
03:15:14,99.22010785590396,0,0,0
03:15:15,99.21742842801538,0,0,0
03:15:16,99.21921471327444,0,0,0
03:15:17,99.21921471327444,0,0,0
03:15:18,99.21742842801538,0,0,0
03:15:19,99.21028328697922,0,0,0
03:15:20,99.20492443120212,0,0,0
03:15:21,99.2084970017202,0,0,0
03:15:22,99.19776142731337,0,0,0
03:15:23,99.19108072044456,0,0,0
03:15:24,99.19777929016595,0,0,0
03:15:25,99.19420671964788,0,0,0
03:15:26,99.19242043438884,0,0,0
03:15:27,99.19420671964788,0,0,0
03:15:28,99.19777929016595,0,0,0
03:15:29,99.20313814594309,0,0,0
03:15:30,99.19420671964788,0,0,0
03:15:31,99.18795472124124,0,0,0
03:15:32,99.18795472124124,0,0,0
03:15:33,99.199565575425,0,0,0
03:15:34,99.199565575425,0,0,0
03:15:35,99.20671071646116,0,0,0
03:15:36,99.2227872837925,0,0,0
03:15:37,99.2227872837925,0,0,0
03:15:38,99.21028328697922,0,0,0
03:15:39,99.2084970017202,0,0,0
03:15:40,99.21028328697922,0,0,0
03:15:41,99.21206957223824,0,0,0
03:15:42,99.2084970017202,0,0,0
03:15:43,99.21028328697922,0,0,0
03:15:44,99.19599300490692,0,0,0
03:15:45,99.1906341491298,0,0,0
03:15:46,99.1906341491298,0,0,0
03:15:47,99.1906341491298,0,0,0
03:15:48,99.19242043438884,0,0,0
03:15:49,99.19242043438884,0,0,0
03:15:50,99.19422458250048,0,0,0
03:15:51,99.199565575425,0,0,0
03:15:52,99.199565575425,0,0,0
03:15:53,99.199565575425,0,0,0
03:15:54,99.199565575425,0,0,0
03:15:55,99.199565575425,0,0,0
03:15:56,99.19242043438884,0,0,0
03:15:57,99.19242043438884,0,0,0
03:15:58,99.20135186068404,0,0,0
03:15:59,99.18884786387076,0,0,0
03:16:00,99.1906341491298,0,0,0
03:16:01,99.19420671964788,0,0,0
03:16:02,99.19688614753645,0,0,0
03:16:03,99.20313814594309,0,0,0
03:16:04,99.20313814594309,0,0,0
03:16:05,99.1906341491298,0,0,0
03:16:06,99.199565575425,0,0,0
03:16:07,99.20313814594309,0,0,0
03:16:08,99.19777929016595,0,0,0
03:16:09,99.19777929016595,0,0,0
03:16:10,99.19777929016595,0,0,0
03:16:11,99.20135186068404,0,0,0
03:16:12,99.18795472124124,0,0,0
03:16:13,99.18348900809364,0,0,0
03:16:14,99.1906341491298,0,0,0
03:16:15,99.16562615550326,0,0,0
03:16:16,99.16919872602134,0,0,0
03:16:17,99.17813015231654,0,0,0
03:16:18,99.1817027228346,0,0,0
03:16:19,99.16919872602134,0,0,0
03:16:20,99.16919872602134,0,0,0
03:16:21,99.1629824533199,0,0,0
03:16:22,99.16294672761472,0,0,0
03:16:23,99.16562615550326,0,0,0
03:16:24,99.16385773309682,0,0,0
03:16:25,99.199565575425,0,0,0
03:16:26,99.1906341491298,0,0,0
03:16:27,99.18527529335267,0,0,0
03:16:28,99.18706157861172,0,0,0
03:16:29,99.18527529335267,0,0,0
03:16:30,99.19599300490692,0,0,0
03:16:31,99.1817027228346,0,0,0
03:16:32,99.1817027228346,0,0,0
03:16:33,99.22100099853346,0,0,0
03:16:34,99.23511265207983,0,0,0
03:16:35,99.22100099853346,0,0,0
03:16:36,99.2138558574973,0,0,0
03:16:37,99.2138558574973,0,0,0
03:16:38,99.22725299694008,0,0,0
03:16:39,99.2138558574973,0,0,0
03:16:40,99.21206957223824,0,0,0
03:16:41,99.21564214275632,0,0,0
03:16:42,99.21206957223824,0,0,0
03:16:43,99.21206957223824,0,0,0
03:16:44,99.22457356905151,0,0,0
03:16:45,99.22457356905151,0,0,0
03:16:46,99.2192504389796,0,0,0
03:16:47,99.21742842801538,0,0,0
03:16:48,99.21564214275632,0,0,0
03:16:49,99.21564214275632,0,0,0
03:16:50,99.21028328697922,0,0,0
03:16:51,99.21742842801538,0,0,0
03:16:52,99.21206957223824,0,0,0
03:16:53,99.21742842801538,0,0,0
03:16:54,99.21582077128224,0,0,0
03:16:55,99.21582077128224,0,0,0
03:16:56,99.21582077128224,0,0,0
03:16:57,99.2040312885726,0,0,0
03:16:58,99.2138558574973,0,0,0
03:16:59,99.21206957223824,0,0,0
03:17:00,99.22993242482865,0,0,0
03:17:01,99.2227872837925,0,0,0
03:17:02,99.23171871008768,0,0,0
03:17:03,99.24422270690096,0,0,0
03:17:04,99.23886385112382,0,0,0
03:17:05,99.22635985431056,0,0,0
03:17:06,99.22280514664509,0,0,0
03:17:07,99.22457356905151,0,0,0
03:17:08,99.23350499534672,0,0,0
03:17:09,99.23350499534672,0,0,0
03:17:10,99.23529128060576,0,0,0
03:17:11,99.23529128060576,0,0,0
03:17:12,99.2370775658648,0,0,0
03:17:13,99.2281461395696,0,0,0
03:17:14,99.22457356905151,0,0,0
03:17:15,99.21742842801538,0,0,0
03:17:16,99.21564214275632,0,0,0
03:17:17,99.21206957223824,0,0,0
03:17:18,99.21206957223824,0,0,0
03:17:19,99.21206957223824,0,0,0
03:17:20,99.21206957223824,0,0,0
03:17:21,99.22100099853346,0,0,0
03:17:22,99.22457356905151,0,0,0
03:17:23,99.21117642960874,0,0,0
03:17:24,99.21199812082789,0,0,0
03:17:25,99.2084970017202,0,0,0
03:17:26,99.21117642960874,0,0,0
03:17:27,99.20492443120212,0,0,0
03:17:28,99.20313814594309,0,0,0
03:17:29,99.21206957223824,0,0,0
03:17:30,99.21206957223824,0,0,0
03:17:31,99.21921471327444,0,0,0
03:17:32,99.21028328697922,0,0,0
03:17:33,99.2138558574973,0,0,0
03:17:34,99.2138558574973,0,0,0
03:17:35,99.20313814594309,0,0,0
03:17:36,99.22635985431056,0,0,0
03:17:37,99.22635985431056,0,0,0
03:17:38,99.23529128060576,0,0,0
03:17:39,99.23171871008768,0,0,0
03:17:40,99.2370775658648,0,0,0
03:17:41,99.2370775658648,0,0,0
03:17:42,99.24065013638288,0,0,0
03:17:43,99.24600899216,0,0,0
03:17:44,99.23529128060576,0,0,0
03:17:45,99.22635985431056,0,0,0
03:17:46,99.21206957223824,0,0,0
03:17:47,99.21028328697922,0,0,0
03:17:48,99.21028328697922,0,0,0
03:17:49,99.21028328697922,0,0,0
03:17:50,99.2281461395696,0,0,0
03:17:51,99.23886385112382,0,0,0
03:17:52,99.23886385112382,0,0,0
03:17:53,99.22635985431056,0,0,0
03:17:54,99.24243642164193,0,0,0
03:17:55,99.22635985431056,0,0,0
03:17:56,99.22457356905151,0,0,0
03:17:57,99.23350499534672,0,0,0
03:17:58,99.22896783078876,0,0,0
03:17:59,99.22896783078876,0,0,0
03:18:00,99.21564214275632,0,0,0
03:18:01,99.21564214275632,0,0,0
03:18:02,99.22993242482865,0,0,0
03:18:03,99.2227872837925,0,0,0
03:18:04,99.2227872837925,0,0,0
03:18:05,99.2227872837925,0,0,0
03:18:06,99.23529128060576,0,0,0
03:18:07,99.23171871008768,0,0,0
03:18:08,99.23529128060576,0,0,0
03:18:09,99.24779527741904,0,0,0
03:18:10,99.2370775658648,0,0,0
03:18:11,99.23350499534672,0,0,0
03:18:12,99.22635985431056,0,0,0
03:18:13,99.22635985431056,0,0,0
03:18:14,99.23888171397644,0,0,0
03:18:15,99.25404727582566,0,0,0
03:18:16,99.2567267037142,0,0,0
03:18:17,99.25315413319612,0,0,0
03:18:18,99.2656581300094,0,0,0
03:18:19,99.27280327104556,0,0,0
03:18:20,99.27280327104556,0,0,0
03:18:21,99.2745895563046,0,0,0
03:18:22,99.27101698578652,0,0,0
03:18:23,99.2656581300094,0,0,0
03:18:24,99.27994841208172,0,0,0
03:18:25,99.28352098259978,0,0,0
03:18:26,99.28352098259978,0,0,0
03:18:27,99.28173469734074,0,0,0
03:18:28,99.28887983837691,0,0,0
03:18:29,99.28784379292668,0,0,0
03:18:30,99.27994841208172,0,0,0
03:18:31,99.2745895563046,0,0,0
03:18:32,99.2745895563046,0,0,0
03:18:33,99.2745895563046,0,0,0
03:18:34,99.2745895563046,0,0,0
03:18:35,99.24422270690096,0,0,0
03:18:36,99.24958156267806,0,0,0
03:18:37,99.24958156267806,0,0,0
03:18:38,99.24422270690096,0,0,0
03:18:39,99.24422270690096,0,0,0
03:18:40,99.24422270690096,0,0,0
03:18:41,99.24422270690096,0,0,0
03:18:42,99.25317199604872,0,0,0
03:18:43,99.25851298897324,0,0,0
03:18:44,99.25851298897324,0,0,0
03:18:45,99.24958156267806,0,0,0
03:18:46,99.24956369982549,0,0,0
03:18:47,99.24963515123584,0,0,0
03:18:48,99.24963515123584,0,0,0
03:18:49,99.25851298897324,0,0,0
03:18:50,99.24958156267806,0,0,0
03:18:51,99.24958156267806,0,0,0
03:18:52,99.24958156267806,0,0,0
03:18:53,99.24065013638288,0,0,0
03:18:54,99.24779527741904,0,0,0
03:18:55,99.2513678479371,0,0,0
03:18:56,99.24958156267806,0,0,0
03:18:57,99.24958156267806,0,0,0
03:18:58,99.2567267037142,0,0,0
03:18:59,99.2567267037142,0,0,0
03:19:00,99.25315413319612,0,0,0
03:19:01,99.25851298897324,0,0,0
03:19:02,99.25851298897324,0,0,0
03:19:03,99.25851298897324,0,0,0
03:19:04,99.25851298897324,0,0,0
03:19:05,99.2370954287174,0,0,0
03:19:06,99.2281461395696,0,0,0
03:19:07,99.23439813797624,0,0,0
03:19:08,99.23886385112382,0,0,0
03:19:09,99.2370775658648,0,0,0
03:19:10,99.2370775658648,0,0,0
03:19:11,99.2370775658648,0,0,0
03:19:12,99.2138558574973,0,0,0
03:19:13,99.21564214275632,0,0,0
03:19:14,99.2138558574973,0,0,0
03:19:15,99.21206957223824,0,0,0
03:19:16,99.19777929016595,0,0,0
03:19:17,99.21206957223824,0,0,0
03:19:18,99.22368042642202,0,0,0
03:19:19,99.22993242482865,0,0,0
03:19:20,99.22993242482865,0,0,0
03:19:21,99.22993242482865,0,0,0
03:19:22,99.22869988799992,0,0,0
03:19:23,99.2281461395696,0,0,0
03:19:24,99.2281461395696,0,0,0
03:19:25,99.2281461395696,0,0,0
03:19:26,99.25315413319612,0,0,0
03:19:27,99.24958156267806,0,0,0
03:19:28,99.24065013638288,0,0,0
03:19:29,99.23529128060576,0,0,0
03:19:30,99.24243642164193,0,0,0
03:19:31,99.24779527741904,0,0,0
03:19:32,99.24416911834318,0,0,0
03:19:33,99.24416911834318,0,0,0
03:19:34,99.24416911834318,0,0,0
03:19:35,99.24416911834318,0,0,0
03:19:36,99.24416911834318,0,0,0
03:19:37,99.24416911834318,0,0,0
03:19:38,99.24243642164193,0,0,0
03:19:39,99.2370775658648,0,0,0
03:19:40,99.22280514664509,0,0,0
03:19:41,99.22991456197606,0,0,0
03:19:42,99.24065013638288,0,0,0
03:19:43,99.23886385112382,0,0,0
03:19:44,99.23886385112382,0,0,0
03:19:45,99.23529128060576,0,0,0
03:19:46,99.23529128060576,0,0,0
03:19:47,99.2370775658648,0,0,0
03:19:48,99.2370775658648,0,0,0
03:19:49,99.2227872837925,0,0,0
03:19:50,99.2227872837925,0,0,0
03:19:51,99.22010785590396,0,0,0
03:19:52,99.21208743509088,0,0,0
03:19:53,99.21206957223824,0,0,0
03:19:54,99.20492443120212,0,0,0
03:19:55,99.20313814594309,0,0,0
03:19:56,99.20313814594309,0,0,0
03:19:57,99.20492443120212,0,0,0
03:19:58,99.21028328697922,0,0,0
03:19:59,99.21921471327444,0,0,0
03:20:00,99.21921471327444,0,0,0
03:20:01,99.21564214275632,0,0,0
03:20:02,99.22635985431056,0,0,0
03:20:03,99.24422270690096,0,0,0
03:20:04,99.24065013638288,0,0,0
03:20:05,99.2370775658648,0,0,0
03:20:06,99.2370775658648,0,0,0
03:20:07,99.25494041845518,0,0,0
03:20:08,99.2489384999848,0,0,0
03:20:09,99.25315413319612,0,0,0
03:20:10,99.2656581300094,0,0,0
03:20:11,99.27994841208172,0,0,0
03:20:12,99.2656581300094,0,0,0
03:20:13,99.2656581300094,0,0,0
03:20:14,99.26037072564264,0,0,0
03:20:15,99.2656581300094,0,0,0
03:20:16,99.27780486977088,0,0,0
03:20:17,99.27101698578652,0,0,0
03:20:18,99.27101698578652,0,0,0
03:20:19,99.26029927423228,0,0,0
03:20:20,99.2513678479371,0,0,0
03:20:21,99.24600899216,0,0,0
03:20:22,99.25494041845518,0,0,0
03:20:23,99.25494041845518,0,0,0
03:20:24,99.25494041845518,0,0,0
03:20:25,99.25851298897324,0,0,0
03:20:26,99.25851298897324,0,0,0
03:20:27,99.25851298897324,0,0,0
03:20:28,99.26744441526844,0,0,0
03:20:29,99.26744441526844,0,0,0
03:20:30,99.26744441526844,0,0,0
03:20:31,99.27637584156363,0,0,0
03:20:32,99.27637584156363,0,0,0
03:20:33,99.26029927423228,0,0,0
03:20:34,99.25315413319612,0,0,0
03:20:35,99.26029927423228,0,0,0
03:20:36,99.24958156267806,0,0,0
03:20:37,99.24777741456644,0,0,0
03:20:38,99.2513678479371,0,0,0
03:20:39,99.2370775658648,0,0,0
03:20:40,99.24600899216,0,0,0
03:20:41,99.24600899216,0,0,0
03:20:42,99.24600899216,0,0,0
03:20:43,99.24600899216,0,0,0
03:20:44,99.24600899216,0,0,0
03:20:45,99.24424056975354,0,0,0
03:20:46,99.24424056975354,0,0,0
03:20:47,99.24600899216,0,0,0
03:20:48,99.24779527741904,0,0,0
03:20:49,99.24243642164193,0,0,0
03:20:50,99.2370775658648,0,0,0
03:20:51,99.2370775658648,0,0,0
03:20:52,99.24243642164193,0,0,0
03:20:53,99.24243642164193,0,0,0
03:20:54,99.24065013638288,0,0,0
03:20:55,99.25494041845518,0,0,0
03:20:56,99.26029927423228,0,0,0
03:20:57,99.2567267037142,0,0,0
03:20:58,99.2513678479371,0,0,0
03:20:59,99.2513678479371,0,0,0
03:21:00,99.26744441526844,0,0,0
03:21:01,99.28173469734074,0,0,0
03:21:02,99.2745895563046,0,0,0
03:21:03,99.2745895563046,0,0,0
03:21:04,99.27994841208172,0,0,0
03:21:05,99.26744441526844,0,0,0
03:21:06,99.265675992862,0,0,0
03:21:07,99.27280327104556,0,0,0
03:21:08,99.26744441526844,0,0,0
03:21:09,99.26923070052749,0,0,0
03:21:10,99.25851298897324,0,0,0
03:21:11,99.25851298897324,0,0,0
03:21:12,99.24422270690096,0,0,0
03:21:13,99.22457356905151,0,0,0
03:21:14,99.21564214275632,0,0,0
03:21:15,99.21028328697922,0,0,0
03:21:16,99.21206957223824,0,0,0
03:21:17,99.2084970017202,0,0,0
03:21:18,99.21206957223824,0,0,0
03:21:19,99.21028328697922,0,0,0
03:21:20,99.2138558574973,0,0,0
03:21:21,99.2138558574973,0,0,0
03:21:22,99.22100099853346,0,0,0
03:21:23,99.22457356905151,0,0,0
03:21:24,99.22457356905151,0,0,0
03:21:25,99.22457356905151,0,0,0
03:21:26,99.20135186068404,0,0,0
03:21:27,99.20135186068404,0,0,0
03:21:28,99.20135186068404,0,0,0
03:21:29,99.19420671964788,0,0,0
03:21:30,99.1817027228346,0,0,0
03:21:31,99.18706157861172,0,0,0
03:21:32,99.18438215072317,0,0,0
03:21:33,99.18438215072317,0,0,0
03:21:34,99.18348900809364,0,0,0
03:21:35,99.18348900809364,0,0,0
03:21:36,99.19777929016595,0,0,0
03:21:37,99.20671071646116,0,0,0
03:21:38,99.2040312885726,0,0,0
03:21:39,99.2040312885726,0,0,0
03:21:40,99.20671071646116,0,0,0
03:21:41,99.20135186068404,0,0,0
03:21:42,99.20135186068404,0,0,0
03:21:43,99.18884786387076,0,0,0
03:21:44,99.17634386705753,0,0,0
03:21:45,99.17813015231654,0,0,0
03:21:46,99.18527529335267,0,0,0
03:21:47,99.18527529335267,0,0,0
03:21:48,99.19420671964788,0,0,0
03:21:49,99.18527529335267,0,0,0
03:21:50,99.1817027228346,0,0,0
03:21:51,99.18706157861172,0,0,0
03:21:52,99.19242043438884,0,0,0
03:21:53,99.19242043438884,0,0,0
03:21:54,99.19242043438884,0,0,0
03:21:55,99.19420671964788,0,0,0
03:21:56,99.20492443120212,0,0,0
03:21:57,99.19599300490692,0,0,0
03:21:58,99.19599300490692,0,0,0
03:21:59,99.20135186068404,0,0,0
03:22:00,99.1799164375756,0,0,0
03:22:01,99.1837569508825,0,0,0
03:22:02,99.1837569508825,0,0,0
03:22:03,99.1799164375756,0,0,0
03:22:04,99.17634386705753,0,0,0
03:22:05,99.16919872602134,0,0,0
03:22:06,99.16026729972616,0,0,0
03:22:07,99.16651929813278,0,0,0
03:22:08,99.16919872602134,0,0,0
03:22:09,99.16383987024425,0,0,0
03:22:10,99.17634386705753,0,0,0
03:22:11,99.16026729972616,0,0,0
03:22:12,99.14240444713576,0,0,0
03:22:13,99.12275530928636,0,0,0
03:22:14,99.12275530928636,0,0,0
03:22:15,99.10667874195502,0,0,0
03:22:16,99.0959610304008,0,0,0
03:22:17,99.10310617143692,0,0,0
03:22:18,99.1156101682502,0,0,0
03:22:19,99.1102513124731,0,0,0
03:22:20,99.11739645350924,0,0,0
03:22:21,99.10667874195502,0,0,0
03:22:22,99.09238845988271,0,0,0
03:22:23,99.10310617143692,0,0,0
03:22:24,99.11203759773213,0,0,0
03:22:25,99.10131988617788,0,0,0
03:22:26,99.07452560729232,0,0,0
03:22:27,99.07095303677424,0,0,0
03:22:28,99.07095303677424,0,0,0
03:22:29,99.06738046625618,0,0,0
03:22:30,99.05666275470192,0,0,0
03:22:31,99.07095303677424,0,0,0
03:22:32,99.07273932203329,0,0,0
03:22:33,99.06202161047906,0,0,0
03:22:34,99.05576961207242,0,0,0
03:22:35,99.03879990211158,0,0,0
03:22:36,99.02093704952118,0,0,0
03:22:37,99.0212764437204,0,0,0
03:22:38,99.02093704952118,0,0,0
03:22:39,99.02091918666858,0,0,0
03:22:40,99.0173644790031,0,0,0
03:22:41,99.01915076426216,0,0,0
03:22:42,99.01557819374403,0,0,0
03:22:43,99.0128987658555,0,0,0
03:22:44,99.01021933796694,0,0,0
03:22:45,99.02272333478022,0,0,0
03:22:46,99.0316547610754,0,0,0
03:22:47,99.0316547610754,0,0,0
03:22:48,99.02272333478022,0,0,0
03:22:49,99.03344104633445,0,0,0
03:22:50,99.03122605261323,0,0,0
03:22:51,99.02450962003924,0,0,0
03:22:52,99.0128987658555,0,0,0
03:22:53,99.0173466161505,0,0,0
03:22:54,99.012005623226,0,0,0
03:22:55,99.012005623226,0,0,0
03:22:56,99.01021933796694,0,0,0
03:22:57,99.012005623226,0,0,0
03:22:58,99.01557819374403,0,0,0
03:22:59,99.01021933796694,0,0,0
03:23:00,99.0173644790031,0,0,0
03:23:01,99.04773132840675,0,0,0
03:23:02,99.02808219055731,0,0,0
03:23:03,99.02986847581636,0,0,0
03:23:04,99.02272333478022,0,0,0
03:23:05,98.9977153411537,0,0,0
03:23:06,98.98549714998188,0,0,0
03:23:07,98.99235648537656,0,0,0
03:23:08,98.99235648537656,0,0,0
03:23:09,98.98431820171088,0,0,0
03:23:10,98.98837306924892,0,0,0
03:23:11,98.99592905589463,0,0,0
03:23:12,98.98699762959944,0,0,0
03:23:13,98.99414277063562,0,0,0
03:23:14,98.99235648537656,0,0,0
03:23:15,99.0045568136958,0,0,0
03:23:16,99.00486048218984,0,0,0
03:23:17,99.01021933796694,0,0,0
03:23:18,99.02093704952118,0,0,0
03:23:19,99.03878203925896,0,0,0
03:23:20,99.03804966230275,0,0,0
03:23:21,99.04415875788868,0,0,0
03:23:22,99.02093704952118,0,0,0
03:23:23,99.02450962003924,0,0,0
03:23:24,99.02093704952118,0,0,0
03:23:25,99.03520946874087,0,0,0
03:23:26,99.02986847581636,0,0,0
03:23:27,99.03344104633445,0,0,0
03:23:28,99.04594504314773,0,0,0
03:23:29,99.02808219055731,0,0,0
03:23:30,99.0316547610754,0,0,0
03:23:31,99.04415875788868,0,0,0
03:23:32,99.05130389892484,0,0,0
03:23:33,99.04237247262964,0,0,0
03:23:34,99.04594504314773,0,0,0
03:23:35,99.05664489184934,0,0,0
03:23:36,99.05130389892484,0,0,0
03:23:37,99.04773132840675,0,0,0
03:23:38,99.04773132840675,0,0,0
03:23:39,99.0548764694429,0,0,0
03:23:40,99.05130389892484,0,0,0
03:23:41,99.0316547610754,0,0,0
03:23:42,99.02093704952118,0,0,0
03:23:43,99.02450962003924,0,0,0
03:23:44,99.02808219055731,0,0,0
03:23:45,99.03790675948204,0,0,0
03:23:46,99.0450519005182,0,0,0
03:23:47,99.04948188796062,0,0,0
03:23:48,99.04594504314773,0,0,0
03:23:49,99.04415875788868,0,0,0
03:23:50,99.04415875788868,0,0,0
03:23:51,99.04415875788868,0,0,0
03:23:52,99.02272333478022,0,0,0
03:23:53,99.02450962003924,0,0,0
03:23:54,99.02808219055731,0,0,0
03:23:55,99.05596610345091,0,0,0
03:23:56,99.05309018418386,0,0,0
03:23:57,99.04951761366578,0,0,0
03:23:58,99.04951761366578,0,0,0
03:23:59,99.06559418099714,0,0,0
03:24:00,99.06559418099714,0,0,0
03:24:01,99.06380789573812,0,0,0
03:24:02,99.06380789573812,0,0,0
03:24:03,99.07273932203329,0,0,0
03:24:04,99.06380789573812,0,0,0
03:24:05,99.09238845988271,0,0,0
03:24:06,99.09960505232922,0,0,0
03:24:07,99.11203759773213,0,0,0
03:24:08,99.14061816187672,0,0,0
03:24:09,99.12990045032252,0,0,0
03:24:10,99.11739645350924,0,0,0
03:24:11,99.11382388299116,0,0,0
03:24:12,99.1145383970948,0,0,0
03:24:13,99.1145383970948,0,0,0
03:24:14,99.11382388299116,0,0,0
03:24:15,99.10846502721404,0,0,0
03:24:16,99.09953360091885,0,0,0
03:24:17,99.10489245669596,0,0,0
03:24:18,99.08881588936464,0,0,0
03:24:19,99.08881588936464,0,0,0
03:24:20,99.09774731565982,0,0,0
03:24:21,99.09060217462368,0,0,0
03:24:22,99.09067362603405,0,0,0
03:24:23,99.0979795327435,0,0,0
03:24:24,99.0959610304008,0,0,0
03:24:25,99.09953360091885,0,0,0
03:24:26,99.09417474514174,0,0,0
03:24:27,99.09238845988271,0,0,0
03:24:28,99.09953360091885,0,0,0
03:24:29,99.09953360091885,0,0,0
03:24:30,99.10667874195502,0,0,0
03:24:31,99.10935816984356,0,0,0
03:24:32,99.0959610304008,0,0,0
03:24:33,99.0959610304008,0,0,0
03:24:34,99.0951929277394,0,0,0
03:24:35,99.0959610304008,0,0,0
03:24:36,99.0959610304008,0,0,0
03:24:37,99.0959610304008,0,0,0
03:24:38,99.0959610304008,0,0,0
03:24:39,99.10131988617788,0,0,0
03:24:40,99.1156101682502,0,0,0
03:24:41,99.10489245669596,0,0,0
03:24:42,99.10489245669596,0,0,0
03:24:43,99.11203759773213,0,0,0
03:24:44,99.1245415945454,0,0,0
03:24:45,99.1245415945454,0,0,0
03:24:46,99.12275530928636,0,0,0
03:24:47,99.11739645350924,0,0,0
03:24:48,99.12811416506348,0,0,0
03:24:49,99.12811416506348,0,0,0
03:24:50,99.12364845191588,0,0,0
03:24:51,99.09242418558787,0,0,0
03:24:52,99.08881588936464,0,0,0
03:24:53,99.09060217462368,0,0,0
03:24:54,99.09417474514174,0,0,0
03:24:55,99.09060217462368,0,0,0
03:24:56,99.09774731565982,0,0,0
03:24:57,99.09060217462368,0,0,0
03:24:58,99.09238845988271,0,0,0
03:24:59,99.07988446306943,0,0,0
03:25:00,99.08167074832846,0,0,0
03:25:01,99.08522545599396,0,0,0
03:25:02,99.082563890958,0,0,0
03:25:03,99.08167074832846,0,0,0
03:25:04,99.10489245669596,0,0,0
03:25:05,99.11203759773213,0,0,0
03:25:06,99.1066608791024,0,0,0
03:25:07,99.10310617143692,0,0,0
03:25:08,99.10310617143692,0,0,0
03:25:09,99.10667874195502,0,0,0
03:25:10,99.09265640267157,0,0,0
03:25:11,99.09774731565982,0,0,0
03:25:12,99.09417474514174,0,0,0
03:25:13,99.09417474514174,0,0,0
03:25:14,99.09417474514174,0,0,0
03:25:15,99.0691667515152,0,0,0
03:25:16,99.06738046625618,0,0,0
03:25:17,99.06202161047906,0,0,0
03:25:18,99.05309018418386,0,0,0
03:25:19,99.06200374762646,0,0,0
03:25:20,99.05727009169,0,0,0
03:25:21,99.06202161047906,0,0,0
03:25:22,99.06738046625618,0,0,0
03:25:23,99.06738046625618,0,0,0
03:25:24,99.06470103836762,0,0,0
03:25:25,99.06559418099714,0,0,0
03:25:26,99.06559418099714,0,0,0
03:25:27,99.06738046625618,0,0,0
03:25:28,99.06380789573812,0,0,0
03:25:29,99.0629147531086,0,0,0
03:25:30,99.05576961207242,0,0,0
03:25:31,99.06023532522,0,0,0
03:25:32,99.0629147531086,0,0,0
03:25:33,99.06559418099714,0,0,0
03:25:34,99.07452560729232,0,0,0
03:25:35,99.07947361745984,0,0,0
03:25:36,99.07273932203329,0,0,0
03:25:37,99.06914888866262,0,0,0
03:25:38,99.05130389892484,0,0,0
03:25:39,99.04951761366578,0,0,0
03:25:40,99.03701361685252,0,0,0
03:25:41,99.03701361685252,0,0,0
03:25:42,99.02986847581636,0,0,0
03:25:43,99.02986847581636,0,0,0
03:25:44,99.02272333478022,0,0,0
03:25:45,99.02986847581636,0,0,0
03:25:46,99.02808219055731,0,0,0
03:25:47,99.03522733159348,0,0,0
03:25:48,99.02272333478022,0,0,0
03:25:49,99.0316547610754,0,0,0
03:25:50,99.0262959052983,0,0,0
03:25:51,99.02272333478022,0,0,0
03:25:52,99.02361647740976,0,0,0
03:25:53,99.02272333478022,0,0,0
03:25:54,99.02272333478022,0,0,0
03:25:55,99.01915076426216,0,0,0
03:25:56,99.02272333478022,0,0,0
03:25:57,99.01557819374403,0,0,0
03:25:58,99.01557819374403,0,0,0
03:25:59,99.02450962003924,0,0,0
03:26:00,99.01915076426216,0,0,0
03:26:01,99.0218301921507,0,0,0
03:26:02,99.02272333478022,0,0,0
03:26:03,98.98878391485847,0,0,0
03:26:04,99.0030741969308,0,0,0
03:26:05,98.99235648537656,0,0,0
03:26:06,98.99950162641272,0,0,0
03:26:07,98.99503591326514,0,0,0
03:26:08,98.9852113443404,0,0,0
03:26:09,98.98699762959944,0,0,0
03:26:10,98.97985248856332,0,0,0
03:26:11,98.9744936327862,0,0,0
03:26:12,98.98699762959944,0,0,0
03:26:13,98.9777803976628,0,0,0
03:26:14,98.97985248856332,0,0,0
03:26:15,98.97717306067474,0,0,0
03:26:16,98.96377592123196,0,0,0
03:26:17,98.93876792760544,0,0,0
03:26:18,98.9512719244187,0,0,0
03:26:19,98.93876792760544,0,0,0
03:26:20,98.93698164234638,0,0,0
03:26:21,98.93519535708737,0,0,0
03:26:22,98.93698164234638,0,0,0
03:26:23,98.91197364871984,0,0,0
03:26:24,98.91509964792316,0,0,0
03:26:25,98.9191009269034,0,0,0
03:26:26,98.91197364871984,0,0,0
03:26:27,98.90859756958028,0,0,0
03:26:28,98.90125593716562,0,0,0
03:26:29,98.88517936983428,0,0,0
03:26:30,98.89411079612948,0,0,0
03:26:31,98.90370314797052,0,0,0
03:26:32,98.91197364871984,0,0,0
03:26:33,98.91733250449695,0,0,0
03:26:34,98.91554621923792,0,0,0
03:26:35,98.91733250449695,0,0,0
03:26:36,98.93162278656928,0,0,0
03:26:37,98.92626393079216,0,0,0
03:26:38,98.92090507501504,0,0,0
03:26:39,98.91919024116636,0,0,0
03:26:40,98.91197364871984,0,0,0
03:26:41,98.9137242082737,0,0,0
03:26:42,98.90304222242465,0,0,0
03:26:43,98.91018736346082,0,0,0
03:26:44,98.90302435957209,0,0,0
03:26:45,98.91554621923792,0,0,0
03:26:46,98.91554621923792,0,0,0
03:26:47,98.91761831013842,0,0,0
03:26:48,98.9137599339789,0,0,0
03:26:49,98.90304222242465,0,0,0
03:26:50,98.91197364871984,0,0,0
03:26:51,98.90484637053628,0,0,0
03:26:52,98.9137599339789,0,0,0
03:26:53,98.89411079612948,0,0,0
03:26:54,98.89411079612948,0,0,0
03:26:55,98.89589708138853,0,0,0
03:26:56,98.89232451087044,0,0,0
03:26:57,98.88696565509332,0,0,0
03:26:58,98.89768336664754,0,0,0
03:26:59,98.89589708138853,0,0,0
03:27:00,98.90661479294276,0,0,0
03:27:01,98.91733250449695,0,0,0
03:27:02,98.9048285076837,0,0,0
03:27:03,98.90125593716562,0,0,0
03:27:04,98.90302435957209,0,0,0
03:27:05,98.895003938759,0,0,0
03:27:06,98.89321765349996,0,0,0
03:27:07,98.89679022401802,0,0,0
03:27:08,98.89589708138853,0,0,0
03:27:09,98.90679342146863,0,0,0
03:27:10,98.92894335868073,0,0,0
03:27:11,98.94144735549398,0,0,0
03:27:12,98.93519535708737,0,0,0
03:27:13,98.95752392282532,0,0,0
03:27:14,98.9711354164992,0,0,0
03:27:15,98.97270734752716,0,0,0
03:27:16,98.97047449095336,0,0,0
03:27:17,98.97415423858696,0,0,0
03:27:18,98.9744936327862,0,0,0
03:27:19,98.965562206491,0,0,0
03:27:20,98.96913477700906,0,0,0
03:27:21,98.96020335071388,0,0,0
03:27:22,98.965562206491,0,0,0
03:27:23,98.95931020808436,0,0,0
03:27:24,98.96198963597293,0,0,0
03:27:25,98.965562206491,0,0,0
03:27:26,98.965562206491,0,0,0
03:27:27,98.96645534912052,0,0,0
03:27:28,98.98342505908138,0,0,0
03:27:29,98.98342505908138,0,0,0
03:27:30,98.9852113443404,0,0,0
03:27:31,98.99592905589463,0,0,0
03:27:32,98.98878391485847,0,0,0
03:27:33,98.98610448696994,0,0,0
03:27:34,98.98699762959944,0,0,0
03:27:35,98.9852113443404,0,0,0
03:27:36,98.98878391485847,0,0,0
03:27:37,98.97985248856332,0,0,0
03:27:38,98.98342505908138,0,0,0
03:27:39,98.98342505908138,0,0,0
03:27:40,98.97956668292184,0,0,0
03:27:41,98.9744936327862,0,0,0
03:27:42,98.97627991804524,0,0,0
03:27:43,98.97627991804524,0,0,0
03:27:44,98.97736955205325,0,0,0
03:27:45,98.9744936327862,0,0,0
03:27:46,98.9744936327862,0,0,0
03:27:47,98.98163877382234,0,0,0
03:27:48,98.99235648537656,0,0,0
03:27:49,98.98342505908138,0,0,0
03:27:50,98.98878391485847,0,0,0
03:27:51,98.97270734752716,0,0,0
03:27:52,98.97515455833204,0,0,0
03:27:53,98.9741006500292,0,0,0
03:27:54,98.9709210622681,0,0,0
03:27:55,98.97717306067474,0,0,0
03:27:56,98.97627991804524,0,0,0
03:27:57,98.9852113443404,0,0,0
03:27:58,98.98344292193396,0,0,0
03:27:59,98.98342505908138,0,0,0
03:28:00,98.98878391485847,0,0,0
03:28:01,98.99950162641272,0,0,0
03:28:02,99.00664676744888,0,0,0
03:28:03,98.98878391485847,0,0,0
03:28:04,98.95752392282532,0,0,0
03:28:05,98.97090319941552,0,0,0
03:28:06,98.96736635460265,0,0,0
03:28:07,98.96799155444327,0,0,0
03:28:08,98.96734849175004,0,0,0
03:28:09,98.97090319941552,0,0,0
03:28:10,98.9709210622681,0,0,0
03:28:11,98.9709210622681,0,0,0
03:28:12,98.96020335071388,0,0,0
03:28:13,98.97270734752716,0,0,0
03:28:14,98.98163877382234,0,0,0
03:28:15,98.97270734752716,0,0,0
03:28:16,98.96734849175004,0,0,0
03:28:17,98.9744936327862,0,0,0
03:28:18,98.96915263986168,0,0,0
03:28:19,98.98074563119282,0,0,0
03:28:20,98.99414277063562,0,0,0
03:28:21,98.99160624556777,0,0,0
03:28:22,98.9887660520059,0,0,0
03:28:23,98.98699762959944,0,0,0
03:28:24,98.98878391485847,0,0,0
03:28:25,99.00486048218984,0,0,0
03:28:26,99.0030741969308,0,0,0
03:28:27,98.98878391485847,0,0,0
03:28:28,98.99146334274704,0,0,0
03:28:29,98.99235648537656,0,0,0
03:28:30,98.99414277063562,0,0,0
03:28:31,98.9977153411537,0,0,0
03:28:32,99.00239540853238,0,0,0
03:28:33,99.00914756681152,0,0,0
03:28:34,99.02093704952118,0,0,0
03:28:35,99.01472077681971,0,0,0
03:28:36,99.02272333478022,0,0,0
03:28:37,99.0173644790031,0,0,0
03:28:38,99.01915076426216,0,0,0
03:28:39,99.01915076426216,0,0,0
03:28:40,99.02450962003924,0,0,0
03:28:41,99.012005623226,0,0,0
03:28:42,99.012005623226,0,0,0
03:28:43,99.01915076426216,0,0,0
03:28:44,99.02272333478022,0,0,0
03:28:45,99.02450962003924,0,0,0
03:28:46,99.02450962003924,0,0,0
03:28:47,99.0316547610754,0,0,0
03:28:48,99.03326241780854,0,0,0
03:28:49,99.03701361685252,0,0,0
03:28:50,99.03522733159348,0,0,0
03:28:51,99.02627804244572,0,0,0
03:28:52,99.02749271642186,0,0,0
03:28:53,99.01557819374403,0,0,0
03:28:54,99.02808219055731,0,0,0
03:28:55,99.02808219055731,0,0,0
03:28:56,99.0218301921507,0,0,0
03:28:57,99.02004390689169,0,0,0
03:28:58,99.0173644790031,0,0,0
03:28:59,99.0173644790031,0,0,0
03:29:00,99.00128791167177,0,0,0
03:29:01,99.00664676744888,0,0,0
03:29:02,99.00664676744888,0,0,0
03:29:03,98.99846558096247,0,0,0
03:29:04,98.98789077222897,0,0,0
03:29:05,98.99057020011752,0,0,0
03:29:06,98.99503591326514,0,0,0
03:29:07,98.98342505908138,0,0,0
03:29:08,98.9852113443404,0,0,0
03:29:09,98.9852113443404,0,0,0
03:29:10,99.00486048218984,0,0,0
03:29:11,99.0173644790031,0,0,0
03:29:12,99.0173644790031,0,0,0
03:29:13,99.02093704952118,0,0,0
03:29:14,99.00486048218984,0,0,0
03:29:15,98.99414277063562,0,0,0
03:29:16,99.00062698612592,0,0,0
03:29:17,98.99235648537656,0,0,0
03:29:18,98.994124907783,0,0,0
03:29:19,98.99148120559964,0,0,0
03:29:20,98.99950162641272,0,0,0
03:29:21,98.99199922832476,0,0,0
03:29:22,98.98878391485847,0,0,0
03:29:23,98.99057020011752,0,0,0
03:29:24,98.98790863508157,0,0,0
03:29:25,98.99057020011752,0,0,0
03:29:26,98.99575042736872,0,0,0
03:29:27,98.99057020011752,0,0,0
03:29:28,98.99057020011752,0,0,0
03:29:29,98.98878391485847,0,0,0
03:29:30,98.99414277063562,0,0,0
03:29:31,98.99414277063562,0,0,0
03:29:32,98.99414277063562,0,0,0
03:29:33,98.9942170801024,0,0,0
03:29:34,98.98163877382234,0,0,0
03:29:35,98.97806620330428,0,0,0
03:29:36,98.97806620330428,0,0,0
03:29:37,98.96377592123196,0,0,0
03:29:38,98.96377592123196,0,0,0
03:29:39,98.96377592123196,0,0,0
03:29:40,98.96734849175004,0,0,0
03:29:41,98.97002791963858,0,0,0
03:29:42,98.97270734752716,0,0,0
03:29:43,98.97270734752716,0,0,0
03:29:44,98.97270734752716,0,0,0
03:29:45,98.9744757699336,0,0,0
03:29:46,98.965562206491,0,0,0
03:29:47,98.96377592123196,0,0,0
03:29:48,98.96377592123196,0,0,0
03:29:49,98.96377592123196,0,0,0
03:29:50,98.96377592123196,0,0,0
03:29:51,98.97002791963858,0,0,0
03:29:52,98.96913477700906,0,0,0
03:29:53,98.96377592123196,0,0,0
03:29:54,98.96734849175004,0,0,0
03:29:55,98.9709210622681,0,0,0
03:29:56,98.9709210622681,0,0,0
03:29:57,98.9566307801958,0,0,0
03:29:58,98.95752392282532,0,0,0
03:29:59,98.96020335071388,0,0,0
03:30:00,98.95841706545484,0,0,0
03:30:01,98.95841706545484,0,0,0
03:30:02,98.9566307801958,0,0,0
03:30:03,98.96020335071388,0,0,0
03:30:04,98.96020335071388,0,0,0
03:30:05,98.96020335071388,0,0,0
03:30:06,98.979423065587,0,0,0
03:30:07,98.96913477700906,0,0,0
03:30:08,98.96913477700906,0,0,0
03:30:09,98.96913477700906,0,0,0
03:30:10,98.9744936327862,0,0,0
03:30:11,98.97627991804524,0,0,0
03:30:12,98.96734849175004,0,0,0
03:30:13,98.96020335071388,0,0,0
03:30:14,98.94412678338252,0,0,0
03:30:15,98.94648467992448,0,0,0
03:30:16,98.95468372926346,0,0,0
03:30:17,98.95305820967774,0,0,0
03:30:18,98.95305820967774,0,0,0
03:30:19,98.94948563915966,0,0,0
03:30:20,98.93698164234638,0,0,0
03:30:21,98.93876792760544,0,0,0
03:30:22,98.94055421286446,0,0,0
03:30:23,98.94055421286446,0,0,0
03:30:24,98.94412678338252,0,0,0
03:30:25,98.94591306864156,0,0,0
03:30:26,98.94591306864156,0,0,0
03:30:27,98.93876792760544,0,0,0
03:30:28,98.94591306864156,0,0,0
03:30:29,98.94950350201223,0,0,0
03:30:30,98.9512719244187,0,0,0
03:30:31,98.95395135230726,0,0,0
03:30:32,98.95395135230726,0,0,0
03:30:33,98.95484449493678,0,0,0
03:30:34,98.9566307801958,0,0,0
03:30:35,98.94948563915966,0,0,0
03:30:36,98.94859249653013,0,0,0
03:30:37,98.94859249653013,0,0,0
03:30:38,98.94948563915966,0,0,0
03:30:39,98.94591306864156,0,0,0
03:30:40,98.94591306864156,0,0,0
03:30:41,98.9512719244187,0,0,0
03:30:42,98.94412678338252,0,0,0
03:30:43,98.94412678338252,0,0,0
03:30:44,98.9521650670482,0,0,0
03:30:45,98.95241514698448,0,0,0
03:30:46,98.9566307801958,0,0,0
03:30:47,98.9709210622681,0,0,0
03:30:48,98.95486235778937,0,0,0
03:30:49,98.95841706545484,0,0,0
03:30:50,98.95573763756629,0,0,0
03:30:51,98.93876792760544,0,0,0
03:30:52,98.93876792760544,0,0,0
03:30:53,98.92447764553312,0,0,0
03:30:54,98.92894335868073,0,0,0
03:30:55,98.92894335868073,0,0,0
03:30:56,98.9280502160512,0,0,0
03:30:57,98.92626393079216,0,0,0
03:30:58,98.92447764553312,0,0,0
03:30:59,98.92626393079216,0,0,0
03:31:00,98.92269136027409,0,0,0
03:31:01,98.9137599339789,0,0,0
03:31:02,98.919118789756,0,0,0
03:31:03,98.9137599339789,0,0,0
03:31:04,98.9137599339789,0,0,0
03:31:05,98.90840107820178,0,0,0
03:31:06,98.91554621923792,0,0,0
03:31:07,98.91018736346082,0,0,0
03:31:08,98.91018736346082,0,0,0
03:31:09,98.91018736346082,0,0,0
03:31:10,98.91197364871984,0,0,0
03:31:11,98.91018736346082,0,0,0
03:31:12,98.90304222242465,0,0,0
03:31:13,98.8994696519066,0,0,0
03:31:14,98.8994696519066,0,0,0
03:31:15,98.9137599339789,0,0,0
03:31:16,98.8994875147592,0,0,0
03:31:17,98.85302623517158,0,0,0
03:31:18,98.86374394672583,0,0,0
03:31:19,98.872675373021,0,0,0
03:31:20,98.87803422879811,0,0,0
03:31:21,98.8905382256114,0,0,0
03:31:22,98.88519723268688,0,0,0
03:31:23,98.88517936983428,0,0,0
03:31:24,98.86910280250294,0,0,0
03:31:25,98.87876660575432,0,0,0
03:31:26,98.87982051405716,0,0,0
03:31:27,98.8816067993162,0,0,0
03:31:28,98.87982051405716,0,0,0
03:31:29,98.88875194035236,0,0,0
03:31:30,98.87982051405716,0,0,0
03:31:31,98.87982051405716,0,0,0
03:31:32,98.89321765349996,0,0,0
03:31:33,98.8816067993162,0,0,0
03:31:34,98.87088908776198,0,0,0
03:31:35,98.87982051405716,0,0,0
03:31:36,98.87982051405716,0,0,0
03:31:37,98.88785879772284,0,0,0
03:31:38,98.8905382256114,0,0,0
03:31:39,98.8905382256114,0,0,0
03:31:40,98.8905382256114,0,0,0
03:31:41,98.8716036018656,0,0,0
03:31:42,98.8815889364636,0,0,0
03:31:43,98.8766052005909,0,0,0
03:31:44,98.8766052005909,0,0,0
03:31:45,98.88601892390602,0,0,0
03:31:46,98.88696565509332,0,0,0
03:31:47,98.8905382256114,0,0,0
03:31:48,98.89232451087044,0,0,0
03:31:49,98.89411079612948,0,0,0
03:31:50,98.8905203627588,0,0,0
03:31:51,98.8994696519066,0,0,0
03:31:52,98.89411079612948,0,0,0
03:31:53,98.90661479294276,0,0,0
03:31:54,98.90661479294276,0,0,0
03:31:55,98.8994696519066,0,0,0
03:31:56,98.89804062369936,0,0,0
03:31:57,98.88857331182646,0,0,0
03:31:58,98.89132419112538,0,0,0
03:31:59,98.89132419112538,0,0,0
03:32:00,98.89679022401802,0,0,0
03:32:01,98.9137599339789,0,0,0
03:32:02,98.91197364871984,0,0,0
03:32:03,98.90765083839295,0,0,0
03:32:04,98.91018736346082,0,0,0
03:32:05,98.91197364871984,0,0,0
03:32:06,98.93162278656928,0,0,0
03:32:07,98.93590987119096,0,0,0
03:32:08,98.93519535708737,0,0,0
03:32:09,98.93519535708737,0,0,0
03:32:10,98.93340907182832,0,0,0
03:32:11,98.94591306864156,0,0,0
03:32:12,98.93340907182832,0,0,0
03:32:13,98.93519535708737,0,0,0
03:32:14,98.94055421286446,0,0,0
03:32:15,98.93519535708737,0,0,0
03:32:16,98.94055421286446,0,0,0
03:32:17,98.95037878178918,0,0,0
03:32:18,98.9499857990322,0,0,0
03:32:19,98.94528786880092,0,0,0
03:32:20,98.93876792760544,0,0,0
03:32:21,98.92090507501504,0,0,0
03:32:22,98.92090507501504,0,0,0
03:32:23,98.9280502160512,0,0,0
03:32:24,98.91733250449695,0,0,0
03:32:25,98.92090507501504,0,0,0
03:32:26,98.91733250449695,0,0,0
03:32:27,98.91733250449695,0,0,0
03:32:28,98.9048285076837,0,0,0
03:32:29,98.90572165031324,0,0,0
03:32:30,98.88525082124464,0,0,0
03:32:31,98.89232451087044,0,0,0
03:32:32,98.89679022401802,0,0,0
03:32:33,98.89679022401802,0,0,0
03:32:34,98.88517936983428,0,0,0
03:32:35,98.89232451087044,0,0,0
03:32:36,98.8905382256114,0,0,0
03:32:37,98.88785879772284,0,0,0
03:32:38,98.8905382256114,0,0,0
03:32:39,98.8905382256114,0,0,0
03:32:40,98.8905382256114,0,0,0
03:32:41,98.87803422879811,0,0,0
03:32:42,98.88696565509332,0,0,0
03:32:43,98.88696565509332,0,0,0
03:32:44,98.88696565509332,0,0,0
03:32:45,98.8816067993162,0,0,0
03:32:46,98.88571525541198,0,0,0
03:32:47,98.8994696519066,0,0,0
03:32:48,98.92090507501504,0,0,0
03:32:49,98.92447764553312,0,0,0
03:32:50,98.92447764553312,0,0,0
03:32:51,98.91888657267232,0,0,0
03:32:52,98.92269136027409,0,0,0
03:32:53,98.92269136027409,0,0,0
03:32:54,98.92626393079216,0,0,0
03:32:55,98.92269136027409,0,0,0
03:32:56,98.93340907182832,0,0,0
03:32:57,98.93876792760544,0,0,0
03:32:58,98.92447764553312,0,0,0
03:32:59,98.919118789756,0,0,0
03:33:00,98.9280502160512,0,0,0
03:33:01,98.92626393079216,0,0,0
03:33:02,98.91733250449695,0,0,0
03:33:03,98.89954110331696,0,0,0
03:33:04,98.91018736346082,0,0,0
03:33:05,98.93698164234638,0,0,0
03:33:06,98.93340907182832,0,0,0
03:33:07,98.93876792760544,0,0,0
03:33:08,98.923959622808,0,0,0
03:33:09,98.923959622808,0,0,0
03:33:10,98.93519535708737,0,0,0
03:33:11,98.93519535708737,0,0,0
03:33:12,98.92447764553312,0,0,0
03:33:13,98.93519535708737,0,0,0
03:33:14,98.93876792760544,0,0,0
03:33:15,98.93875006475284,0,0,0
03:33:16,98.94412678338252,0,0,0
03:33:17,98.93876792760544,0,0,0
03:33:18,98.93876792760544,0,0,0
03:33:19,98.93876792760544,0,0,0
03:33:20,98.92447764553312,0,0,0
03:33:21,98.92447764553312,0,0,0
03:33:22,98.90840107820178,0,0,0
03:33:23,98.90840107820178,0,0,0
03:33:24,98.88339308457525,0,0,0
03:33:25,98.89232451087044,0,0,0
03:33:26,98.8905382256114,0,0,0
03:33:27,98.8905382256114,0,0,0
03:33:28,98.8994696519066,0,0,0
03:33:29,98.8994696519066,0,0,0
03:33:30,98.90322085095058,0,0,0
03:33:31,98.908740472401,0,0,0
03:33:32,98.9137599339789,0,0,0
03:33:33,98.91018736346082,0,0,0
03:33:34,98.91018736346082,0,0,0
03:33:35,98.9092763579787,0,0,0
03:33:36,98.88517936983428,0,0,0
03:33:37,98.8673165172439,0,0,0
03:33:38,98.872675373021,0,0,0
03:33:39,98.86374394672583,0,0,0
03:33:40,98.8673165172439,0,0,0
03:33:41,98.86553023198486,0,0,0
03:33:42,98.86611970612034,0,0,0
03:33:43,98.87982051405716,0,0,0
03:33:44,98.87624794353908,0,0,0
03:33:45,98.8673165172439,0,0,0
03:33:46,98.86799530564232,0,0,0
03:33:47,98.8673165172439,0,0,0
03:33:48,98.87446165828004,0,0,0
03:33:49,98.87446165828004,0,0,0
03:33:50,98.88517936983428,0,0,0
03:33:51,98.89589708138853,0,0,0
03:33:52,98.8994696519066,0,0,0
03:33:53,98.9048285076837,0,0,0
03:33:54,98.89412865898204,0,0,0
03:33:55,98.89412865898204,0,0,0
03:33:56,98.89232451087044,0,0,0
03:33:57,98.90125593716562,0,0,0
03:33:58,98.9057573760184,0,0,0
03:33:59,98.90781160406628,0,0,0
03:34:00,98.89941606334882,0,0,0
03:34:01,98.91733250449695,0,0,0
03:34:02,98.92090507501504,0,0,0
03:34:03,98.93557047699176,0,0,0
03:34:04,98.94859249653013,0,0,0
03:34:05,98.94412678338252,0,0,0
03:34:06,98.92983650131023,0,0,0
03:34:07,98.9280502160512,0,0,0
03:34:08,98.93162278656928,0,0,0
03:34:09,98.93555261413916,0,0,0
03:34:10,98.92983650131023,0,0,0
03:34:11,98.94055421286446,0,0,0
03:34:12,98.94055421286446,0,0,0
03:34:13,98.92983650131023,0,0,0
03:34:14,98.93340907182832,0,0,0
03:34:15,98.93340907182832,0,0,0
03:34:16,98.93340907182832,0,0,0
03:34:17,98.9137599339789,0,0,0
03:34:18,98.9137599339789,0,0,0
03:34:19,98.90661479294276,0,0,0
03:34:20,98.90120234860784,0,0,0
03:34:21,98.91197364871984,0,0,0
03:34:22,98.91197364871984,0,0,0
03:34:23,98.90840107820178,0,0,0
03:34:24,98.91197364871984,0,0,0
03:34:25,98.91599279055268,0,0,0
03:34:26,98.91643936186745,0,0,0
03:34:27,98.9048285076837,0,0,0
03:34:28,98.91108050609034,0,0,0
03:34:29,98.9137599339789,0,0,0
03:34:30,98.90125593716562,0,0,0
03:34:31,98.90840107820178,0,0,0
03:34:32,98.919118789756,0,0,0
03:34:33,98.9325159291988,0,0,0
03:34:34,98.93519535708737,0,0,0
03:34:35,98.92447764553312,0,0,0
03:34:36,98.93271242057727,0,0,0
03:34:37,98.9325159291988,0,0,0
03:34:38,98.94591306864156,0,0,0
03:34:39,98.9334269346809,0,0,0
03:34:40,98.92447764553312,0,0,0
03:34:41,98.9512719244187,0,0,0
03:34:42,98.9476993539006,0,0,0
03:34:43,98.9423404981235,0,0,0
03:34:44,98.9423404981235,0,0,0
03:34:45,98.9423404981235,0,0,0
03:34:46,98.95305820967774,0,0,0
03:34:47,98.94948563915966,0,0,0
03:34:48,98.94719919402807,0,0,0
03:34:49,98.94591306864156,0,0,0
03:34:50,98.94591306864156,0,0,0
03:34:51,98.94771721675322,0,0,0
03:34:52,98.95305820967774,0,0,0
03:34:53,98.9512719244187,0,0,0
03:34:54,98.94889616502417,0,0,0
03:34:55,98.94414464623516,0,0,0
03:34:56,98.94948563915966,0,0,0
03:34:57,98.95305820967774,0,0,0
03:34:58,98.95305820967774,0,0,0
03:34:59,98.93162278656928,0,0,0
03:35:00,98.92179821764456,0,0,0
03:35:01,98.919118789756,0,0,0
03:35:02,98.92635324505513,0,0,0
03:35:03,98.9280502160512,0,0,0
03:35:04,98.93876792760544,0,0,0
03:35:05,98.93698164234638,0,0,0
03:35:06,98.93698164234638,0,0,0
03:35:07,98.93698164234638,0,0,0
03:35:08,98.92090507501504,0,0,0
03:35:09,98.92449550838572,0,0,0
03:35:10,98.92447764553312,0,0,0
03:35:11,98.92447764553312,0,0,0
03:35:12,98.93096186102343,0,0,0
03:35:13,98.93096186102343,0,0,0
03:35:14,98.91554621923792,0,0,0
03:35:15,98.90661479294276,0,0,0
03:35:16,98.90304222242465,0,0,0
03:35:17,98.90304222242465,0,0,0
03:35:18,98.88696565509332,0,0,0
03:35:19,98.88628686669487,0,0,0
03:35:20,98.8905382256114,0,0,0
03:35:21,98.88875194035236,0,0,0
03:35:22,98.88875194035236,0,0,0
03:35:23,98.88875194035236,0,0,0
03:35:24,98.89232451087044,0,0,0
03:35:25,98.8994696519066,0,0,0
03:35:26,98.88875194035236,0,0,0
03:35:27,98.87626580639169,0,0,0
03:35:28,98.88696565509332,0,0,0
03:35:29,98.89768336664754,0,0,0
03:35:30,98.89232451087044,0,0,0
03:35:31,98.8994696519066,0,0,0
03:35:32,98.8994696519066,0,0,0
03:35:33,98.8994696519066,0,0,0
03:35:34,98.8905382256114,0,0,0
03:35:35,98.8905382256114,0,0,0
03:35:36,98.88696565509332,0,0,0
03:35:37,98.87088908776198,0,0,0
03:35:38,98.87444379542748,0,0,0
03:35:39,98.8667806316662,0,0,0
03:35:40,98.87446165828004,0,0,0
03:35:41,98.87088908776198,0,0,0
03:35:42,98.87088908776198,0,0,0
03:35:43,98.86374394672583,0,0,0
03:35:44,98.85481252043064,0,0,0
03:35:45,98.85123994991255,0,0,0
03:35:46,98.84230852361738,0,0,0
03:35:47,98.84766737939448,0,0,0
03:35:48,98.84230852361738,0,0,0
03:35:49,98.8440948088764,0,0,0
03:35:50,98.85123994991255,0,0,0
03:35:51,98.84230852361738,0,0,0
03:35:52,98.84230852361738,0,0,0
03:35:53,98.84588109413544,0,0,0
03:35:54,98.85481252043064,0,0,0
03:35:55,98.87088908776198,0,0,0
03:35:56,98.87446165828004,0,0,0
03:35:57,98.88357171310116,0,0,0
03:35:58,98.87446165828004,0,0,0
03:35:59,98.87624794353908,0,0,0
03:36:00,98.86910280250294,0,0,0
03:36:01,98.87088908776198,0,0,0
03:36:02,98.87088908776198,0,0,0
03:36:03,98.87088908776198,0,0,0
03:36:04,98.84945366465352,0,0,0
03:36:05,98.8298045268041,0,0,0
03:36:06,98.8351633825812,0,0,0
03:36:07,98.82265938576796,0,0,0
03:36:08,98.82623195628602,0,0,0
03:36:09,98.82265938576796,0,0,0
03:36:10,98.84230852361738,0,0,0
03:36:11,98.85302623517158,0,0,0
03:36:12,98.86374394672583,0,0,0
03:36:13,98.87803422879811,0,0,0
03:36:14,98.8619576614668,0,0,0
03:36:15,98.8619576614668,0,0,0
03:36:16,98.84588109413544,0,0,0
03:36:17,98.84052223835832,0,0,0
03:36:18,98.85659880568966,0,0,0
03:36:19,98.8583850909487,0,0,0
03:36:20,98.85370502357004,0,0,0
03:36:21,98.85659880568966,0,0,0
03:36:22,98.8583850909487,0,0,0
03:36:23,98.8673165172439,0,0,0
03:36:24,98.8664233746144,0,0,0
03:36:25,98.8730326300728,0,0,0
03:36:26,98.87624794353908,0,0,0
03:36:27,98.87624794353908,0,0,0
03:36:28,98.87446165828004,0,0,0
03:36:29,98.87178223039147,0,0,0
03:36:30,98.8673165172439,0,0,0
03:36:31,98.86910280250294,0,0,0
03:36:32,98.86553023198486,0,0,0
03:36:33,98.85302623517158,0,0,0
03:36:34,98.85302623517158,0,0,0
03:36:35,98.84945366465352,0,0,0
03:36:36,98.84945366465352,0,0,0
03:36:37,98.85659880568966,0,0,0
03:36:38,98.85302623517158,0,0,0
03:36:39,98.85302623517158,0,0,0
03:36:40,98.85302623517158,0,0,0
03:36:41,98.85302623517158,0,0,0
03:36:42,98.86688780878174,0,0,0
03:36:43,98.86688780878174,0,0,0
03:36:44,98.8673165172439,0,0,0
03:36:45,98.87446165828004,0,0,0
03:36:46,98.87535480090956,0,0,0
03:36:47,98.87803422879811,0,0,0
03:36:48,98.87524762379402,0,0,0
03:36:49,98.86553023198486,0,0,0
03:36:50,98.86910280250294,0,0,0
03:36:51,98.86910280250294,0,0,0
03:36:52,98.87446165828004,0,0,0
03:36:53,98.87446165828004,0,0,0
03:36:54,98.88517936983428,0,0,0
03:36:55,98.88875194035236,0,0,0
03:36:56,98.89232451087044,0,0,0
03:36:57,98.88517936983428,0,0,0
03:36:58,98.89232451087044,0,0,0
03:36:59,98.89589708138853,0,0,0
03:37:00,98.8994696519066,0,0,0
03:37:01,98.8994696519066,0,0,0
03:37:02,98.90840107820178,0,0,0
03:37:03,98.90125593716562,0,0,0
03:37:04,98.90125593716562,0,0,0
03:37:05,98.9003627945361,0,0,0
03:37:06,98.9057573760184,0,0,0
03:37:07,98.89820138937267,0,0,0
03:37:08,98.89820138937267,0,0,0
03:37:09,98.87624794353908,0,0,0
03:37:10,98.88517936983428,0,0,0
03:37:11,98.88875194035236,0,0,0
03:37:12,98.88875194035236,0,0,0
03:37:13,98.88428622720475,0,0,0
03:37:14,98.88509005557134,0,0,0
03:37:15,98.89232451087044,0,0,0
03:37:16,98.90125593716562,0,0,0
03:37:17,98.8994696519066,0,0,0
03:37:18,98.90030920597836,0,0,0
03:37:19,98.89589708138853,0,0,0
03:37:20,98.88875194035236,0,0,0
03:37:21,98.88875194035236,0,0,0
03:37:22,98.87446165828004,0,0,0
03:37:23,98.88517936983428,0,0,0
03:37:24,98.88517936983428,0,0,0
03:37:25,98.8771410861686,0,0,0
03:37:26,98.88875194035236,0,0,0
03:37:27,98.8841969129418,0,0,0
03:37:28,98.87983837690976,0,0,0
03:37:29,98.88339308457525,0,0,0
03:37:30,98.8816067993162,0,0,0
03:37:31,98.87446165828004,0,0,0
03:37:32,98.872675373021,0,0,0
03:37:33,98.87088908776198,0,0,0
03:37:34,98.86374394672583,0,0,0
03:37:35,98.86436914656647,0,0,0
03:37:36,98.8673165172439,0,0,0
03:37:37,98.86017137620776,0,0,0
03:37:38,98.86553023198486,0,0,0
03:37:39,98.86553023198486,0,0,0
03:37:40,98.87088908776198,0,0,0
03:37:41,98.87088908776198,0,0,0
03:37:42,98.86374394672583,0,0,0
03:37:43,98.88339308457525,0,0,0
03:37:44,98.89411079612948,0,0,0
03:37:45,98.8905382256114,0,0,0
03:37:46,98.8905382256114,0,0,0
03:37:47,98.88910919740415,0,0,0
03:37:48,98.88696565509332,0,0,0
03:37:49,98.87803422879811,0,0,0
03:37:50,98.8673165172439,0,0,0
03:37:51,98.87296117866246,0,0,0
03:37:52,98.87446165828004,0,0,0
03:37:53,98.8673165172439,0,0,0
03:37:54,98.86553023198486,0,0,0
03:37:55,98.8619576614668,0,0,0
03:37:56,98.84990023596828,0,0,0
03:37:57,98.84120102675676,0,0,0
03:37:58,98.84195126656554,0,0,0
03:37:59,98.84588109413544,0,0,0
03:38:00,98.84588109413544,0,0,0
03:38:01,98.8440948088764,0,0,0
03:38:02,98.84945366465352,0,0,0
03:38:03,98.84945366465352,0,0,0
03:38:04,98.84588109413544,0,0,0
03:38:05,98.84766737939448,0,0,0
03:38:06,98.84766737939448,0,0,0
03:38:07,98.84766737939448,0,0,0
03:38:08,98.85806355960209,0,0,0
03:38:09,98.85659880568966,0,0,0
03:38:10,98.8595283135145,0,0,0
03:38:11,98.8595283135145,0,0,0
03:38:12,98.8595283135145,0,0,0
03:38:13,98.8673165172439,0,0,0
03:38:14,98.88696565509332,0,0,0
03:38:15,98.91197364871984,0,0,0
03:38:16,98.91233090577164,0,0,0
03:38:17,98.91554621923792,0,0,0
03:38:18,98.91374207112632,0,0,0
03:38:19,98.90659693009016,0,0,0
03:38:20,98.90659693009016,0,0,0
03:38:21,98.90304222242465,0,0,0
03:38:22,98.90936567224166,0,0,0
03:38:23,98.9092942208313,0,0,0
03:38:24,98.9137599339789,0,0,0
03:38:25,98.9137599339789,0,0,0
03:38:26,98.89768336664754,0,0,0
03:38:27,98.91197364871984,0,0,0
03:38:28,98.919118789756,0,0,0
03:38:29,98.91556408209053,0,0,0
03:38:30,98.9228521259474,0,0,0
03:38:31,98.92983650131023,0,0,0
03:38:32,98.92983650131023,0,0,0
03:38:33,98.92626393079216,0,0,0
03:38:34,98.92447764553312,0,0,0
03:38:35,98.9280502160512,0,0,0
03:38:36,98.91554621923792,0,0,0
03:38:37,98.91554621923792,0,0,0
03:38:38,98.92090507501504,0,0,0
03:38:39,98.92090507501504,0,0,0
03:38:40,98.91554621923792,0,0,0
03:38:41,98.89591494424108,0,0,0
03:38:42,98.90661479294276,0,0,0
03:38:43,98.90661479294276,0,0,0
03:38:44,98.90661479294276,0,0,0
03:38:45,98.90661479294276,0,0,0
03:38:46,98.8987194120978,0,0,0
03:38:47,98.9048285076837,0,0,0
03:38:48,98.91018736346082,0,0,0
03:38:49,98.92183394334975,0,0,0
03:38:50,98.92447764553312,0,0,0
03:38:51,98.90125593716562,0,0,0
03:38:52,98.90572165031324,0,0,0
03:38:53,98.90840107820178,0,0,0
03:38:54,98.90459629060004,0,0,0
03:38:55,98.8994696519066,0,0,0
03:38:56,98.8994696519066,0,0,0
03:38:57,98.90659693009016,0,0,0
03:38:58,98.9057395131658,0,0,0
03:38:59,98.90661479294276,0,0,0
03:39:00,98.91195578586726,0,0,0
03:39:01,98.91195578586726,0,0,0
03:39:02,98.91197364871984,0,0,0
03:39:03,98.91665371609854,0,0,0
03:39:04,98.919118789756,0,0,0
03:39:05,98.91554621923792,0,0,0
03:39:06,98.90661479294276,0,0,0
03:39:07,98.9048285076837,0,0,0
03:39:08,98.91554621923792,0,0,0
03:39:09,98.9280502160512,0,0,0
03:39:10,98.94241194953386,0,0,0
03:39:11,98.94948563915966,0,0,0
03:39:12,98.95484449493678,0,0,0
03:39:13,98.9280502160512,0,0,0
03:39:14,98.94412678338252,0,0,0
03:39:15,98.94591306864156,0,0,0
03:39:16,98.94055421286446,0,0,0
03:39:17,98.93519535708737,0,0,0
03:39:18,98.9358384197806,0,0,0
03:39:19,98.9358384197806,0,0,0
03:39:20,98.91554621923792,0,0,0
03:39:21,98.919118789756,0,0,0
03:39:22,98.919118789756,0,0,0
03:39:23,98.90572165031324,0,0,0
03:39:24,98.90304222242465,0,0,0
03:39:25,98.91197364871984,0,0,0
03:39:26,98.91197364871984,0,0,0
03:39:27,98.91197364871984,0,0,0
03:39:28,98.9137599339789,0,0,0
03:39:29,98.9137599339789,0,0,0
03:39:30,98.91197364871984,0,0,0
03:39:31,98.91554621923792,0,0,0
03:39:32,98.919118789756,0,0,0
03:39:33,98.91733250449695,0,0,0
03:39:34,98.93876792760544,0,0,0
03:39:35,98.94591306864156,0,0,0
03:39:36,98.9423404981235,0,0,0
03:39:37,98.9423404981235,0,0,0
03:39:38,98.9423404981235,0,0,0
03:39:39,98.9280502160512,0,0,0
03:39:40,98.92269136027409,0,0,0
03:39:41,98.92626393079216,0,0,0
03:39:42,98.93876792760544,0,0,0
03:39:43,98.94055421286446,0,0,0
03:39:44,98.9423404981235,0,0,0
03:39:45,98.93340907182832,0,0,0
03:39:46,98.9371424080197,0,0,0
03:39:47,98.9371424080197,0,0,0
03:39:48,98.93698164234638,0,0,0
03:39:49,98.93162278656928,0,0,0
03:39:50,98.91643936186745,0,0,0
03:39:51,98.9180112928954,0,0,0
03:39:52,98.91733250449695,0,0,0
03:39:53,98.91286679134936,0,0,0
03:39:54,98.91733250449695,0,0,0
03:39:55,98.92447764553312,0,0,0
03:39:56,98.92269136027409,0,0,0
03:39:57,98.92447764553312,0,0,0
03:39:58,98.91733250449695,0,0,0
03:39:59,98.91733250449695,0,0,0
03:40:00,98.94055421286446,0,1,0
03:40:01,98.93072964393976,0,0,0
03:40:02,98.94591306864156,0,0,0
03:40:03,98.93871433904764,0,0,0
03:40:04,98.93340907182832,0,0,0
03:40:05,98.92442405697535,0,0,0
03:40:06,98.92624606793956,0,0,0
03:40:07,98.92626393079216,0,0,0
03:40:08,98.92090507501504,0,0,0
03:40:09,98.92445978268051,0,0,0
03:40:10,98.92447764553312,0,0,0
03:40:11,98.91197364871984,0,0,0
03:40:12,98.91197364871984,0,0,0
03:40:13,98.91197364871984,0,0,0
03:40:14,98.89411079612948,0,0,0
03:40:15,98.8905382256114,0,0,0
03:40:16,98.8905382256114,0,0,0
03:40:17,98.8905382256114,0,0,0
03:40:18,98.8771410861686,0,0,0
03:40:19,98.88696565509332,0,0,0
03:40:20,98.88339308457525,0,0,0
03:40:21,98.88875194035236,0,0,0
03:40:22,98.88875194035236,0,0,0
03:40:23,98.8860725124638,0,0,0
03:40:24,98.8816067993162,0,0,0
03:40:25,98.88339308457525,0,0,0
03:40:26,98.88428622720475,0,0,0
03:40:27,98.88517936983428,0,0,0
03:40:28,98.87989196546752,0,0,0
03:40:29,98.87989196546752,0,0,0
03:40:30,98.88517936983428,0,0,0
03:40:31,98.88249994194574,0,0,0
03:40:32,98.872675373021,0,0,0
03:40:33,98.86912066535552,0,0,0
03:40:34,98.87446165828004,0,0,0
03:40:35,98.87982051405716,0,0,0
03:40:36,98.86729865439132,0,0,0
03:40:37,98.86374394672583,0,0,0
03:40:38,98.85302623517158,0,0,0
03:40:39,98.85659880568966,0,0,0
03:40:40,98.85302623517158,0,0,0
03:40:41,98.8619576614668,0,0,0
03:40:42,98.86127887306834,0,0,0
03:40:43,98.85304409802416,0,0,0
03:40:44,98.84945366465352,0,0,0
03:40:45,98.84766737939448,0,0,0
03:40:46,98.84945366465352,0,0,0
03:40:47,98.85475893187288,0,0,0
03:40:48,98.85659880568966,0,0,0
03:40:49,98.85659880568966,0,0,0
03:40:50,98.86017137620776,0,0,0
03:40:51,98.86017137620776,0,0,0
03:40:52,98.85302623517158,0,0,0
03:40:53,98.8619576614668,0,0,0
03:40:54,98.86553023198486,0,0,0
03:40:55,98.86197552431938,0,0,0
03:40:56,98.85123994991255,0,0,0
03:40:57,98.8583850909487,0,0,0
03:40:58,98.85549130882907,0,0,0
03:40:59,98.85481252043064,0,0,0
03:41:00,98.85481252043064,0,0,0
03:41:01,98.85481252043064,0,0,0
03:41:02,98.85123994991255,0,0,0
03:41:03,98.83694966784024,0,0,0
03:41:04,98.84052223835832,0,0,0
03:41:05,98.8298045268041,0,0,0
03:41:06,98.8351633825812,0,0,0
03:41:07,98.82801824154504,0,0,0
03:41:08,98.82801824154504,0,0,0
03:41:09,98.82444567102698,0,0,0
03:41:10,98.82801824154504,0,0,0
03:41:11,98.82801824154504,0,0,0
03:41:12,98.84230852361738,0,0,0
03:41:13,98.83339496017476,0,0,0
03:41:14,98.83694966784024,0,0,0
03:41:15,98.83159081206313,0,0,0
03:41:16,98.84766737939448,0,0,0
03:41:17,98.84588109413544,0,0,0
03:41:18,98.8387359530993,0,0,0
03:41:19,98.8457917798725,0,0,0
03:41:20,98.85481252043064,0,0,0
03:41:21,98.85274042953016,0,0,0
03:41:22,98.8440948088764,0,0,0
03:41:23,98.82801824154504,0,0,0
03:41:24,98.84052223835832,0,0,0
03:41:25,98.84048651265314,0,0,0
03:41:26,98.82623195628602,0,0,0
03:41:27,98.82265938576796,0,0,0
03:41:28,98.82623195628602,0,0,0
03:41:29,98.8387359530993,0,0,0
03:41:30,98.8387359530993,0,0,0
03:41:31,98.83159081206313,0,0,0
03:41:32,98.83834297034232,0,0,0
03:41:33,98.83605652521072,0,0,0
03:41:34,98.8387359530993,0,0,0
03:41:35,98.84588109413544,0,0,0
03:41:36,98.84588109413544,0,0,0
03:41:37,98.85883166226348,0,0,0
03:41:38,98.85927823357822,0,0,0
03:41:39,98.8673165172439,0,0,0
03:41:40,98.86910280250294,0,0,0
03:41:41,98.86910280250294,0,0,0
03:41:42,98.86838828839932,0,0,0
03:41:43,98.86838828839932,0,0,0
03:41:44,98.8619576614668,0,0,0
03:41:45,98.85481252043064,0,0,0
03:41:46,98.84770310509964,0,0,0
03:41:47,98.84770310509964,0,0,0
03:41:48,98.84766737939448,0,0,0
03:41:49,98.85302623517158,0,0,0
03:41:50,98.86553023198486,0,0,0
03:41:51,98.8583850909487,0,0,0
03:41:52,98.8562058229327,0,0,0
03:41:53,98.84945366465352,0,0,0
03:41:54,98.84320166624688,0,0,0
03:41:55,98.84320166624688,0,0,0
03:41:56,98.8537407492752,0,0,0
03:41:57,98.85481252043064,0,0,0
03:41:58,98.8440948088764,0,0,0
03:41:59,98.84945366465352,0,0,0
03:42:00,98.85302623517158,0,0,0
03:42:01,98.86017137620776,0,0,0
03:42:02,98.85927823357822,0,0,0
03:42:03,98.86017137620776,0,0,0
03:42:04,98.86017137620776,0,0,0
03:42:05,98.86106451883728,0,0,0
03:42:06,98.85659880568966,0,0,0
03:42:07,98.8583850909487,0,0,0
03:42:08,98.85481252043064,0,0,0
03:42:09,98.86910280250294,0,0,0
03:42:10,98.8619576614668,0,0,0
03:42:11,98.8619576614668,0,0,0
03:42:12,98.86910280250294,0,0,0
03:42:13,98.872675373021,0,0,0
03:42:14,98.87624794353908,0,0,0
03:42:15,98.86910280250294,0,0,0
03:42:16,98.87088908776198,0,0,0
03:42:17,98.89589708138853,0,0,0
03:42:18,98.88873407749978,0,0,0
03:42:19,98.88875194035236,0,0,0
03:42:20,98.87803422879811,0,0,0
03:42:21,98.88696565509332,0,0,0
03:42:22,98.8816067993162,0,0,0
03:42:23,98.8860725124638,0,0,0
03:42:24,98.86719147727575,0,0,0
03:42:25,98.8723181159692,0,0,0
03:42:26,98.86374394672583,0,0,0
03:42:27,98.8619576614668,0,0,0
03:42:28,98.87088908776198,0,0,0
03:42:29,98.87982051405716,0,0,0
03:42:30,98.87624794353908,0,0,0
03:42:31,98.87369355561869,0,0,0
03:42:32,98.87803422879811,0,0,0
03:42:33,98.88696565509332,0,0,0
03:42:34,98.88696565509332,0,0,0
03:42:35,98.8860725124638,0,0,0
03:42:36,98.87624794353908,0,0,0
03:42:37,98.87624794353908,0,0,0
03:42:38,98.8673165172439,0,0,0
03:42:39,98.8619576614668,0,0,0
03:42:40,98.86720934012835,0,0,0
03:42:41,98.86374394672583,0,0,0
03:42:42,98.86374394672583,0,0,0
03:42:43,98.86213628999268,0,0,0
03:42:44,98.8619576614668,0,0,0
03:42:45,98.85659880568966,0,0,0
03:42:46,98.86017137620776,0,0,0
03:42:47,98.87088908776198,0,0,0
03:42:48,98.87446165828004,0,0,0
03:42:49,98.87446165828004,0,0,0
03:42:50,98.89587921853592,0,0,0
03:42:51,98.89587921853592,0,0,0
03:42:52,98.89141350538831,0,0,0
03:42:53,98.8905382256114,0,0,0
03:42:54,98.8905382256114,0,0,0
03:42:55,98.89007379144404,0,0,0
03:42:56,98.87803422879811,0,0,0
03:42:57,98.89232451087044,0,0,0
03:42:58,98.90661479294276,0,0,0
03:42:59,98.89786199517344,0,0,0
03:43:00,98.90125593716562,0,0,0
03:43:01,98.90125593716562,0,0,0
03:43:02,98.89768336664754,0,0,0
03:43:03,98.89768336664754,0,0,0
03:43:04,98.90125593716562,0,0,0
03:43:05,98.89589708138853,0,0,0
03:43:06,98.8905382256114,0,0,0
03:43:07,98.88875194035236,0,0,0
03:43:08,98.88696565509332,0,0,0
03:43:09,98.88651908377857,0,0,0
03:43:10,98.872675373021,0,0,0
03:43:11,98.872675373021,0,0,0
03:43:12,98.86374394672583,0,0,0
03:43:13,98.86374394672583,0,0,0
03:43:14,98.8583850909487,0,0,0
03:43:15,98.86910280250294,0,0,0
03:43:16,98.8583850909487,0,0,0
03:43:17,98.86017137620776,0,0,0
03:43:18,98.8387359530993,0,0,0
03:43:19,98.8387359530993,0,0,0
03:43:20,98.8405758269161,0,0,0
03:43:21,98.8396290957288,0,0,0
03:43:22,98.85123994991255,0,0,0
03:43:23,98.8583850909487,0,0,0
03:43:24,98.87088908776198,0,0,0
03:43:25,98.88689420368296,0,0,0
03:43:26,98.88696565509332,0,0,0
03:43:27,98.88696565509332,0,0,0
03:43:28,98.88785879772284,0,0,0
03:43:29,98.88785879772284,0,0,0
03:43:30,98.88785879772284,0,0,0
03:43:31,98.88339308457525,0,0,0
03:43:32,98.87982051405716,0,0,0
03:43:33,98.88332681339212,0,0,0
03:43:34,98.88332681339212,0,0,0
03:43:35,98.88744795211326,0,0,0
03:43:36,98.88744795211326,0,0,0
03:43:37,98.89314620208958,0,0,0
03:43:38,98.88517936983428,0,0,0
03:43:39,98.88785879772284,0,0,0
03:43:40,98.88875194035236,0,0,0
03:43:41,98.88696565509332,0,0,0
03:43:42,98.88696565509332,0,0,0
03:43:43,98.88696565509332,0,0,0
03:43:44,98.88696565509332,0,0,0
03:43:45,98.88696565509332,0,0,0
03:43:46,98.88696565509332,0,0,0
03:43:47,98.88696565509332,0,0,0
03:43:48,98.88696565509332,0,0,0
03:43:49,98.88696565509332,0,0,0
03:43:50,98.88696565509332,0,0,0
03:43:51,98.88964508298189,0,0,0
03:43:52,98.89232451087044,0,0,0
03:43:53,98.88517936983428,0,0,0
03:43:54,98.88517936983428,0,0,0
03:43:55,98.88517936983428,0,0,0
03:43:56,98.88517936983428,0,0,0
03:43:57,98.86910280250294,0,0,0
03:43:58,98.84588109413544,0,0,0
03:43:59,98.84945366465352,0,0,0
03:44:00,98.85123994991255,0,0,0
03:44:01,98.84945366465352,0,0,0
03:44:02,98.83694966784024,0,0,0
03:44:03,98.83248395469263,0,0,0
03:44:04,98.84052223835832,0,0,0
03:44:05,98.84105812393604,0,0,0
03:44:06,98.84766737939448,0,0,0
03:44:07,98.84766737939448,0,0,0
03:44:08,98.84230852361738,0,0,0
03:44:09,98.8440948088764,0,0,0
03:44:10,98.8351455197286,0,0,0
03:44:11,98.83694966784024,0,0,0
03:44:12,98.82712509891554,0,0,0
03:44:13,98.81640738736132,0,0,0
03:44:14,98.81372795947274,0,0,0
03:44:15,98.81372795947274,0,0,0
03:44:16,98.83402016001544,0,0,0
03:44:17,98.82623195628602,0,0,0
03:44:18,98.84766737939448,0,0,0
03:44:19,98.85302623517158,0,0,0
03:44:20,98.85481252043064,0,0,0
03:44:21,98.8387359530993,0,0,0
03:44:22,98.84054010121092,0,0,0
03:44:23,98.84052223835832,0,0,0
03:44:24,98.84766737939448,0,0,0
03:44:25,98.84943580180094,0,0,0
03:44:26,98.84143324384044,0,0,0
03:44:27,98.84230852361738,0,0,0
03:44:28,98.84052223835832,0,0,0
03:44:29,98.83398443431024,0,0,0
03:44:30,98.83694966784024,0,0,0
03:44:31,98.8583850909487,0,0,0
03:44:32,98.8583850909487,0,0,0
03:44:33,98.86910280250294,0,0,0
03:44:34,98.86463708935534,0,0,0
03:44:35,98.84393404320308,0,0,0
03:44:36,98.84834616779293,0,0,0
03:44:37,98.84052223835832,0,0,0
03:44:38,98.84052223835832,0,0,0
03:44:39,98.84052223835832,0,0,0
03:44:40,98.83694966784024,0,0,0
03:44:41,98.84230852361738,0,0,0
03:44:42,98.84943580180094,0,0,0
03:44:43,98.84239783788033,0,0,0
03:44:44,98.84052223835832,0,0,0
03:44:45,98.8440948088764,0,0,0
03:44:46,98.85481252043064,0,0,0
03:44:47,98.8673165172439,0,0,0
03:44:48,98.87624794353908,0,0,0
03:44:49,98.87982051405716,0,0,0
03:44:50,98.8816067993162,0,0,0
03:44:51,98.87589068648728,0,0,0
03:44:52,98.88875194035236,0,0,0
03:44:53,98.89589708138853,0,0,0
03:44:54,98.88517936983428,0,0,0
03:44:55,98.87803422879811,0,0,0
03:44:56,98.88339308457525,0,0,0
03:44:57,98.90304222242465,0,0,0
03:44:58,98.90661479294276,0,0,0
03:44:59,98.91554621923792,0,0,0
03:45:00,98.91554621923792,0,0,0
03:45:01,98.90847252961214,0,0,0
03:45:02,98.9048285076837,0,0,0
03:45:03,98.919118789756,0,0,0
03:45:04,98.92447764553312,0,0,0
03:45:05,98.9202262866166,0,0,0
03:45:06,98.92088721216246,0,0,0
03:45:07,98.90304222242465,0,0,0
03:45:08,98.89514684157972,0,0,0
03:45:09,98.88875194035236,0,0,0
03:45:10,98.8994696519066,0,0,0
03:45:11,98.91465307660842,0,0,0
03:45:12,98.91197364871984,0,0,0
03:45:13,98.88339308457525,0,0,0
03:45:14,98.88696565509332,0,0,0
03:45:15,98.87178223039147,0,0,0
03:45:16,98.87265751016842,0,0,0
03:45:17,98.87982051405716,0,0,0
03:45:18,98.8816067993162,0,0,0
03:45:19,98.87535480090956,0,0,0
03:45:20,98.88249994194574,0,0,0
03:45:21,98.88249994194574,0,0,0
03:45:22,98.88339308457525,0,0,0
03:45:23,98.87983837690976,0,0,0
03:45:24,98.87983837690976,0,0,0
03:45:25,98.87983837690976,0,0,0
03:45:26,98.88696565509332,0,0,0
03:45:27,98.88592960964309,0,0,0
03:45:28,98.88471493566692,0,0,0
03:45:29,98.88517936983428,0,0,0
03:45:30,98.88517936983428,0,0,0
03:45:31,98.88505432986616,0,0,0
03:45:32,98.88505432986616,0,0,0
03:45:33,98.88875194035236,0,0,0
03:45:34,98.88875194035236,0,0,0
03:45:35,98.89679022401802,0,0,0
03:45:36,98.895003938759,0,0,0
03:45:37,98.89411079612948,0,0,0
03:45:38,98.8767481034116,0,0,0
03:45:39,98.88339308457525,0,0,0
03:45:40,98.89232451087044,0,0,0
03:45:41,98.89321765349996,0,0,0
03:45:42,98.89411079612948,0,0,0
03:45:43,98.89589708138853,0,0,0
03:45:44,98.91197364871984,0,0,0
03:45:45,98.92020842376402,0,0,0
03:45:46,98.93340907182832,0,0,0
03:45:47,98.93340907182832,0,0,0
03:45:48,98.9280680789038,0,0,0
03:45:49,98.9280680789038,0,0,0
03:45:50,98.93162278656928,0,0,0
03:45:51,98.9280502160512,0,0,0
03:45:52,98.90572165031324,0,0,0
03:45:53,98.90280714728456,0,0,0
03:45:54,98.88339308457525,0,0,0
03:45:55,98.8860725124638,0,0,0
03:45:56,98.89589708138853,0,0,0
03:45:57,98.89589708138853,0,0,0
03:45:58,98.91018736346082,0,0,0
03:45:59,98.9137599339789,0,0,0
03:46:00,98.91197364871984,0,0,0
03:46:01,98.9137599339789,0,0,0
03:46:02,98.91733250449695,0,0,0
03:46:03,98.91554621923792,0,0,0
03:46:04,98.91554621923792,0,0,0
03:46:05,98.91554621923792,0,0,0
03:46:06,98.9369637794938,0,0,0
03:46:07,98.94055421286446,0,0,0
03:46:08,98.94948563915966,0,0,0
03:46:09,98.95305820967774,0,0,0
03:46:10,98.95305820967774,0,0,0
03:46:11,98.95484449493678,0,0,0
03:46:12,98.96377592123196,0,0,0
03:46:13,98.96913477700906,0,0,0
03:46:14,98.97806620330428,0,0,0
03:46:15,98.97806620330428,0,0,0
03:46:16,98.98163877382234,0,0,0
03:46:17,98.97002791963858,0,0,0
03:46:18,98.9744936327862,0,0,0
03:46:19,98.97004578249118,0,0,0
03:46:20,98.97249299329609,0,0,0
03:46:21,98.9744936327862,0,0,0
03:46:22,98.98163877382234,0,0,0
03:46:23,98.97985248856332,0,0,0
03:46:24,98.98530065860336,0,0,0
03:46:25,98.96198963597293,0,0,0
03:46:26,98.96198963597293,0,0,0
03:46:27,98.96913477700906,0,0,0
03:46:28,98.95931020808436,0,0,0
03:46:29,98.95484449493678,0,0,0
03:46:30,98.965562206491,0,0,0
03:46:31,98.96020335071388,0,0,0
03:46:32,98.96020335071388,0,0,0
03:46:33,98.96198963597293,0,0,0
03:46:34,98.97270734752716,0,0,0
03:46:35,98.96913477700906,0,0,0
03:46:36,98.95841706545484,0,0,0
03:46:37,98.9601854878613,0,0,0
03:46:38,98.96020335071388,0,0,0
03:46:39,98.96288277860243,0,0,0
03:46:40,98.9610964933434,0,0,0
03:46:41,98.96913477700906,0,0,0
03:46:42,98.97270734752716,0,0,0
03:46:43,98.97985248856332,0,0,0
03:46:44,98.97985248856332,0,0,0
03:46:45,98.98431820171088,0,0,0
03:46:46,98.98342505908138,0,0,0
03:46:47,98.98342505908138,0,0,0
03:46:48,98.99324962800608,0,0,0
03:46:49,98.99146334274704,0,0,0
03:46:50,98.99414277063562,0,0,0
03:46:51,98.99414277063562,0,0,0
03:46:52,98.99950162641272,0,0,0
03:46:53,99.00039476904225,0,0,0
03:46:54,98.99962666638083,0,0,0
03:46:55,98.9977153411537,0,0,0
03:46:56,99.00396733956032,0,0,0
03:46:57,99.00841518985531,0,0,0
03:46:58,99.00218105430127,0,0,0
03:46:59,98.99414277063562,0,0,0
03:47:00,98.99235648537656,0,0,0
03:47:01,98.99264229101802,0,0,0
03:47:02,98.98878391485847,0,0,0
03:47:03,98.99950162641272,0,0,0
03:47:04,98.99414277063562,0,0,0
03:47:05,98.99235648537656,0,0,0
03:47:06,98.98789077222897,0,0,0
03:47:07,98.98789077222897,0,0,0
03:47:08,98.965562206491,0,0,0
03:47:09,98.9709210622681,0,0,0
03:47:10,98.96868820569432,0,0,0
03:47:11,98.97270734752716,0,0,0
03:47:12,98.97806620330428,0,0,0
03:47:13,98.97002791963858,0,0,0
03:47:14,98.965562206491,0,0,0
03:47:15,98.96770574880183,0,0,0
03:47:16,98.96913477700906,0,0,0
03:47:17,98.9744936327862,0,0,0
03:47:18,98.96913477700906,0,0,0
03:47:19,98.96734849175004,0,0,0
03:47:20,98.96734849175004,0,0,0
03:47:21,98.95931020808436,0,0,0
03:47:22,98.9566307801958,0,0,0
03:47:23,98.95841706545484,0,0,0
03:47:24,98.94948563915966,0,0,0
03:47:25,98.9476993539006,0,0,0
03:47:26,98.95529106625152,0,0,0
03:47:27,98.9476993539006,0,0,0
03:47:28,98.94680621127108,0,0,0
03:47:29,98.94948563915966,0,0,0
03:47:30,98.96020335071388,0,0,0
03:47:31,98.96020335071388,0,0,0
03:47:32,98.9512719244187,0,0,0
03:47:33,98.9521650670482,0,0,0
03:47:34,98.9521650670482,0,0,0
03:47:35,98.9521650670482,0,0,0
03:47:36,98.94948563915966,0,0,0
03:47:37,98.9512719244187,0,0,0
03:47:38,98.9512719244187,0,0,0
03:47:39,98.94948563915966,0,0,0
03:47:40,98.9476993539006,0,0,0
03:47:41,98.94680621127108,0,0,0
03:47:42,98.96198963597293,0,0,0
03:47:43,98.96734849175004,0,0,0
03:47:44,98.96913477700906,0,0,0
03:47:45,98.97176061633986,0,0,0
03:47:46,98.97176061633986,0,0,0
03:47:47,98.98360368760729,0,0,0
03:47:48,98.99235648537656,0,0,0
03:47:49,99.00128791167177,0,0,0
03:47:50,99.0030741969308,0,0,0
03:47:51,99.00128791167177,0,0,0
03:47:52,99.00664676744888,0,0,0
03:47:53,99.00218105430127,0,0,0
03:47:54,98.98610448696994,0,0,0
03:47:55,98.98163877382234,0,0,0
03:47:56,98.9852113443404,0,0,0
03:47:57,98.98342505908138,0,0,0
03:47:58,98.98431820171088,0,0,0
03:47:59,98.96377592123196,0,0,0
03:48:00,98.96198963597293,0,0,0
03:48:01,98.96020335071388,0,0,0
03:48:02,98.95305820967774,0,0,0
03:48:03,98.95305820967774,0,0,0
03:48:04,98.93853571052176,0,0,0
03:48:05,98.94412678338252,0,0,0
03:48:06,98.9476993539006,0,0,0
03:48:07,98.93698164234638,0,0,0
03:48:08,98.93162278656928,0,0,0
03:48:09,98.93519535708737,0,0,0
03:48:10,98.93966107023496,0,0,0
03:48:11,98.94144735549398,0,0,0
03:48:12,98.9423404981235,0,0,0
03:48:13,98.94412678338252,0,0,0
03:48:14,98.92983650131023,0,0,0
03:48:15,98.9280502160512,0,0,0
03:48:16,98.93698164234638,0,0,0
03:48:17,98.93698164234638,0,0,0
03:48:18,98.93698164234638,0,0,0
03:48:19,98.93698164234638,0,0,0
03:48:20,98.92269136027409,0,0,0
03:48:21,98.91643936186745,0,0,0
03:48:22,98.92269136027409,0,0,0
03:48:23,98.9280502160512,0,0,0
03:48:24,98.9280502160512,0,0,0
03:48:25,98.9280502160512,0,0,0
03:48:26,98.9280502160512,0,0,0
03:48:27,98.92090507501504,0,0,0
03:48:28,98.9137599339789,0,0,0
03:48:29,98.92269136027409,0,0,0
03:48:30,98.91733250449695,0,0,0
03:48:31,98.92447764553312,0,0,0
03:48:32,98.92447764553312,0,0,0
03:48:33,98.92090507501504,0,0,0
03:48:34,98.91733250449695,0,0,0
03:48:35,98.91733250449695,0,0,0
03:48:36,98.91733250449695,0,0,0
03:48:37,98.92090507501504,0,0,0
03:48:38,98.93519535708737,0,0,0
03:48:39,98.92269136027409,0,0,0
03:48:40,98.91197364871984,0,0,0
03:48:41,98.91197364871984,0,0,0
03:48:42,98.90840107820178,0,0,0
03:48:43,98.90840107820178,0,0,0
03:48:44,98.90840107820178,0,0,0
03:48:45,98.9048285076837,0,0,0
03:48:46,98.9048285076837,0,0,0
03:48:47,98.89768336664754,0,0,0
03:48:48,98.89121701400984,0,0,0
03:48:49,98.89232451087044,0,0,0
03:48:50,98.89589708138853,0,0,0
03:48:51,98.89589708138853,0,0,0
03:48:52,98.89589708138853,0,0,0
03:48:53,98.89589708138853,0,0,0
03:48:54,98.89232451087044,0,0,0
03:48:55,98.89589708138853,0,0,0
03:48:56,98.8994696519066,0,0,0
03:48:57,98.90125593716562,0,0,0
03:48:58,98.90125593716562,0,0,0
03:48:59,98.88875194035236,0,0,0
03:49:00,98.8816067993162,0,0,0
03:49:01,98.88517936983428,0,0,0
03:49:02,98.88339308457525,0,0,0
03:49:03,98.8905382256114,0,0,0
03:49:04,98.88875194035236,0,0,0
03:49:05,98.89182435099792,0,0,0
03:49:06,98.89589708138853,0,0,0
03:49:07,98.88696565509332,0,0,0
03:49:08,98.90304222242465,0,0,0
03:49:09,98.89232451087044,0,0,0
03:49:10,98.8905382256114,0,0,0
03:49:11,98.8905382256114,0,0,0
03:49:12,98.88517936983428,0,0,0
03:49:13,98.89232451087044,0,0,0
03:49:14,98.90125593716562,0,0,0
03:49:15,98.90125593716562,0,0,0
03:49:16,98.8994696519066,0,0,0
03:49:17,98.89234237372304,0,0,0
03:49:18,98.8994696519066,0,0,0
03:49:19,98.8994696519066,0,0,0
03:49:20,98.8994696519066,0,0,0
03:49:21,98.8994696519066,0,0,0
03:49:22,98.90304222242465,0,0,0
03:49:23,98.8994696519066,0,0,0
03:49:24,98.919118789756,0,0,0
03:49:25,98.92447764553312,0,0,0
03:49:26,98.91735036734956,0,0,0
03:49:27,98.91572484776384,0,0,0
03:49:28,98.91199151157244,0,0,0
03:49:29,98.91199151157244,0,0,0
03:49:30,98.90661479294276,0,0,0
03:49:31,98.9050071362096,0,0,0
03:49:32,98.91018736346082,0,0,0
03:49:33,98.92626393079216,0,0,0
03:49:34,98.92090507501504,0,0,0
03:49:35,98.92090507501504,0,0,0
03:49:36,98.92090507501504,0,0,0
03:49:37,98.91050889480744,0,0,0
03:49:38,98.90489995909404,0,0,0
03:49:39,98.91554621923792,0,0,0
03:49:40,98.919118789756,0,0,0
03:49:41,98.92447764553312,0,0,0
03:49:42,98.92090507501504,0,0,0
03:49:43,98.92090507501504,0,0,0
03:49:44,98.92269136027409,0,0,0
03:49:45,98.92269136027409,0,0,0
03:49:46,98.92447764553312,0,0,0
03:49:47,98.92447764553312,0,0,0
03:49:48,98.92628179364476,0,0,0
03:49:49,98.93519535708737,0,0,0
03:49:50,98.93519535708737,0,0,0
03:49:51,98.93519535708737,0,0,0
03:49:52,98.92983650131023,0,0,0
03:49:53,98.92644255931806,0,0,0
03:49:54,98.92447764553312,0,0,0
03:49:55,98.92983650131023,0,0,0
03:49:56,98.92447764553312,0,0,0
03:49:57,98.92447764553312,0,0,0
03:49:58,98.919118789756,0,0,0
03:49:59,98.93430221445784,0,0,0
03:50:00,98.93271242057727,0,0,0
03:50:01,98.9378747849759,0,0,0
03:50:02,98.9378747849759,0,0,0
03:50:03,98.9378747849759,0,0,0
03:50:04,98.94936059919152,0,0,0
03:50:05,98.94936059919152,0,0,0
03:50:06,98.93876792760544,0,0,0
03:50:07,98.94680621127108,0,0,0
03:50:08,98.9512719244187,0,0,0
03:50:09,98.93162278656928,0,0,0
03:50:10,98.93162278656928,0,0,0
03:50:11,98.92983650131023,0,0,0
03:50:12,98.92983650131023,0,0,0
03:50:13,98.91733250449695,0,0,0
03:50:14,98.919118789756,0,0,0
03:50:15,98.92269136027409,0,0,0
03:50:16,98.92447764553312,0,0,0
03:50:17,98.92090507501504,0,0,0
03:50:18,98.92090507501504,0,0,0
03:50:19,98.91554621923792,0,0,0
03:50:20,98.89232451087044,0,0,0
03:50:21,98.89768336664754,0,0,0
03:50:22,98.88339308457525,0,0,0
03:50:23,98.87446165828004,0,0,0
03:50:24,98.87535480090956,0,0,0
03:50:25,98.87624794353908,0,0,0
03:50:26,98.87088908776198,0,0,0
03:50:27,98.872675373021,0,0,0
03:50:28,98.86553023198486,0,0,0
03:50:29,98.86553023198486,0,0,0
03:50:30,98.8440948088764,0,0,0
03:50:31,98.84052223835832,0,0,0
03:50:32,98.82801824154504,0,0,0
03:50:33,98.83337709732216,0,0,0
03:50:34,98.82623195628602,0,0,0
03:50:35,98.82265938576796,0,0,0
03:50:36,98.7887199658462,0,0,0
03:50:37,98.77085711325584,0,0,0
03:50:38,98.75656683118352,0,0,0
03:50:39,98.76549825747873,0,0,0
03:50:40,98.76549825747873,0,0,0
03:50:41,98.76728454273776,0,0,0
03:50:42,98.76371197221968,0,0,0
03:50:43,98.7690708279968,0,0,0
03:50:44,98.77264339851487,0,0,0
03:50:45,98.77264339851487,0,0,0
03:50:46,98.78514739532814,0,0,0
03:50:47,98.8065828184366,0,0,0
03:50:48,98.81372795947274,0,0,0
03:50:49,98.81194167421371,0,0,0
03:50:50,98.80301024791852,0,0,0
03:50:51,98.78336111006912,0,0,0
03:50:52,98.78157482481006,0,0,0
03:50:53,98.78514739532814,0,0,0
03:50:54,98.79407882162334,0,0,0
03:50:55,98.79407882162334,0,0,0
03:50:56,98.79586510688236,0,0,0
03:50:57,98.7967582495119,0,0,0
03:50:58,98.78425425269862,0,0,0
03:50:59,98.78336111006912,0,0,0
03:51:00,98.7887199658462,0,0,0
03:51:01,98.7690708279968,0,0,0
03:51:02,98.7690708279968,0,0,0
03:51:03,98.76103254433112,0,0,0
03:51:04,98.75299426066546,0,0,0
03:51:05,98.75299426066546,0,0,0
03:51:06,98.76192568696064,0,0,0
03:51:07,98.7601394017016,0,0,0
03:51:08,98.75656683118352,0,0,0
03:51:09,98.7458491196293,0,0,0
03:51:10,98.74406283437024,0,0,0
03:51:11,98.75290494640252,0,0,0
03:51:12,98.7494216901474,0,0,0
03:51:13,98.74316969174076,0,0,0
03:51:14,98.74049026385218,0,0,0
03:51:15,98.73763220743773,0,0,0
03:51:16,98.74763540488831,0,0,0
03:51:17,98.74761754203574,0,0,0
03:51:18,98.73870397859316,0,0,0
03:51:19,98.74049026385218,0,0,0
03:51:20,98.7226452741144,0,0,0
03:51:21,98.72084112600275,0,0,0
03:51:22,98.72084112600275,0,0,0
03:51:23,98.74049026385218,0,0,0
03:51:24,98.74763540488831,0,0,0
03:51:25,98.7547805459245,0,0,0
03:51:26,98.75388740329498,0,0,0
03:51:27,98.74442009142209,0,0,0
03:51:28,98.7369176933341,0,0,0
03:51:29,98.7458491196293,0,0,0
03:51:30,98.75031483277692,0,0,0
03:51:31,98.75031483277692,0,0,0
03:51:32,98.75076140409166,0,0,0
03:51:33,98.74876076460151,0,0,0
03:51:34,98.74227654911122,0,0,0
03:51:35,98.72798626703892,0,0,0
03:51:36,98.731558837557,0,0,0
03:51:37,98.71905484074372,0,0,0
03:51:38,98.71548227022564,0,0,0
03:51:39,98.7083371291895,0,0,0
03:51:40,98.71190969970758,0,0,0
03:51:41,98.7083371291895,0,0,0
03:51:42,98.711891836855,0,0,0
03:51:43,98.71190969970758,0,0,0
03:51:44,98.7172685554847,0,0,0
03:51:45,98.71994798337325,0,0,0
03:51:46,98.7261999817799,0,0,0
03:51:47,98.7181616981142,0,0,0
03:51:48,98.72977255229796,0,0,0
03:51:49,98.72798626703892,0,0,0
03:51:50,98.73154097470442,0,0,0
03:51:51,98.731558837557,0,0,0
03:51:52,98.73334512281605,0,0,0
03:51:53,98.72441369652084,0,0,0
03:51:54,98.72977255229796,0,0,0
03:51:55,98.731558837557,0,0,0
03:51:56,98.73054065495934,0,0,0
03:51:57,98.71905484074372,0,0,0
03:51:58,98.71012341444856,0,0,0
03:51:59,98.7261999817799,0,0,0
03:52:00,98.72798626703892,0,0,0
03:52:01,98.7172685554847,0,0,0
03:52:02,98.72441369652084,0,0,0
03:52:03,98.72084112600275,0,0,0
03:52:04,98.72798626703892,0,0,0
03:52:05,98.731558837557,0,0,0
03:52:06,98.7261999817799,0,0,0
03:52:07,98.72977255229796,0,0,0
03:52:08,98.72977255229796,0,0,0
03:52:09,98.7226274112618,0,0,0
03:52:10,98.70923027181902,0,0,0
03:52:11,98.6654662829726,0,0,0
03:52:12,98.70208513078286,0,0,0
03:52:13,98.67975656504488,0,0,0
03:52:14,98.65832114193644,0,0,0
03:52:15,98.67261142400874,0,0,0
03:52:16,98.67888128526798,0,0,0
03:52:17,98.68154285030394,0,0,0
03:52:18,98.68511542082202,0,0,0
03:52:19,98.68332913556296,0,0,0
03:52:20,98.68511542082202,0,0,0
03:52:21,98.69761941763528,0,0,0
03:52:22,98.69761941763528,0,0,0
03:52:23,98.6940468471172,0,0,0
03:52:24,98.69047427659912,0,0,0
03:52:25,98.67707713715632,0,0,0
03:52:26,98.69761941763528,0,0,0
03:52:27,98.69583313237624,0,0,0
03:52:28,98.70476455867144,0,0,0
03:52:29,98.70919454611384,0,0,0
03:52:30,98.71190969970758,0,0,0
03:52:31,98.71369598496662,0,0,0
03:52:32,98.71905484074372,0,0,0
03:52:33,98.71012341444856,0,0,0
03:52:34,98.70297827341238,0,0,0
03:52:35,98.70780124361178,0,0,0
03:52:36,98.70321049049606,0,0,0
03:52:37,98.70476455867144,0,0,0
03:52:38,98.69940570289432,0,0,0
03:52:39,98.66189371245451,0,0,0
03:52:40,98.65296228615932,0,0,0
03:52:41,98.65832114193644,0,0,0
03:52:42,98.66012529004809,0,0,0
03:52:43,98.65832114193644,0,0,0
03:52:44,98.66725256823165,0,0,0
03:52:45,98.6708251387497,0,0,0
03:52:46,98.68511542082202,0,0,0
03:52:47,98.68868799134007,0,0,0
03:52:48,98.67975656504488,0,0,0
03:52:49,98.68868799134007,0,0,0
03:52:50,98.6886701284875,0,0,0
03:52:51,98.68154285030394,0,0,0
03:52:52,98.6708251387497,0,0,0
03:52:53,98.66725256823165,0,0,0
03:52:54,98.6761839945268,0,0,0
03:52:55,98.66903885349066,0,0,0
03:52:56,98.6708251387497,0,0,0
03:52:57,98.67439770926778,0,0,0
03:52:58,98.65832114193644,0,0,0
03:52:59,98.6476034303822,0,0,0
03:53:00,98.65028285827076,0,0,0
03:53:01,98.65653485667738,0,0,0
03:53:02,98.67439770926778,0,0,0
03:53:03,98.68332913556296,0,0,0
03:53:04,98.67797027978584,0,0,0
03:53:05,98.66903885349066,0,0,0
03:53:06,98.6761839945268,0,0,0
03:53:07,98.68511542082202,0,0,0
03:53:08,98.69761941763528,0,0,0
03:53:09,98.70115626244817,0,0,0
03:53:10,98.70297827341238,0,0,0
03:53:11,98.7083371291895,0,0,0
03:53:12,98.70476455867144,0,0,0
03:53:13,98.7083371291895,0,0,0
03:53:14,98.70297827341238,0,0,0
03:53:15,98.69226056185816,0,0,0
03:53:16,98.69047427659912,0,0,0
03:53:17,98.66725256823165,0,0,0
03:53:18,98.66961046477356,0,0,0
03:53:19,98.67318303529164,0,0,0
03:53:20,98.6797387021923,0,0,0
03:53:21,98.6797387021923,0,0,0
03:53:22,98.6769520971882,0,0,0
03:53:23,98.67048574455048,0,0,0
03:53:24,98.68332913556296,0,0,0
03:53:25,98.68332913556296,0,0,0
03:53:26,98.68511542082202,0,0,0
03:53:27,98.71012341444856,0,0,0
03:53:28,98.71010555159596,0,0,0
03:53:29,98.69672627500574,0,0,0
03:53:30,98.70003090273498,0,0,0
03:53:31,98.71807238385126,0,0,0
03:53:32,98.72407430232164,0,0,0
03:53:33,98.72268099981956,0,0,0
03:53:34,98.72268099981956,0,0,0
03:53:35,98.72441369652084,0,0,0
03:53:36,98.7172685554847,0,0,0
03:53:37,98.70476455867144,0,0,0
03:53:38,98.70476455867144,0,0,0
03:53:39,98.71208832823348,0,0,0
03:53:40,98.7172685554847,0,0,0
03:53:41,98.7172685554847,0,0,0
03:53:42,98.71905484074372,0,0,0
03:53:43,98.71548227022564,0,0,0
03:53:44,98.71369598496662,0,0,0
03:53:45,98.72441369652084,0,0,0
03:53:46,98.71369598496662,0,0,0
03:53:47,98.71387461349252,0,0,0
03:53:48,98.72084112600275,0,0,0
03:53:49,98.7261999817799,0,0,0
03:53:50,98.7458491196293,0,0,0
03:53:51,98.75656683118352,0,0,0
03:53:52,98.75835311644258,0,0,0
03:53:53,98.75299426066546,0,0,0
03:53:54,98.75476268307192,0,0,0
03:53:55,98.7494216901474,0,0,0
03:53:56,98.7494216901474,0,0,0
03:53:57,98.74406283437024,0,0,0
03:53:58,98.73727495038592,0,0,0
03:53:59,98.75299426066546,0,0,0
03:54:00,98.75835311644258,0,0,0
03:54:01,98.7494216901474,0,0,0
03:54:02,98.76426572065,0,0,0
03:54:03,98.7601394017016,0,0,0
03:54:04,98.7494216901474,0,0,0
03:54:05,98.75120797540644,0,0,0
03:54:06,98.76371197221968,0,0,0
03:54:07,98.76047879590082,0,0,0
03:54:08,98.76047879590082,0,0,0
03:54:09,98.7601394017016,0,0,0
03:54:10,98.75656683118352,0,0,0
03:54:11,98.75837097929517,0,0,0
03:54:12,98.7636941093671,0,0,0
03:54:13,98.75656683118352,0,0,0
03:54:14,98.778002254292,0,0,0
03:54:15,98.78157482481006,0,0,0
03:54:16,98.77085711325584,0,0,0
03:54:17,98.77085711325584,0,0,0
03:54:18,98.77442968377392,0,0,0
03:54:19,98.77400097531174,0,0,0
03:54:20,98.76371197221968,0,0,0
03:54:21,98.76371197221968,0,0,0
03:54:22,98.77516206073012,0,0,0
03:54:23,98.7735365411444,0,0,0
03:54:24,98.75656683118352,0,0,0
03:54:25,98.75835311644258,0,0,0
03:54:26,98.75835311644258,0,0,0
03:54:27,98.74763540488831,0,0,0
03:54:28,98.74227654911122,0,0,0
03:54:29,98.74406283437024,0,0,0
03:54:30,98.73513140807508,0,0,0
03:54:31,98.72084112600275,0,0,0
03:54:32,98.72977255229796,0,0,0
03:54:33,98.73513140807508,0,0,0
03:54:34,98.7369176933341,0,0,0
03:54:35,98.73334512281605,0,0,0
03:54:36,98.72441369652084,0,0,0
03:54:37,98.72441369652084,0,0,0
03:54:38,98.7261999817799,0,0,0
03:54:39,98.7261999817799,0,0,0
03:54:40,98.71905484074372,0,0,0
03:54:41,98.7261999817799,0,0,0
03:54:42,98.72612853036954,0,0,0
03:54:43,98.73154097470442,0,0,0
03:54:44,98.72798626703892,0,0,0
03:54:45,98.72743251860862,0,0,0
03:54:46,98.72743251860862,0,0,0
03:54:47,98.72016233760434,0,0,0
03:54:48,98.7172685554847,0,0,0
03:54:49,98.71458912759614,0,0,0
03:54:50,98.71012341444856,0,0,0
03:54:51,98.71012341444856,0,0,0
03:54:52,98.71369598496662,0,0,0
03:54:53,98.70476455867144,0,0,0
03:54:54,98.70476455867144,0,0,0
03:54:55,98.71294574515782,0,0,0
03:54:56,98.71085579140475,0,0,0
03:54:57,98.69940570289432,0,0,0
03:54:58,98.69226056185816,0,0,0
03:54:59,98.69226056185816,0,0,0
03:55:00,98.69226056185816,0,0,0
03:55:01,98.70297827341238,0,0,0
03:55:02,98.70297827341238,0,0,0
03:55:03,98.69583313237624,0,0,0
03:55:04,98.67982801645525,0,0,0
03:55:05,98.66903885349066,0,0,0
03:55:06,98.66367999771356,0,0,0
03:55:07,98.66367999771356,0,0,0
03:55:08,98.66010742719548,0,0,0
03:55:09,98.66725256823165,0,0,0
03:55:10,98.66725256823165,0,0,0
03:55:11,98.6654662829726,0,0,0
03:55:12,98.65832114193644,0,0,0
03:55:13,98.66010742719548,0,0,0
03:55:14,98.66723470537904,0,0,0
03:55:15,98.66366213486094,0,0,0
03:55:16,98.66010742719548,0,0,0
03:55:17,98.6708251387497,0,0,0
03:55:18,98.66903885349066,0,0,0
03:55:19,98.67261142400874,0,0,0
03:55:20,98.69047427659912,0,0,0
03:55:21,98.69047427659912,0,0,0
03:55:22,98.68332913556296,0,0,0
03:55:23,98.68568703210492,0,0,0
03:55:24,98.67797027978584,0,0,0
03:55:25,98.67391541224784,0,0,0
03:55:26,98.67797027978584,0,0,0
03:55:27,98.68081047334772,0,0,0
03:55:28,98.67797027978584,0,0,0
03:55:29,98.67797027978584,0,0,0
03:55:30,98.67795241693328,0,0,0
03:55:31,98.67439770926778,0,0,0
03:55:32,98.6806497076744,0,0,0
03:55:33,98.67975656504488,0,0,0
03:55:34,98.67261142400874,0,0,0
03:55:35,98.65832114193644,0,0,0
03:55:36,98.66189371245451,0,0,0
03:55:37,98.6708251387497,0,0,0
03:55:38,98.66903885349066,0,0,0
03:55:39,98.66903885349066,0,0,0
03:55:40,98.66012529004809,0,0,0
03:55:41,98.66010742719548,0,0,0
03:55:42,98.66189371245451,0,0,0
03:55:43,98.64403085986412,0,0,0
03:55:44,98.64403085986412,0,0,0
03:55:45,98.65296228615932,0,0,0
03:55:46,98.65296228615932,0,0,0
03:55:47,98.64581714512316,0,0,0
03:55:48,98.64581714512316,0,0,0
03:55:49,98.65653485667738,0,0,0
03:55:50,98.65832114193644,0,0,0
03:55:51,98.66010742719548,0,0,0
03:55:52,98.66010742719548,0,0,0
03:55:53,98.64403085986412,0,0,0
03:55:54,98.64581714512316,0,0,0
03:55:55,98.64581714512316,0,0,0
03:55:56,98.6422445746051,0,0,0
03:55:57,98.6476034303822,0,0,0
03:55:58,98.64403085986412,0,0,0
03:55:59,98.64403085986412,0,0,0
03:56:00,98.63802894139376,0,0,0
03:56:01,98.63152686305084,0,0,0
03:56:02,98.63688571882798,0,0,0
03:56:03,98.64403085986412,0,0,0
03:56:04,98.63152686305084,0,0,0
03:56:05,98.6333131483099,0,0,0
03:56:06,98.64938971564123,0,0,0
03:56:07,98.64751411611924,0,0,0
03:56:08,98.6422445746051,0,0,0
03:56:09,98.64045828934606,0,0,0
03:56:10,98.6234885793852,0,0,0
03:56:11,98.62259543675567,0,0,0
03:56:12,98.63150900019826,0,0,0
03:56:13,98.62795429253278,0,0,0
03:56:14,98.63152686305084,0,0,0
03:56:15,98.62795429253278,0,0,0
03:56:16,98.61545029571953,0,0,0
03:56:17,98.6149144101418,0,0,0
03:56:18,98.619005003385,0,0,0
03:56:19,98.62611441871596,0,0,0
03:56:20,98.62611441871596,0,0,0
03:56:21,98.63867200408704,0,0,0
03:56:22,98.64045828934606,0,0,0
03:56:23,98.65564171404787,0,0,0
03:56:24,98.65653485667738,0,0,0
03:56:25,98.64937185278866,0,0,0
03:56:26,98.65474857141837,0,0,0
03:56:27,98.6476034303822,0,0,0
03:56:28,98.6476034303822,0,0,0
03:56:29,98.65653485667738,0,0,0
03:56:30,98.65474857141837,0,0,0
03:56:31,98.65653485667738,0,0,0
03:56:32,98.66010742719548,0,0,0
03:56:33,98.66010742719548,0,0,0
03:56:34,98.65832114193644,0,0,0
03:56:35,98.66903885349066,0,0,0
03:56:36,98.66189371245451,0,0,0
03:56:37,98.6654662829726,0,0,0
03:56:38,98.6654662829726,0,0,0
03:56:39,98.66010742719548,0,0,0
03:56:40,98.66189371245451,0,0,0
03:56:41,98.6596787187333,0,0,0
03:56:42,98.66010742719548,0,0,0
03:56:43,98.66189371245451,0,0,0
03:56:44,98.66725256823165,0,0,0
03:56:45,98.6708251387497,0,0,0
03:56:46,98.66903885349066,0,0,0
03:56:47,98.66814571086114,0,0,0
03:56:48,98.6708251387497,0,0,0
03:56:49,98.66367999771356,0,0,0
03:56:50,98.6416551004696,0,0,0
03:56:51,98.64403085986412,0,0,0
03:56:52,98.64937185278866,0,0,0
03:56:53,98.64671028775268,0,0,0
03:56:54,98.64403085986412,0,0,0
03:56:55,98.64938971564123,0,0,0
03:56:56,98.65653485667738,0,0,0
03:56:57,98.65648126811963,0,0,0
03:56:58,98.65296228615932,0,0,0
03:56:59,98.65385542878884,0,0,0
03:57:00,98.6476034303822,0,0,0
03:57:01,98.6422445746051,0,0,0
03:57:02,98.64581714512316,0,0,0
03:57:03,98.6476034303822,0,0,0
03:57:04,98.65117600090028,0,0,0
03:57:05,98.65117600090028,0,0,0
03:57:06,98.65117600090028,0,0,0
03:57:07,98.65921428456596,0,0,0
03:57:08,98.6654662829726,0,0,0
03:57:09,98.66903885349066,0,0,0
03:57:10,98.6708251387497,0,0,0
03:57:11,98.66725256823165,0,0,0
03:57:12,98.66189371245451,0,0,0
03:57:13,98.64938971564123,0,0,0
03:57:14,98.64045828934606,0,0,0
03:57:15,98.64045828934606,0,0,0
03:57:16,98.64274473447762,0,0,0
03:57:17,98.64290550015092,0,0,0
03:57:18,98.6333131483099,0,0,0
03:57:19,98.63242000568036,0,0,0
03:57:20,98.63686785597538,0,0,0
03:57:21,98.6422445746051,0,0,0
03:57:22,98.64938971564123,0,0,0
03:57:23,98.64849657301173,0,0,0
03:57:24,98.64135143197558,0,0,0
03:57:25,98.63688571882798,0,0,0
03:57:26,98.63688571882798,0,0,0
03:57:27,98.6288474351623,0,0,0
03:57:28,98.63152686305084,0,0,0
03:57:29,98.63152686305084,0,0,0
03:57:30,98.63956514671654,0,0,0
03:57:31,98.63867200408704,0,0,0
03:57:32,98.64045828934606,0,0,0
03:57:33,98.64045828934606,0,0,0
03:57:34,98.62559639599084,0,0,0
03:57:35,98.6245603505406,0,0,0
03:57:36,98.64403085986412,0,0,0
03:57:37,98.65653485667738,0,0,0
03:57:38,98.64938971564123,0,0,0
03:57:39,98.65832114193644,0,0,0
03:57:40,98.654284137251,0,0,0
03:57:41,98.65296228615932,0,0,0
03:57:42,98.65823182767348,0,0,0
03:57:43,98.65823182767348,0,0,0
03:57:44,98.6520691435298,0,0,0
03:57:45,98.65117600090028,0,0,0
03:57:46,98.6476034303822,0,0,0
03:57:47,98.65385542878884,0,0,0
03:57:48,98.65653485667738,0,0,0
03:57:49,98.65117600090028,0,0,0
03:57:50,98.65117600090028,0,0,0
03:57:51,98.64938971564123,0,0,0
03:57:52,98.64938971564123,0,0,0
03:57:53,98.65474857141837,0,0,0
03:57:54,98.6477820589081,0,0,0
03:57:55,98.65105096093215,0,0,0
03:57:56,98.63295589125808,0,0,0
03:57:57,98.64581714512316,0,0,0
03:57:58,98.64403085986412,0,0,0
03:57:59,98.6476034303822,0,0,0
03:58:00,98.65474857141837,0,0,0
03:58:01,98.63509943356893,0,0,0
03:58:02,98.6485322987169,0,0,0
03:58:03,98.64581714512316,0,0,0
03:58:04,98.64403085986412,0,0,0
03:58:05,98.64938971564123,0,0,0
03:58:06,98.66367999771356,0,0,0
03:58:07,98.66367999771356,0,0,0
03:58:08,98.67529085189727,0,0,0
03:58:09,98.66725256823165,0,0,0
03:58:10,98.66725256823165,0,0,0
03:58:11,98.6665737798332,0,0,0
03:58:12,98.65832114193644,0,0,0
03:58:13,98.65474857141837,0,0,0
03:58:14,98.6476212932348,0,0,0
03:58:15,98.66189371245451,0,0,0
03:58:16,98.66993199612018,0,0,0
03:58:17,98.65474857141837,0,0,0
03:58:18,98.6539268801992,0,0,0
03:58:19,98.64403085986412,0,0,0
03:58:20,98.6476034303822,0,0,0
03:58:21,98.66010742719548,0,0,0
03:58:22,98.66725256823165,0,0,0
03:58:23,98.66725256823165,0,0,0
03:58:24,98.66385862623946,0,0,0
03:58:25,98.67261142400874,0,0,0
03:58:26,98.66725256823165,0,0,0
03:58:27,98.66725256823165,0,0,0
03:58:28,98.66725256823165,0,0,0
03:58:29,98.66814571086114,0,0,0
03:58:30,98.66010742719548,0,0,0
03:58:31,98.66189371245451,0,0,0
03:58:32,98.66189371245451,0,0,0
03:58:33,98.65653485667738,0,0,0
03:58:34,98.66725256823165,0,0,0
03:58:35,98.6654662829726,0,0,0
03:58:36,98.66010742719548,0,0,0
03:58:37,98.65117600090028,0,0,0
03:58:38,98.65330168035852,0,0,0
03:58:39,98.65549881122716,0,0,0
03:58:40,98.66189371245451,0,0,0
03:58:41,98.65921428456596,0,0,0
03:58:42,98.65653485667738,0,0,0
03:58:43,98.6520870063824,0,0,0
03:58:44,98.65474857141837,0,0,0
03:58:45,98.65832114193644,0,0,0
03:58:46,98.65778525635872,0,0,0
03:58:47,98.66725256823165,0,0,0
03:58:48,98.68868799134007,0,0,0
03:58:49,98.67707713715632,0,0,0
03:58:50,98.67529085189727,0,0,0
03:58:51,98.66367999771356,0,0,0
03:58:52,98.65921428456596,0,0,0
03:58:53,98.65921428456596,0,0,0
03:58:54,98.64699609339412,0,0,0
03:58:55,98.64047615219864,0,0,0
03:58:56,98.6422445746051,0,0,0
03:58:57,98.6422445746051,0,0,0
03:58:58,98.64135143197558,0,0,0
03:58:59,98.63867200408704,0,0,0
03:59:00,98.61366401046048,0,0,0
03:59:01,98.6100914399424,0,0,0
03:59:02,98.63509943356893,0,0,0
03:59:03,98.6333131483099,0,0,0
03:59:04,98.65296228615932,0,0,0
03:59:05,98.66010742719548,0,0,0
03:59:06,98.66367999771356,0,0,0
03:59:07,98.67439770926778,0,0,0
03:59:08,98.6761839945268,0,0,0
03:59:09,98.66189371245451,0,0,0
03:59:10,98.67350456663826,0,0,0
03:59:11,98.68497251800127,0,0,0
03:59:12,98.67975656504488,0,0,0
03:59:13,98.68434731816062,0,0,0
03:59:14,98.69047427659912,0,0,0
03:59:15,98.68511542082202,0,0,0
03:59:16,98.69224269900558,0,0,0
03:59:17,98.69226056185816,0,0,0
03:59:18,98.68511542082202,0,0,0
03:59:19,98.68332913556296,0,0,0
03:59:20,98.68868799134007,0,0,0
03:59:21,98.67797027978584,0,0,0
03:59:22,98.81372795947274,0,0,0
03:59:23,98.80479653317757,0,0,0
03:59:24,98.80836910369564,0,0,0
03:59:25,98.79407882162334,0,0,0
03:59:26,98.77621596903296,0,0,0
03:59:27,98.75299426066546,0,0,0
03:59:28,98.75656683118352,0,0,0
03:59:29,98.7601394017016,0,0,0
03:59:30,98.75299426066546,0,0,0
03:59:31,98.78157482481006,0,0,0
03:59:32,98.79586510688236,0,0,0
03:59:33,98.77085711325584,0,0,0
03:59:34,98.7226274112618,0,0,0
03:59:35,98.72441369652084,0,0,0
03:59:36,98.73334512281605,0,0,0
03:59:37,98.71548227022564,0,0,0
03:59:38,98.7261999817799,0,0,0
03:59:39,98.74763540488831,0,0,0
03:59:40,98.74763540488831,0,0,0
03:59:41,98.72977255229796,0,0,0
03:59:42,98.71190969970758,0,0,0
03:59:43,98.71190969970758,0,0,0
03:59:44,98.70655084393049,0,0,0
03:59:45,98.71548227022564,0,0,0
03:59:46,98.71012341444856,0,0,0
03:59:47,98.71541081881529,0,0,0
03:59:48,98.7261999817799,0,0,0
03:59:49,98.74406283437024,0,0,0
03:59:50,98.74406283437024,0,0,0
03:59:51,98.73334512281605,0,0,0
03:59:52,98.7261999817799,0,0,0
03:59:53,98.7261999817799,0,0,0
03:59:54,98.72441369652084,0,0,0
03:59:55,98.71458912759614,0,0,0
03:59:56,98.71012341444856,0,0,0
03:59:57,98.7226452741144,0,0,0
03:59:58,98.71012341444856,0,0,0
03:59:59,98.7172685554847,0,0,0
04:00:00,98.72441369652084,0,0,0
04:00:01,98.72084112600275,0,0,0
04:00:02,98.71637541285516,0,0,0
04:00:03,98.69940570289432,0,0,0
04:00:04,98.69940570289432,0,0,0
04:00:05,98.71012341444856,0,0,0
04:00:06,98.71012341444856,0,0,0
04:00:07,98.69226056185816,0,0,0
04:00:08,98.69940570289432,0,0,0
04:00:09,98.6940468471172,0,0,0
04:00:10,98.69047427659912,0,0,0
04:00:11,98.70119198815334,0,0,0
04:00:12,98.69761941763528,0,0,0
04:00:13,98.69797667468708,0,0,0
04:00:14,98.69763728048784,0,0,0
04:00:15,98.69583313237624,0,0,0
04:00:16,98.69940570289432,0,0,0
04:00:17,98.69047427659912,0,0,0
04:00:18,98.69940570289432,0,0,0
04:00:19,98.70476455867144,0,0,0
04:00:20,98.71548227022564,0,0,0
04:00:21,98.7172685554847,0,0,0
04:00:22,98.69583313237624,0,0,0
04:00:23,98.70476455867144,0,0,0
04:00:24,98.696279703691,0,0,0
04:00:25,98.68690170608104,0,0,0
04:00:26,98.69665482359538,0,0,0
04:00:27,98.69493998974671,0,0,0
04:00:28,98.69940570289432,0,0,0
04:00:29,98.70655084393049,0,0,0
04:00:30,98.71010555159596,0,0,0
04:00:31,98.70297827341238,0,0,0
04:00:32,98.70119198815334,0,0,0
04:00:33,98.69940570289432,0,0,0
04:00:34,98.69761941763528,0,0,0
04:00:35,98.69226056185816,0,0,0
04:00:36,98.68690170608104,0,0,0
04:00:37,98.69458273269493,0,0,0
04:00:38,98.69761941763528,0,0,0
04:00:39,98.71012341444856,0,0,0
04:00:40,98.7261999817799,0,0,0
04:00:41,98.731558837557,0,0,0
04:00:42,98.71717924122174,0,0,0
04:00:43,98.7226274112618,0,0,0
04:00:44,98.72084112600275,0,0,0
04:00:45,98.72084112600275,0,0,0
04:00:46,98.7547805459245,0,0,0
04:00:47,98.7601394017016,0,0,0
04:00:48,98.7494216901474,0,0,0
04:00:49,98.731558837557,0,0,0
04:00:50,98.74227654911122,0,0,0
04:00:51,98.74406283437024,0,0,0
04:00:52,98.7458491196293,0,0,0
04:00:53,98.75269059217142,0,0,0
04:00:54,98.73154097470442,0,0,0
04:00:55,98.72441369652084,0,0,0
04:00:56,98.72084112600275,0,0,0
04:00:57,98.72432438225788,0,0,0
04:00:58,98.71905484074372,0,0,0
04:00:59,98.71905484074372,0,0,0
04:01:00,98.731558837557,0,0,0
04:01:01,98.72084112600275,0,0,0
04:01:02,98.7226274112618,0,0,0
04:01:03,98.71190969970758,0,0,0
04:01:04,98.71905484074372,0,0,0
04:01:05,98.7128028423371,0,0,0
04:01:06,98.71369598496662,0,0,0
04:01:07,98.71012341444856,0,0,0
04:01:08,98.7083192663369,0,0,0
04:01:09,98.70476455867144,0,0,0
04:01:10,98.70655084393049,0,0,0
04:01:11,98.69583313237624,0,0,0
04:01:12,98.69047427659912,0,0,0
04:01:13,98.6940468471172,0,0,0
04:01:14,98.69226056185816,0,0,0
04:01:15,98.69226056185816,0,0,0
04:01:16,98.69226056185816,0,0,0
04:01:17,98.68908097409708,0,0,0
04:01:18,98.69047427659912,0,0,0
04:01:19,98.68511542082202,0,0,0
04:01:20,98.68690170608104,0,0,0
04:01:21,98.69226056185816,0,0,0
04:01:22,98.68690170608104,0,0,0
04:01:23,98.68690170608104,0,0,0
04:01:24,98.68332913556296,0,0,0
04:01:25,98.68154285030394,0,0,0
04:01:26,98.67975656504488,0,0,0
04:01:27,98.68432945530805,0,0,0
04:01:28,98.68868799134007,0,0,0
04:01:29,98.68600856345154,0,0,0
04:01:30,98.68868799134007,0,0,0
04:01:31,98.69047427659912,0,0,0
04:01:32,98.70297827341238,0,0,0
04:01:33,98.70029884552382,0,0,0
04:01:34,98.69761941763528,0,0,0
04:01:35,98.70419294738852,0,0,0
04:01:36,98.69583313237624,0,0,0
04:01:37,98.69047427659912,0,0,0
04:01:38,98.68868799134007,0,0,0
04:01:39,98.69761941763528,0,0,0
04:01:40,98.69297507596178,0,0,0
04:01:41,98.69306439022472,0,0,0
04:01:42,98.69583313237624,0,0,0
04:01:43,98.69761941763528,0,0,0
04:01:44,98.69761941763528,0,0,0
04:01:45,98.69761941763528,0,0,0
04:01:46,98.69340378442394,0,0,0
04:01:47,98.68868799134007,0,0,0
04:01:48,98.6953508353563,0,0,0
04:01:49,98.69047427659912,0,0,0
04:01:50,98.68868799134007,0,0,0
04:01:51,98.6851332836746,0,0,0
04:01:52,98.68779484871057,0,0,0
04:01:53,98.69315370448768,0,0,0
04:01:54,98.68868799134007,0,0,0
04:01:55,98.68868799134007,0,0,0
04:01:56,98.69583313237624,0,0,0
04:01:57,98.69583313237624,0,0,0
04:01:58,98.70119198815334,0,0,0
04:01:59,98.69226056185816,0,0,0
04:02:00,98.68332913556296,0,0,0
04:02:01,98.69226056185816,0,0,0
04:02:02,98.6806497076744,0,0,0
04:02:03,98.6806497076744,0,0,0
04:02:04,98.68868799134007,0,0,0
04:02:05,98.68868799134007,0,0,0
04:02:06,98.68332913556296,0,0,0
04:02:07,98.66903885349066,0,0,0
04:02:08,98.67797027978584,0,0,0
04:02:09,98.68332913556296,0,0,0
04:02:10,98.68332913556296,0,0,0
04:02:11,98.68511542082202,0,0,0
04:02:12,98.69940570289432,0,0,0
04:02:13,98.69761941763528,0,0,0
04:02:14,98.71012341444856,0,0,0
04:02:15,98.71369598496662,0,0,0
04:02:16,98.71905484074372,0,0,0
04:02:17,98.71190969970758,0,0,0
04:02:18,98.7226095484092,0,0,0
04:02:19,98.7226274112618,0,0,0
04:02:20,98.71548227022564,0,0,0
04:02:21,98.72977255229796,0,0,0
04:02:22,98.731558837557,0,0,0
04:02:23,98.73334512281605,0,0,0
04:02:24,98.71190969970758,0,0,0
04:02:25,98.72441369652084,0,0,0
04:02:26,98.72798626703892,0,0,0
04:02:27,98.72798626703892,0,0,0
04:02:28,98.72977255229796,0,0,0
04:02:29,98.72441369652084,0,0,0
04:02:30,98.72084112600275,0,0,0
04:02:31,98.70655084393049,0,0,0
04:02:32,98.71548227022564,0,0,0
04:02:33,98.71548227022564,0,0,0
04:02:34,98.7172685554847,0,0,0
04:02:35,98.71548227022564,0,0,0
04:02:36,98.71012341444856,0,0,0
04:02:37,98.71548227022564,0,0,0
04:02:38,98.71548227022564,0,0,0
04:02:39,98.72441369652084,0,0,0
04:02:40,98.72977255229796,0,0,0
04:02:41,98.71905484074372,0,0,0
04:02:42,98.71905484074372,0,0,0
04:02:43,98.71369598496662,0,0,0
04:02:44,98.72084112600275,0,0,0
04:02:45,98.70655084393049,0,0,0
04:02:46,98.69583313237624,0,0,0
04:02:47,98.70297827341238,0,0,0
04:02:48,98.7172685554847,0,0,0
04:02:49,98.71573235016191,0,0,0
04:02:50,98.71369598496662,0,0,0
04:02:51,98.71458912759614,0,0,0
04:02:52,98.72441369652084,0,0,0
04:02:53,98.7369176933341,0,0,0
04:02:54,98.7413834064817,0,0,0
04:02:55,98.73870397859316,0,0,0
04:02:56,98.73959712122269,0,0,0
04:02:57,98.7458491196293,0,0,0
04:02:58,98.73513140807508,0,0,0
04:02:59,98.74763540488831,0,0,0
04:03:00,98.75833525359,0,0,0
04:03:01,98.7547805459245,0,0,0
04:03:02,98.75120797540644,0,0,0
04:03:03,98.75835311644258,0,0,0
04:03:04,98.7601394017016,0,0,0
04:03:05,98.79586510688236,0,0,0
04:03:06,98.778002254292,0,0,0
04:03:07,98.78336111006912,0,0,0
04:03:08,98.77710911166248,0,0,0
04:03:09,98.77442968377392,0,0,0
04:03:10,98.76549825747873,0,0,0
04:03:11,98.77085711325584,0,0,0
04:03:12,98.77085711325584,0,0,0
04:03:13,98.77175025588537,0,0,0
04:03:14,98.77442968377392,0,0,0
04:03:15,98.7690708279968,0,0,0
04:03:16,98.7690708279968,0,0,0
04:03:17,98.7690708279968,0,0,0
04:03:18,98.7369176933341,0,0,0
04:03:19,98.7369176933341,0,0,0
04:03:20,98.72084112600275,0,0,0
04:03:21,98.71369598496662,0,0,0
04:03:22,98.72084112600275,0,0,0
04:03:23,98.71369598496662,0,0,0
04:03:24,98.70840858059988,0,0,0
04:03:25,98.71012341444856,0,0,0
04:03:26,98.71905484074372,0,0,0
04:03:27,98.7172685554847,0,0,0
04:03:28,98.72441369652084,0,0,0
04:03:29,98.72796840418631,0,0,0
04:03:30,98.71905484074372,0,0,0
04:03:31,98.71905484074372,0,0,0
04:03:32,98.71905484074372,0,0,0
04:03:33,98.71546440737306,0,0,0
04:03:34,98.7083371291895,0,0,0
04:03:35,98.71012341444856,0,0,0
04:03:36,98.7083371291895,0,0,0
04:03:37,98.71548227022564,0,0,0
04:03:38,98.71190969970758,0,0,0
04:03:39,98.70297827341238,0,0,0
04:03:40,98.69761941763528,0,0,0
04:03:41,98.70119198815334,0,0,0
04:03:42,98.70120985100594,0,0,0
04:03:43,98.70124557671112,0,0,0
04:03:44,98.70655084393049,0,0,0
04:03:45,98.70387141604192,0,0,0
04:03:46,98.70824781492657,0,0,0
04:03:47,98.70824781492657,0,0,0
04:03:48,98.69940570289432,0,0,0
04:03:49,98.69583313237624,0,0,0
04:03:50,98.69226056185816,0,0,0
04:03:51,98.69581526952364,0,0,0
04:03:52,98.6940468471172,0,0,0
04:03:53,98.69226056185816,0,0,0
04:03:54,98.69761941763528,0,0,0
04:03:55,98.69829820603373,0,0,0
04:03:56,98.70474669581884,0,0,0
04:03:57,98.70297827341238,0,0,0
04:03:58,98.69917348581065,0,0,0
04:03:59,98.70387141604192,0,0,0
04:04:00,98.69940570289432,0,0,0
04:04:01,98.72084112600275,0,0,0
04:04:02,98.71369598496662,0,0,0
04:04:03,98.70297827341238,0,0,0
04:04:04,98.70297827341238,0,0,0
04:04:05,98.6940468471172,0,0,0
04:04:06,98.69583313237624,0,0,0
04:04:07,98.69583313237624,0,0,0
04:04:08,98.75299426066546,0,0,0
04:04:09,98.70655084393049,0,0,0
04:04:10,98.70297827341238,0,0,0
04:04:11,98.6959045837866,0,0,0
04:04:12,98.6899741167266,0,0,0
04:04:13,98.67797027978584,0,0,0
04:04:14,98.67975656504488,0,0,0
04:04:15,98.68868799134007,0,0,0
04:04:16,98.68868799134007,0,0,0
04:04:17,98.68868799134007,0,0,0
04:04:18,98.6824895814912,0,0,0
04:04:19,98.6824895814912,0,0,0
04:04:20,98.71367812211405,0,0,0
04:04:21,98.70476455867144,0,0,0
04:04:22,98.7083371291895,0,0,0
04:04:23,98.7010848110378,0,0,0
04:04:24,98.70297827341238,0,0,0
04:04:25,98.70474669581884,0,0,0
04:04:26,98.72084112600275,0,0,0
04:04:27,98.71012341444856,0,0,0
04:04:28,98.71548227022564,0,0,0
04:04:29,98.7261999817799,0,0,0
04:04:30,98.71012341444856,0,0,0
04:04:31,98.71012341444856,0,0,0
04:04:32,98.70297827341238,0,0,0
04:04:33,98.69763728048784,0,0,0
04:04:34,98.70119198815334,0,0,0
04:04:35,98.70119198815334,0,0,0
04:04:36,98.66903885349066,0,0,0
04:04:37,98.6654662829726,0,0,0
04:04:38,98.65117600090028,0,0,0
04:04:39,98.65921428456596,0,0,0
04:04:40,98.65474857141837,0,0,0
04:04:41,98.64903245858945,0,0,0
04:04:42,98.65296228615932,0,0,0
04:04:43,98.65119386375288,0,0,0
04:04:44,98.64581714512316,0,0,0
04:04:45,98.6333131483099,0,0,0
04:04:46,98.661000569825,0,0,0
04:04:47,98.66635942560212,0,0,0
04:04:48,98.66189371245451,0,0,0
04:04:49,98.66366213486094,0,0,0
04:04:50,98.66457314034308,0,0,0
04:04:51,98.660607587068,0,0,0
04:04:52,98.66366213486094,0,0,0
04:04:53,98.66184012389674,0,0,0
04:04:54,98.66189371245451,0,0,0
04:04:55,98.6654662829726,0,0,0
04:04:56,98.6654662829726,0,0,0
04:04:57,98.6654662829726,0,0,0
04:04:58,98.66375144912392,0,0,0
04:04:59,98.6654662829726,0,0,0
04:05:00,98.65832114193644,0,0,0
04:05:01,98.68154285030394,0,0,0
04:05:02,98.692224836153,0,0,0
04:05:03,98.68272179857487,0,0,0
04:05:04,98.68332913556296,0,0,0
04:05:05,98.68868799134007,0,0,0
04:05:06,98.68868799134007,0,0,0
04:05:07,98.67707713715632,0,0,0
04:05:08,98.69761941763528,0,0,0
04:05:09,98.68868799134007,0,0,0
04:05:10,98.68511542082202,0,0,0
04:05:11,98.68332913556296,0,0,0
04:05:12,98.68332913556296,0,0,0
04:05:13,98.68093551331586,0,0,0
04:05:14,98.67797027978584,0,0,0
04:05:15,98.67988160501302,0,0,0
04:05:16,98.67975656504488,0,0,0
04:05:17,98.68511542082202,0,0,0
04:05:18,98.71548227022564,0,0,0
04:05:19,98.70297827341238,0,0,0
04:05:20,98.70565770130096,0,0,0
04:05:21,98.71012341444856,0,0,0
04:05:22,98.71548227022564,0,0,0
04:05:23,98.7172685554847,0,0,0
04:05:24,98.7083371291895,0,0,0
04:05:25,98.7083371291895,0,0,0
04:05:26,98.69940570289432,0,0,0
04:05:27,98.70119198815334,0,0,0
04:05:28,98.7074082608548,0,0,0
04:05:29,98.70655084393049,0,0,0
04:05:30,98.70655084393049,0,0,0
04:05:31,98.71190969970758,0,0,0
04:05:32,98.71190969970758,0,0,0
04:05:33,98.70476455867144,0,0,0
04:05:34,98.70119198815334,0,0,0
04:05:35,98.7048181472292,0,0,0
04:05:36,98.7083371291895,0,0,0
04:05:37,98.7083371291895,0,0,0
04:05:38,98.71369598496662,0,0,0
04:05:39,98.70655084393049,0,0,0
04:05:40,98.7172685554847,0,0,0
04:05:41,98.7172685554847,0,0,0
04:05:42,98.70297827341238,0,0,0
04:05:43,98.70744398656,0,0,0
04:05:44,98.71905484074372,0,0,0
04:05:45,98.71369598496662,0,0,0
04:05:46,98.71376743637698,0,0,0
04:05:47,98.7165183156759,0,0,0
04:05:48,98.71548227022564,0,0,0
04:05:49,98.7226274112618,0,0,0
04:05:50,98.720787537445,0,0,0
04:05:51,98.7261999817799,0,0,0
04:05:52,98.7226274112618,0,0,0
04:05:53,98.71548227022564,0,0,0
04:05:54,98.69456486984232,0,0,0
04:05:55,98.6905100023043,0,0,0
04:05:56,98.6929572131092,0,0,0
04:05:57,98.68154285030394,0,0,0
04:05:58,98.68690170608104,0,0,0
04:05:59,98.68577866853867,0,0,0
04:06:00,98.68154285030394,0,0,0
04:06:01,98.68154285030394,0,0,0
04:06:02,98.6654662829726,0,0,0
04:06:03,98.6654662829726,0,0,0
04:06:04,98.67439770926778,0,0,0
04:06:05,98.67439770926778,0,0,0
04:06:06,98.67439770926778,0,0,0
04:06:07,98.67975656504488,0,0,0
04:06:08,98.67261142400874,0,0,0
04:06:09,98.67261142400874,0,0,0
04:06:10,98.67350456663826,0,0,0
04:06:11,98.67350456663826,0,0,0
04:06:12,98.66903885349066,0,0,0
04:06:13,98.66903885349066,0,0,0
04:06:14,98.67261142400874,0,0,0
04:06:15,98.65655271953,0,0,0
04:06:16,98.66457314034308,0,0,0
04:06:17,98.6619115753071,0,0,0
04:06:18,98.6619115753071,0,0,0
04:06:19,98.6619115753071,0,0,0
04:06:20,98.67797027978584,0,0,0
04:06:21,98.663572820598,0,0,0
04:06:22,98.66367999771356,0,0,0
04:06:23,98.65653485667738,0,0,0
04:06:24,98.65653485667738,0,0,0
04:06:25,98.65117600090028,0,0,0
04:06:26,98.65832114193644,0,0,0
04:06:27,98.65474857141837,0,0,0
04:06:28,98.66010742719548,0,0,0
04:06:29,98.66010742719548,0,0,0
04:06:30,98.65117600090028,0,0,0
04:06:31,98.6520691435298,0,0,0
04:06:32,98.65474857141837,0,0,0
04:06:33,98.65296228615932,0,0,0
04:06:34,98.66903885349066,0,0,0
04:06:35,98.67975656504488,0,0,0
04:06:36,98.67797027978584,0,0,0
04:06:37,98.6761839945268,0,0,0
04:06:38,98.67439770926778,0,0,0
04:06:39,98.6708251387497,0,0,0
04:06:40,98.66367999771356,0,0,0
04:06:41,98.66367999771356,0,0,0
04:06:42,98.65832114193644,0,0,0
04:06:43,98.64938971564123,0,0,0
04:06:44,98.65117600090028,0,0,0
04:06:45,98.64938971564123,0,0,0
04:06:46,98.64938971564123,0,0,0
04:06:47,98.64938971564123,0,0,0
04:06:48,98.65653485667738,0,0,0
04:06:49,98.65653485667738,0,0,0
04:06:50,98.66189371245451,0,0,0
04:06:51,98.6717182813792,0,0,0
04:06:52,98.6654662829726,0,0,0
04:06:53,98.66189371245451,0,0,0
04:06:54,98.66189371245451,0,0,0
04:06:55,98.66189371245451,0,0,0
04:06:56,98.6708251387497,0,0,0
04:06:57,98.66725256823165,0,0,0
04:06:58,98.66725256823165,0,0,0
04:06:59,98.66903885349066,0,0,0
04:07:00,98.67975656504488,0,0,0
04:07:01,98.6708251387497,0,0,0
04:07:02,98.6708251387497,0,0,0
04:07:03,98.67261142400874,0,0,0
04:07:04,98.67261142400874,0,0,0
04:07:05,98.6476034303822,0,0,0
04:07:06,98.6476034303822,0,0,0
04:07:07,98.65296228615932,0,0,0
04:07:08,98.65296228615932,0,0,0
04:07:09,98.65653485667738,0,0,0
04:07:10,98.6476034303822,0,0,0
04:07:11,98.64403085986412,0,0,0
04:07:12,98.6422445746051,0,0,0
04:07:13,98.64135143197558,0,0,0
04:07:14,98.63688571882798,0,0,0
04:07:15,98.63895780972844,0,0,0
04:07:16,98.63956514671654,0,0,0
04:07:17,98.64045828934606,0,0,0
04:07:18,98.6422445746051,0,0,0
04:07:19,98.64581714512316,0,0,0
04:07:20,98.63688571882798,0,0,0
04:07:21,98.63540310206297,0,0,0
04:07:22,98.64222671175251,0,0,0
04:07:23,98.65653485667738,0,0,0
04:07:24,98.6708251387497,0,0,0
04:07:25,98.6761839945268,0,0,0
04:07:26,98.68690170608104,0,0,0
04:07:27,98.69583313237624,0,0,0
04:07:28,98.67941717084568,0,0,0
04:07:29,98.68154285030394,0,0,0
04:07:30,98.6761839945268,0,0,0
04:07:31,98.67261142400874,0,0,0
04:07:32,98.67350456663826,0,0,0
04:07:33,98.67261142400874,0,0,0
04:07:34,98.68154285030394,0,0,0
04:07:35,98.68332913556296,0,0,0
04:07:36,98.68690170608104,0,0,0
04:07:37,98.68684811752328,0,0,0
04:07:38,98.6895811339696,0,0,0
04:07:39,98.6904921394517,0,0,0
04:07:40,98.6940468471172,0,0,0
04:07:41,98.70655084393049,0,0,0
04:07:42,98.71012341444856,0,0,0
04:07:43,98.71905484074372,0,0,0
04:07:44,98.71548227022564,0,0,0
04:07:45,98.72084112600275,0,0,0
04:07:46,98.71012341444856,0,0,0
04:07:47,98.71905484074372,0,0,0
04:07:48,98.71548227022564,0,0,0
04:07:49,98.7172685554847,0,0,0
04:07:50,98.70208513078286,0,0,0
04:07:51,98.70208513078286,0,0,0
04:07:52,98.70208513078286,0,0,0
04:07:53,98.70208513078286,0,0,0
04:07:54,98.70119198815334,0,0,0
04:07:55,98.69761941763528,0,0,0
04:07:56,98.69761941763528,0,0,0
04:07:57,98.70117412530077,0,0,0
04:07:58,98.71190969970758,0,0,0
04:07:59,98.70655084393049,0,0,0
04:08:00,98.72385994809056,0,0,0
04:08:01,98.72196648571595,0,0,0
04:08:02,98.71903697789114,0,0,0
04:08:03,98.71903697789114,0,0,0
04:08:04,98.72977255229796,0,0,0
04:08:05,98.73513140807508,0,0,0
04:08:06,98.75031483277692,0,0,0
04:08:07,98.75120797540644,0,0,0
04:08:08,98.75210111803594,0,0,0
04:08:09,98.74763540488831,0,0,0
04:08:10,98.7458491196293,0,0,0
04:08:11,98.74352694879256,0,0,0
04:08:12,98.7458491196293,0,0,0
04:08:13,98.75656683118352,0,0,0
04:08:14,98.75249410079292,0,0,0
04:08:15,98.7458491196293,0,0,0
04:08:16,98.7458491196293,0,0,0
04:08:17,98.7494216901474,0,0,0
04:08:18,98.7494216901474,0,0,0
04:08:19,98.74818915331863,0,0,0
04:08:20,98.75656683118352,0,0,0
04:08:21,98.77175025588537,0,0,0
04:08:22,98.76192568696064,0,0,0
04:08:23,98.76771325119994,0,0,0
04:08:24,98.75656683118352,0,0,0
04:08:25,98.76124689856222,0,0,0
04:08:26,98.75120797540644,0,0,0
04:08:27,98.74406283437024,0,0,0
04:08:28,98.74852854751786,0,0,0
04:08:29,98.75299426066546,0,0,0
04:08:30,98.75120797540644,0,0,0
04:08:31,98.7646051148492,0,0,0
04:08:32,98.76549825747873,0,0,0
04:08:33,98.76546253177357,0,0,0
04:08:34,98.75808517365373,0,0,0
04:08:35,98.755673688554,0,0,0
04:08:36,98.77255408425192,0,0,0
04:08:37,98.77264339851487,0,0,0
04:08:38,98.75835311644258,0,0,0
04:08:39,98.75210111803594,0,0,0
04:08:40,98.75835311644258,0,0,0
04:08:41,98.7601394017016,0,0,0
04:08:42,98.7601394017016,0,0,0
04:08:43,98.7601394017016,0,0,0
04:08:44,98.7601394017016,0,0,0
04:08:45,98.76281882959016,0,0,0
04:08:46,98.7601394017016,0,0,0
04:08:47,98.77442968377392,0,0,0
04:08:48,98.76728454273776,0,0,0
04:08:49,98.77264339851487,0,0,0
04:08:50,98.7690708279968,0,0,0
04:08:51,98.7690708279968,0,0,0
04:08:52,98.7601394017016,0,0,0
04:08:53,98.77085711325584,0,0,0
04:08:54,98.77262553566229,0,0,0
04:08:55,98.77262553566229,0,0,0
04:08:56,98.76371197221968,0,0,0
04:08:57,98.76617704587716,0,0,0
04:08:58,98.76192568696064,0,0,0
04:08:59,98.76192568696064,0,0,0
04:09:00,98.78693368058718,0,0,0
04:09:01,98.77623383188556,0,0,0
04:09:02,98.778002254292,0,0,0
04:09:03,98.7690708279968,0,0,0
04:09:04,98.77085711325584,0,0,0
04:09:05,98.7601394017016,0,0,0
04:09:06,98.77442968377392,0,0,0
04:09:07,98.77442968377392,0,0,0
04:09:08,98.78157482481006,0,0,0
04:09:09,98.77264339851487,0,0,0
04:09:10,98.77621596903296,0,0,0
04:09:11,98.78157482481006,0,0,0
04:09:12,98.77442968377392,0,0,0
04:09:13,98.79229253636429,0,0,0
04:09:14,98.78157482481006,0,0,0
04:09:15,98.78157482481006,0,0,0
04:09:16,98.78157482481006,0,0,0
04:09:17,98.78157482481006,0,0,0
04:09:18,98.778002254292,0,0,0
04:09:19,98.778002254292,0,0,0
04:09:20,98.78157482481006,0,0,0
04:09:21,98.78157482481006,0,0,0
04:09:22,98.78157482481006,0,0,0
04:09:23,98.78514739532814,0,0,0
04:09:24,98.77621596903296,0,0,0
04:09:25,98.79229253636429,0,0,0
04:09:26,98.79229253636429,0,0,0
04:09:27,98.79050625110524,0,0,0
04:09:28,98.79765139214142,0,0,0
04:09:29,98.8022957338149,0,0,0
04:09:30,98.80301024791852,0,0,0
04:09:31,98.80568967580707,0,0,0
04:09:32,98.79765139214142,0,0,0
04:09:33,98.79407882162334,0,0,0
04:09:34,98.78693368058718,0,0,0
04:09:35,98.79050625110524,0,0,0
04:09:36,98.79050625110524,0,0,0
04:09:37,98.77619810618036,0,0,0
04:09:38,98.76728454273776,0,0,0
04:09:39,98.77442968377392,0,0,0
04:09:40,98.7887199658462,0,0,0
04:09:41,98.78870210299362,0,0,0
04:09:42,98.78336111006912,0,0,0
04:09:43,98.78961310847572,0,0,0
04:09:44,98.80301024791852,0,0,0
04:09:45,98.80301024791852,0,0,0
04:09:46,98.80390339054804,0,0,0
04:09:47,98.80390339054804,0,0,0
04:09:48,98.80390339054804,0,0,0
04:09:49,98.79229253636429,0,0,0
04:09:50,98.7887199658462,0,0,0
04:09:51,98.79179237649176,0,0,0
04:09:52,98.78514739532814,0,0,0
04:09:53,98.78514739532814,0,0,0
04:09:54,98.77442968377392,0,0,0
04:09:55,98.77264339851487,0,0,0
04:09:56,98.7690708279968,0,0,0
04:09:57,98.75835311644258,0,0,0
04:09:58,98.77442968377392,0,0,0
04:09:59,98.778002254292,0,0,0
04:10:00,98.778002254292,0,0,0
04:10:01,98.78782682321668,0,0,0
04:10:02,98.80479653317757,0,0,0
04:10:03,98.79229253636429,0,0,0
04:10:04,98.79586510688236,0,0,0
04:10:05,98.7887199658462,0,0,0
04:10:06,98.79765139214142,0,0,0
04:10:07,98.81730052999085,0,0,0
04:10:08,98.83159081206313,0,0,0
04:10:09,98.83271617177633,0,0,0
04:10:10,98.82265938576796,0,0,0
04:10:11,98.82265938576796,0,0,0
04:10:12,98.8155142447318,0,0,0
04:10:13,98.8155142447318,0,0,0
04:10:14,98.8155142447318,0,0,0
04:10:15,98.81730052999085,0,0,0
04:10:16,98.79765139214142,0,0,0
04:10:17,98.81015538895468,0,0,0
04:10:18,98.83337709732216,0,0,0
04:10:19,98.8440948088764,0,0,0
04:10:20,98.85302623517158,0,0,0
04:10:21,98.8673165172439,0,0,0
04:10:22,98.87624794353908,0,0,0
04:10:23,98.87624794353908,0,0,0
04:10:24,98.87624794353908,0,0,0
04:10:25,98.88339308457525,0,0,0
04:10:26,98.87982051405716,0,0,0
04:10:27,98.87982051405716,0,0,0
04:10:28,98.8905382256114,0,0,0
04:10:29,98.89768336664754,0,0,0
04:10:30,98.89411079612948,0,0,0
04:10:31,98.88875194035236,0,0,0
04:10:32,98.87624794353908,0,0,0
04:10:33,98.86553023198486,0,0,0
04:10:34,98.86910280250294,0,0,0
04:10:35,98.87088908776198,0,0,0
04:10:36,98.87088908776198,0,0,0
04:10:37,98.8673165172439,0,0,0
04:10:38,98.8673165172439,0,0,0
04:10:39,98.86553023198486,0,0,0
04:10:40,98.85659880568966,0,0,0
04:10:41,98.84230852361738,0,0,0
04:10:42,98.84563101419918,0,0,0
04:10:43,98.85749194831918,0,0,0
04:10:44,98.85749194831918,0,0,0
04:10:45,98.8583850909487,0,0,0
04:10:46,98.85302623517158,0,0,0
04:10:47,98.872675373021,0,0,0
04:10:48,98.872675373021,0,0,0
04:10:49,98.86017137620776,0,0,0
04:10:50,98.8619576614668,0,0,0
04:10:51,98.87446165828004,0,0,0
04:10:52,98.87803422879811,0,0,0
04:10:53,98.8905382256114,0,0,0
04:10:54,98.89232451087044,0,0,0
04:10:55,98.88875194035236,0,0,0
04:10:56,98.88696565509332,0,0,0
04:10:57,98.89411079612948,0,0,0
04:10:58,98.88875194035236,0,0,0
04:10:59,98.89589708138853,0,0,0
04:11:00,98.89232451087044,0,0,0
04:11:01,98.88696565509332,0,0,0
04:11:02,98.86017137620776,0,0,0
04:11:03,98.86017137620776,0,0,0
04:11:04,98.85302623517158,0,0,0
04:11:05,98.85481252043064,0,0,0
04:11:06,98.85123994991255,0,0,0
04:11:07,98.8583850909487,0,0,0
04:11:08,98.85927823357822,0,0,0
04:11:09,98.85495542325135,0,0,0
04:11:10,98.85123994991255,0,0,0
04:11:11,98.85659880568966,0,0,0
04:11:12,98.85659880568966,0,0,0
04:11:13,98.85570566306016,0,0,0
04:11:14,98.84766737939448,0,0,0
04:11:15,98.85281188094052,0,0,0
04:11:16,98.85277615523532,0,0,0
04:11:17,98.85570566306016,0,0,0
04:11:18,98.84991809882086,0,0,0
04:11:19,98.85123994991255,0,0,0
04:11:20,98.87569419510878,0,0,0
04:11:21,98.89582562997816,0,0,0
04:11:22,98.90393536505417,0,0,0
04:11:23,98.90661479294276,0,0,0
04:11:24,98.9165286761304,0,0,0
04:11:25,98.91554621923792,0,0,0
04:11:26,98.899451789054,0,0,0
04:11:27,98.89768336664754,0,0,0
04:11:28,98.88964508298189,0,0,0
04:11:29,98.89232451087044,0,0,0
04:11:30,98.89411079612948,0,0,0
04:11:31,98.90125593716562,0,0,0
04:11:32,98.87983837690976,0,0,0
04:11:33,98.88696565509332,0,0,0
04:11:34,98.89232451087044,0,0,0
04:11:35,98.89321765349996,0,0,0
04:11:36,98.8905382256114,0,0,0
04:11:37,98.872675373021,0,0,0
04:11:38,98.87088908776198,0,0,0
04:11:39,98.87803422879811,0,0,0
04:11:40,98.87624794353908,0,0,0
04:11:41,98.87535480090956,0,0,0
04:11:42,98.87624794353908,0,0,0
04:11:43,98.88339308457525,0,0,0
04:11:44,98.88337522172264,0,0,0
04:11:45,98.86910280250294,0,0,0
04:11:46,98.872675373021,0,0,0
04:11:47,98.87446165828004,0,0,0
04:11:48,98.86553023198486,0,0,0
04:11:49,98.8673165172439,0,0,0
04:11:50,98.86463708935534,0,0,0
04:11:51,98.86463708935534,0,0,0
04:11:52,98.85659880568966,0,0,0
04:11:53,98.84766737939448,0,0,0
04:11:54,98.85304409802416,0,0,0
04:11:55,98.85302623517158,0,0,0
04:11:56,98.85393724065368,0,0,0
04:11:57,98.85481252043064,0,0,0
04:11:58,98.8619576614668,0,0,0
04:11:59,98.86374394672583,0,0,0
04:12:00,98.8583850909487,0,0,0
04:12:01,98.84677423676496,0,0,0
04:12:02,98.8208731005089,0,0,0
04:12:03,98.82094455191928,0,0,0
04:12:04,98.82265938576796,0,0,0
04:12:05,98.81910467810246,0,0,0
04:12:06,98.82444567102698,0,0,0
04:12:07,98.82623195628602,0,0,0
04:12:08,98.81194167421371,0,0,0
04:12:09,98.81194167421371,0,0,0
04:12:10,98.81372795947274,0,0,0
04:12:11,98.8112450229627,0,0,0
04:12:12,98.81371009662016,0,0,0
04:12:13,98.8065828184366,0,0,0
04:12:14,98.81372795947274,0,0,0
04:12:15,98.8155142447318,0,0,0
04:12:16,98.81194167421371,0,0,0
04:12:17,98.81194167421371,0,0,0
04:12:18,98.8208731005089,0,0,0
04:12:19,98.8208731005089,0,0,0
04:12:20,98.82623195628602,0,0,0
04:12:21,98.82623195628602,0,0,0
04:12:22,98.82208777448506,0,0,0
04:12:23,98.82801824154504,0,0,0
04:12:24,98.81908681524988,0,0,0
04:12:25,98.81730052999085,0,0,0
04:12:26,98.81730052999085,0,0,0
04:12:27,98.8351633825812,0,0,0
04:12:28,98.8351633825812,0,0,0
04:12:29,98.82444567102698,0,0,0
04:12:30,98.81195953706631,0,0,0
04:12:31,98.81194167421371,0,0,0
04:12:32,98.81194167421371,0,0,0
04:12:33,98.81015538895468,0,0,0
04:12:34,98.80836910369564,0,0,0
04:12:35,98.80301024791852,0,0,0
04:12:36,98.79943767740043,0,0,0
04:12:37,98.81015538895468,0,0,0
04:12:38,98.81372795947274,0,0,0
04:12:39,98.81015538895468,0,0,0
04:12:40,98.81194167421371,0,0,0
04:12:41,98.8110485315842,0,0,0
04:12:42,98.8110485315842,0,0,0
04:12:43,98.8110485315842,0,0,0
04:12:44,98.81372795947274,0,0,0
04:12:45,98.81194167421371,0,0,0
04:12:46,98.82085523765632,0,0,0
04:12:47,98.8396290957288,0,0,0
04:12:48,98.84052223835832,0,0,0
04:12:49,98.83337709732216,0,0,0
04:12:50,98.83159081206313,0,0,0
04:12:51,98.83337709732216,0,0,0
04:12:52,98.8351633825812,0,0,0
04:12:53,98.8387359530993,0,0,0
04:12:54,98.83605652521072,0,0,0
04:12:55,98.84588109413544,0,0,0
04:12:56,98.84588109413544,0,0,0
04:12:57,98.84230852361738,0,0,0
04:12:58,98.84945366465352,0,0,0
04:12:59,98.85481252043064,0,0,0
04:13:00,98.85659880568966,0,0,0
04:13:01,98.84766737939448,0,0,0
04:13:02,98.8440948088764,0,0,0
04:13:03,98.85659880568966,0,0,0
04:13:04,98.86429769515614,0,0,0
04:13:05,98.86910280250294,0,0,0
04:13:06,98.879391805595,0,0,0
04:13:07,98.872675373021,0,0,0
04:13:08,98.87982051405716,0,0,0
04:13:09,98.88875194035236,0,0,0
04:13:10,98.88696565509332,0,0,0
04:13:11,98.8860725124638,0,0,0
04:13:12,98.88964508298189,0,0,0
04:13:13,98.88516150698167,0,0,0
04:13:14,98.87982051405716,0,0,0
04:13:15,98.88696565509332,0,0,0
04:13:16,98.88696565509332,0,0,0
04:13:17,98.88875194035236,0,0,0
04:13:18,98.88339308457525,0,0,0
04:13:19,98.895003938759,0,0,0
04:13:20,98.89591494424108,0,0,0
04:13:21,98.90661479294276,0,0,0
04:13:22,98.9048285076837,0,0,0
04:13:23,98.90393536505417,0,0,0
04:13:24,98.895003938759,0,0,0
04:13:25,98.8905382256114,0,0,0
04:13:26,98.8905382256114,0,0,0
04:13:27,98.89857650927706,0,0,0
04:13:28,98.90214907979514,0,0,0
04:13:29,98.8994696519066,0,0,0
04:13:30,98.88964508298189,0,0,0
04:13:31,98.87982051405716,0,0,0
04:13:32,98.8619576614668,0,0,0
04:13:33,98.8619576614668,0,0,0
04:13:34,98.8682096598734,0,0,0
04:13:35,98.86553023198486,0,0,0
04:13:36,98.88875194035236,0,0,0
04:13:37,98.89143136824092,0,0,0
04:13:38,98.89262817936448,0,0,0
04:13:39,98.89411079612948,0,0,0
04:13:40,98.8994696519066,0,0,0
04:13:41,98.907954506887,0,0,0
04:13:42,98.90304222242465,0,0,0
04:13:43,98.90080936585086,0,0,0
04:13:44,98.92269136027409,0,0,0
04:13:45,98.9235845029036,0,0,0
04:13:46,98.9280502160512,0,0,0
04:13:47,98.92090507501504,0,0,0
04:13:48,98.92045850370027,0,0,0
04:13:49,98.92269136027409,0,0,0
04:13:50,98.9137599339789,0,0,0
04:13:51,98.9137599339789,0,0,0
04:13:52,98.92269136027409,0,0,0
04:13:53,98.92624606793956,0,0,0
04:13:54,98.92537078816262,0,0,0
04:13:55,98.92983650131023,0,0,0
04:13:56,98.92796090178824,0,0,0
04:13:57,98.9280502160512,0,0,0
04:13:58,98.92447764553312,0,0,0
04:13:59,98.93519535708737,0,0,0
04:14:00,98.90661479294276,0,0,0
04:14:01,98.90661479294276,0,0,0
04:14:02,98.91197364871984,0,0,0
04:14:03,98.92533506245746,0,0,0
04:14:04,98.9280502160512,0,0,0
04:14:05,98.93162278656928,0,0,0
04:14:06,98.92090507501504,0,0,0
04:14:07,98.92054781796324,0,0,0
04:14:08,98.91377779683148,0,0,0
04:14:09,98.90661479294276,0,0,0
04:14:10,98.90125593716562,0,0,0
04:14:11,98.90125593716562,0,0,0
04:14:12,98.90125593716562,0,0,0
04:14:13,98.89766550379495,0,0,0
04:14:14,98.8994696519066,0,0,0
04:14:15,98.8994696519066,0,0,0
04:14:16,98.89411079612948,0,0,0
04:14:17,98.89768336664754,0,0,0
04:14:18,98.89411079612948,0,0,0
04:14:19,98.89766550379495,0,0,0
04:14:20,98.8994696519066,0,0,0
04:14:21,98.89232451087044,0,0,0
04:14:22,98.8994696519066,0,0,0
04:14:23,98.8994696519066,0,0,0
04:14:24,98.91554621923792,0,0,0
04:14:25,98.92958642137398,0,0,0
04:14:26,98.92626393079216,0,0,0
04:14:27,98.93519535708737,0,0,0
04:14:28,98.93160492371668,0,0,0
04:14:29,98.92447764553312,0,0,0
04:14:30,98.94055421286446,0,0,0
04:14:31,98.93340907182832,0,0,0
04:14:32,98.92269136027409,0,0,0
04:14:33,98.92447764553312,0,0,0
04:14:34,98.94948563915966,0,0,0
04:14:35,98.94144735549398,0,0,0
04:14:36,98.92983650131023,0,0,0
04:14:37,98.93876792760544,0,0,0
04:14:38,98.93162278656928,0,0,0
04:14:39,98.9335877003542,0,0,0
04:14:40,98.93519535708737,0,0,0
04:14:41,98.94055421286446,0,0,0
04:14:42,98.94412678338252,0,0,0
04:14:43,98.93876792760544,0,0,0
04:14:44,98.93698164234638,0,0,0
04:14:45,98.9476993539006,0,0,0
04:14:46,98.94412678338252,0,0,0
04:14:47,98.93698164234638,0,0,0
04:14:48,98.96020335071388,0,0,1
04:14:49,98.9512719244187,0,0,0
04:14:50,98.95298675826736,0,0,0
04:14:51,98.96734849175004,0,0,0
04:14:52,98.96913477700906,0,0,0
04:14:53,98.96913477700906,0,0,0
04:14:54,98.9709210622681,0,0,0
04:14:55,98.9709210622681,0,0,0
04:14:56,98.98074563119282,0,0,0
04:14:57,98.99057020011752,0,0,0
04:14:58,99.00843305270791,0,0,0
04:14:59,98.99414277063562,0,0,0
04:15:00,98.98342505908138,0,0,0
04:15:01,98.97327895881006,0,0,0
04:15:02,98.98163877382234,0,0,0
04:15:03,98.99876924945652,0,0,0
04:15:04,99.00128791167177,0,0,0
04:15:05,99.01021933796694,0,0,0
04:15:06,99.00843305270791,0,0,0
04:15:07,99.00486048218984,0,0,0
04:15:08,99.0030741969308,0,0,0
04:15:09,99.01021933796694,0,0,0
04:15:10,98.98253191645186,0,0,0
04:15:11,98.9744936327862,0,0,0
04:15:12,98.97181420489764,0,0,0
04:15:13,98.98163877382234,0,0,0
04:15:14,98.98842665780668,0,0,0
04:15:15,98.98342505908138,0,0,0
04:15:16,98.9744936327862,0,0,0
04:15:17,98.97627991804524,0,0,0
04:15:18,98.96020335071388,0,0,0
04:15:19,98.96288277860243,0,0,0
04:15:20,98.96734849175004,0,0,0
04:15:21,98.96734849175004,0,0,0
04:15:22,98.96198963597293,0,0,0
04:15:23,98.96198963597293,0,0,0
04:15:24,98.9512719244187,0,0,0
04:15:25,98.95573763756629,0,0,0
04:15:26,98.96288277860243,0,0,0
04:15:27,98.94407319482478,0,0,0
04:15:28,98.93162278656928,0,0,0
04:15:29,98.93162278656928,0,0,0
04:15:30,98.93340907182832,0,0,0
04:15:31,98.94055421286446,0,0,0
04:15:32,98.93517749423476,0,0,0
04:15:33,98.93162278656928,0,0,0
04:15:34,98.93608849971687,0,0,0
04:15:35,98.93519535708737,0,0,0
04:15:36,98.96198963597293,0,0,0
04:15:37,98.97270734752716,0,0,0
04:15:38,98.98163877382234,0,0,0
04:15:39,98.99057020011752,0,0,0
04:15:40,98.9977153411537,0,0,0
04:15:41,99.01379190848502,0,0,0
04:15:42,99.00843305270791,0,0,0
04:15:43,99.01915076426216,0,0,0
04:15:44,99.0173644790031,0,0,0
04:15:45,99.012005623226,0,0,0
04:15:46,99.02986847581636,0,0,0
04:15:47,99.0405861873706,0,0,0
04:15:48,99.06023532522,0,0,0
04:15:49,99.07541874992184,0,0,0
04:15:50,99.07273932203329,0,0,0
04:15:51,99.07452560729232,0,0,0
04:15:52,99.09328160251222,0,0,0
04:15:53,99.0959610304008,0,0,0
04:15:54,99.08881588936464,0,0,0
04:15:55,99.1102513124731,0,0,0
04:15:56,99.1102513124731,0,0,0
04:15:57,99.10489245669596,0,0,0
04:15:58,99.10310617143692,0,0,0
04:15:59,99.10131988617788,0,0,0
04:16:00,99.10991191827388,0,0,0
04:16:01,99.12096902402732,0,0,0
04:16:02,99.1102513124731,0,0,0
04:16:03,99.1245415945454,0,0,0
04:16:04,99.11918273876827,0,0,0
04:16:05,99.12364845191588,0,0,0
04:16:06,99.11918273876827,0,0,0
04:16:07,99.1388318766177,0,0,0
04:16:08,99.13347302084058,0,0,0
04:16:09,99.14061816187672,0,0,0
04:16:10,99.1441907323948,0,0,0
04:16:11,99.14776330291288,0,0,0
04:16:12,99.16026729972616,0,0,0
04:16:13,99.1620535849852,0,0,0
04:16:14,99.15133587343098,0,0,0
04:16:15,99.14240444713576,0,0,0
04:16:16,99.15669472920808,0,0,0
04:16:17,99.14954958817192,0,0,0
04:16:18,99.14954958817192,0,0,0
04:16:19,99.14151130450624,0,0,0
04:16:20,99.15133587343098,0,0,0
04:16:21,99.18348900809364,0,0,0
04:16:22,99.1709671484278,0,0,0
04:16:23,99.16919872602134,0,0,0
04:16:24,99.17098501128038,0,0,0
04:16:25,99.1681805434237,0,0,0
04:16:26,99.16562615550326,0,0,0
04:16:27,99.1441907323948,0,0,0
04:16:28,99.13347302084058,0,0,0
04:16:29,99.14597701765383,0,0,0
04:16:30,99.1441907323948,0,0,0
04:16:31,99.13831385389258,0,0,0
04:16:32,99.12425578890397,0,0,0
04:16:33,99.12632787980442,0,0,0
04:16:34,99.12811416506348,0,0,0
04:16:35,99.12275530928636,0,0,0
04:16:36,99.11382388299116,0,0,0
04:16:37,99.10676805621796,0,0,0
04:16:38,99.12990045032252,0,0,0
04:16:39,99.1156101682502,0,0,0
04:16:40,99.13168673558155,0,0,0
04:16:41,99.14240444713576,0,0,0
04:16:42,99.14597701765383,0,0,0
04:16:43,99.14597701765383,0,0,0
04:16:44,99.14776330291288,0,0,0
04:16:45,99.15490844394904,0,0,0
04:16:46,99.1620535849852,0,0,0
04:16:47,99.15669472920808,0,0,0
04:16:48,99.17277129653944,0,0,0
04:16:49,99.1799164375756,0,0,0
04:16:50,99.18795472124124,0,0,0
04:16:51,99.1906341491298,0,0,0
04:16:52,99.19420671964788,0,0,0
04:16:53,99.19420671964788,0,0,0
04:16:54,99.17723700968702,0,0,0
04:16:55,99.18502521341642,0,0,0
04:16:56,99.18668645870734,0,0,0
04:16:57,99.19445679958416,0,0,0
04:16:58,99.19242043438884,0,0,0
04:16:59,99.18527529335267,0,0,0
04:17:00,99.18884786387076,0,0,0
04:17:01,99.17098501128038,0,0,0
04:17:02,99.1817027228346,0,0,0
04:17:03,99.1817027228346,0,0,0
04:17:04,99.17098501128038,0,0,0
04:17:05,99.16562615550326,0,0,0
04:17:06,99.1620535849852,0,0,0
04:17:07,99.1674124407623,0,0,0
04:17:08,99.16026729972616,0,0,0
04:17:09,99.16098181382978,0,0,0
04:17:10,99.16919872602134,0,0,0
04:17:11,99.16383987024425,0,0,0
04:17:12,99.1388318766177,0,0,0
04:17:13,99.14061816187672,0,0,0
04:17:14,99.14240444713576,0,0,0
04:17:15,99.16562615550326,0,0,0
04:17:16,99.16383987024425,0,0,0
04:17:17,99.1674124407623,0,0,0
04:17:18,99.18706157861172,0,0,0
04:17:19,99.18706157861172,0,0,0
04:17:20,99.1817027228346,0,0,0
04:17:21,99.17813015231654,0,0,0
04:17:22,99.17634386705753,0,0,0
04:17:23,99.17634386705753,0,0,0
04:17:24,99.1674124407623,0,0,0
04:17:25,99.19599300490692,0,0,0
04:17:26,99.19777929016595,0,0,0
04:17:27,99.19420671964788,0,0,0
04:17:28,99.1799164375756,0,0,0
04:17:29,99.17098501128038,0,0,0
04:17:30,99.18164913427684,0,0,0
04:17:31,99.18164913427684,0,0,0
04:17:32,99.17634386705753,0,0,0
04:17:33,99.17634386705753,0,0,0
04:17:34,99.17098501128038,0,0,0
04:17:35,99.1620535849852,0,0,0
04:17:36,99.16562615550326,0,0,0
04:17:37,99.16394704735976,0,0,0
04:17:38,99.1817027228346,0,0,0
04:17:39,99.1817027228346,0,0,0
04:17:40,99.1620535849852,0,0,0
04:17:41,99.16383987024425,0,0,0
04:17:42,99.16383987024425,0,0,0
04:17:43,99.15476554112831,0,0,0
04:17:44,99.16562615550326,0,0,0
04:17:45,99.15671259206069,0,0,0
04:17:46,99.18438215072317,0,0,0
04:17:47,99.18527529335267,0,0,0
04:17:48,99.17455758179848,0,0,0
04:17:49,99.1906341491298,0,0,0
04:17:50,99.19649316477944,0,0,0
04:17:51,99.199565575425,0,0,0
04:17:52,99.19242043438884,0,0,0
04:17:53,99.19420671964788,0,0,0
04:17:54,99.1906341491298,0,0,0
04:17:55,99.18706157861172,0,0,0
04:17:56,99.1817027228346,0,0,0
04:17:57,99.1799164375756,0,0,0
04:17:58,99.17634386705753,0,0,0
04:17:59,99.1817027228346,0,0,0
04:18:00,99.17813015231654,0,0,0
04:18:01,99.1861684359822,0,0,0
04:18:02,99.1799164375756,0,0,0
04:18:03,99.1620535849852,0,0,0
04:18:04,99.1620535849852,0,0,0
04:18:05,99.1620535849852,0,0,0
04:18:06,99.1575878718376,0,0,0
04:18:07,99.14820987422765,0,0,0
04:18:08,99.14061816187672,0,0,0
04:18:09,99.14329758976528,0,0,0
04:18:10,99.15133587343098,0,0,0
04:18:11,99.15937415709664,0,0,0
04:18:12,99.15133587343098,0,0,0
04:18:13,99.14776330291288,0,0,0
04:18:14,99.1388318766177,0,0,0
04:18:15,99.14597701765383,0,0,0
04:18:16,99.15133587343098,0,0,0
04:18:17,99.15133587343098,0,0,0
04:18:18,99.15133587343098,0,0,0
04:18:19,99.14331545261788,0,0,0
04:18:20,99.14956745102452,0,0,0
04:18:21,99.16919872602134,0,0,0
04:18:22,99.16026729972616,0,0,0
04:18:23,99.15312215869,0,0,0
04:18:24,99.15312215869,0,0,0
04:18:25,99.14954958817192,0,0,0
04:18:26,99.1441907323948,0,0,0
04:18:27,99.14597701765383,0,0,0
04:18:28,99.14249376139873,0,0,0
04:18:29,99.14597701765383,0,0,0
04:18:30,99.16026729972616,0,0,0
04:18:31,99.19420671964788,0,0,0
04:18:32,99.19383159974348,0,0,0
04:18:33,99.18348900809364,0,0,0
04:18:34,99.17634386705753,0,0,0
04:18:35,99.17634386705753,0,0,0
04:18:36,99.16830558339184,0,0,0
04:18:37,99.17098501128038,0,0,0
04:18:38,99.17520064449172,0,0,0
04:18:39,99.16712663512088,0,0,0
04:18:40,99.16712663512088,0,0,0
04:18:41,99.15490844394904,0,0,0
04:18:42,99.13168673558155,0,0,0
04:18:43,99.1388318766177,0,0,0
04:18:44,99.1388318766177,0,0,0
04:18:45,99.1388318766177,0,0,0
04:18:46,99.12870363919896,0,0,0
04:18:47,99.13141879279269,0,0,0
04:18:48,99.13141879279269,0,0,0
04:18:49,99.09806884700645,0,0,0
04:18:50,99.10133774903048,0,0,0
04:18:51,99.10131988617788,0,0,0
04:18:52,99.09840824120566,0,0,0
04:18:53,99.09417474514174,0,0,0
04:18:54,99.09417474514174,0,0,0
04:18:55,99.09238845988271,0,0,0
04:18:56,99.09060217462368,0,0,0
04:18:57,99.0959610304008,0,0,0
04:18:58,99.09060217462368,0,0,0
04:18:59,99.09238845988271,0,0,0
04:19:00,99.07988446306943,0,0,0
04:19:01,99.08524331884657,0,0,0
04:19:02,99.09238845988271,0,0,0
04:19:03,99.0905307232133,0,0,0
04:19:04,99.08345703358752,0,0,0
04:19:05,99.07988446306943,0,0,0
04:19:06,99.0780981778104,0,0,0
04:19:07,99.08345703358752,0,0,0
04:19:08,99.08533263310952,0,0,0
04:19:09,99.0691667515152,0,0,0
04:19:10,99.07468637296564,0,0,0
04:19:11,99.07416835024053,0,0,0
04:19:12,99.07357887610505,0,0,0
04:19:13,99.0780981778104,0,0,0
04:19:14,99.08167074832846,0,0,0
04:19:15,99.07720503518088,0,0,0
04:19:16,99.07273932203329,0,0,0
04:19:17,99.07631189255136,0,0,0
04:19:18,99.09774731565982,0,0,0
04:19:19,99.10489245669596,0,0,0
04:19:20,99.0968541730303,0,0,0
04:19:21,99.08524331884657,0,0,0
04:19:22,99.09238845988271,0,0,0
04:19:23,99.09238845988271,0,0,0
04:19:24,99.0925670884086,0,0,0
04:19:25,99.09774731565982,0,0,0
04:19:26,99.09774731565982,0,0,0
04:19:27,99.08524331884657,0,0,0
04:19:28,99.07631189255136,0,0,0
04:19:29,99.06738046625618,0,0,0
04:19:30,99.04951761366578,0,0,0
04:19:31,99.05309018418386,0,0,0
04:19:32,99.06202161047906,0,0,0
04:19:33,99.06738046625618,0,0,0
04:19:34,99.06202161047906,0,0,0
04:19:35,99.07452560729232,0,0,0
04:19:36,99.07631189255136,0,0,0
04:19:37,99.08524331884657,0,0,0
04:19:38,99.08524331884657,0,0,0
04:19:39,99.0853147702569,0,0,0
04:19:40,99.09060217462368,0,0,0
04:19:41,99.11203759773213,0,0,0
04:19:42,99.11739645350924,0,0,0
04:19:43,99.13168673558155,0,0,0
04:19:44,99.13881401376511,0,0,0
04:19:45,99.13881401376511,0,0,0
04:19:46,99.14240444713576,0,0,0
04:19:47,99.15669472920808,0,0,0
04:19:48,99.16026729972616,0,0,0
04:19:49,99.15490844394904,0,0,0
04:19:50,99.15312215869,0,0,0
04:19:51,99.15401530131952,0,0,0
04:19:52,99.15133587343098,0,0,0
04:19:53,99.14061816187672,0,0,0
04:19:54,99.15096075352656,0,0,0
04:19:55,99.15653396353476,0,0,0
04:19:56,99.1674124407623,0,0,0
04:19:57,99.17813015231654,0,0,0
04:19:58,99.17634386705753,0,0,0
04:19:59,99.18706157861172,0,0,0
04:20:00,99.17455758179848,1,0,0
04:20:01,99.18461436780684,0,0,0
04:20:02,99.1799164375756,0,0,0
04:20:03,99.1441907323948,0,0,0
04:20:04,99.1388318766177,0,0,0
04:20:05,99.13168673558155,0,0,0
04:20:06,99.1245415945454,0,0,0
04:20:07,99.12990045032252,0,0,0
04:20:08,99.13347302084058,0,0,0
04:20:09,99.13704559135866,0,0,0
04:20:10,99.14597701765383,0,0,0
04:20:11,99.1620535849852,0,0,0
04:20:12,99.16562615550326,0,0,0
04:20:13,99.16562615550326,0,0,0
04:20:14,99.16026729972616,0,0,0
04:20:15,99.17277129653944,0,0,0
04:20:16,99.1799164375756,0,0,0
04:20:17,99.15669472920808,0,0,0
04:20:18,99.15140732484132,0,0,0
04:20:19,99.15669472920808,0,0,0
04:20:20,99.1674124407623,0,0,0
04:20:21,99.1674124407623,0,0,0
04:20:22,99.15490844394904,0,0,0
04:20:23,99.13525930609964,0,0,0
04:20:24,99.13168673558155,0,0,0
04:20:25,99.13525930609964,0,0,0
04:20:26,99.14240444713576,0,0,0
04:20:27,99.13525930609964,0,0,0
04:20:28,99.13347302084058,0,0,0
04:20:29,99.12990045032252,0,0,0
04:20:30,99.13168673558155,0,0,0
04:20:31,99.12275530928636,0,0,0
04:20:32,99.11918273876827,0,0,0
04:20:33,99.11918273876827,0,0,0
04:20:34,99.09953360091885,0,0,0
04:20:35,99.08506469032064,0,0,0
04:20:36,99.08524331884657,0,0,0
04:20:37,99.08308191368312,0,0,0
04:20:38,99.09238845988271,0,0,0
04:20:39,99.09060217462368,0,0,0
04:20:40,99.08574347871908,0,0,0
04:20:41,99.08881588936464,0,0,0
04:20:42,99.09238845988271,0,0,0
04:20:43,99.09238845988271,0,0,0
04:20:44,99.08881588936464,0,0,0
04:20:45,99.08524331884657,0,0,0
04:20:46,99.08881588936464,0,0,0
04:20:47,99.08524331884657,0,0,0
04:20:48,99.09060217462368,0,0,0
04:20:49,99.09060217462368,0,0,0
04:20:50,99.09719356722952,0,0,0
04:20:51,99.09774731565982,0,0,0
04:20:52,99.09774731565982,0,0,0
04:20:53,99.09417474514174,0,0,0
04:20:54,99.09774731565982,0,0,0
04:20:55,99.10489245669596,0,0,0
04:20:56,99.1388318766177,0,0,0
04:20:57,99.14329758976528,0,0,0
04:20:58,99.14240444713576,0,0,0
04:20:59,99.13704559135866,0,0,0
04:21:00,99.14061816187672,0,0,0
04:21:01,99.15848101446711,0,0,0
04:21:02,99.15848101446711,0,0,0
04:21:03,99.1388318766177,0,0,0
04:21:04,99.14597701765383,0,0,0
04:21:05,99.14061816187672,0,0,0
04:21:06,99.12793553653756,0,0,0
04:21:07,99.12811416506348,0,0,0
04:21:08,99.13168673558155,0,0,0
04:21:09,99.13168673558155,0,0,0
04:21:10,99.1156101682502,0,0,0
04:21:11,99.11293074036163,0,0,0
04:21:12,99.11205546058471,0,0,0
04:21:13,99.11205546058471,0,0,0
04:21:14,99.10312403428954,0,0,0
04:21:15,99.09953360091885,0,0,0
04:21:16,99.09953360091885,0,0,0
04:21:17,99.09953360091885,0,0,0
04:21:18,99.09774731565982,0,0,0
04:21:19,99.09774731565982,0,0,0
04:21:20,99.0959610304008,0,0,0
04:21:21,99.09060217462368,0,0,0
04:21:22,99.09419260799432,0,0,0
04:21:23,99.0925849512612,0,0,0
04:21:24,99.09417474514174,0,0,0
04:21:25,99.0870296041056,0,0,0
04:21:26,99.08167074832846,0,0,0
04:21:27,99.08345703358752,0,0,0
04:21:28,99.07452560729232,0,0,0
04:21:29,99.08435017621704,0,0,0
04:21:30,99.08435017621704,0,0,0
04:21:31,99.07452560729232,0,0,0
04:21:32,99.0691667515152,0,0,0
04:21:33,99.06827360888568,0,0,0
04:21:34,99.07095303677424,0,0,0
04:21:35,99.06559418099714,0,0,0
04:21:36,99.06738046625618,0,0,0
04:21:37,99.06595143804894,0,0,0
04:21:38,99.06595143804894,0,0,0
04:21:39,99.06595143804894,0,0,0
04:21:40,99.06023532522,0,0,0
04:21:41,99.05934218259048,0,0,0
04:21:42,99.05666275470192,0,0,0
04:21:43,99.05666275470192,0,0,0
04:21:44,99.05755589733144,0,0,0
04:21:45,99.06023532522,0,0,0
04:21:46,99.05666275470192,0,0,0
04:21:47,99.05666275470192,0,0,0
04:21:48,99.06559418099714,0,0,0
04:21:49,99.06559418099714,0,0,0
04:21:50,99.06023532522,0,0,0
04:21:51,99.06023532522,0,0,0
04:21:52,99.0548764694429,0,0,0
04:21:53,99.0629147531086,0,0,0
04:21:54,99.0629147531086,0,0,0
04:21:55,99.0548764694429,0,0,0
04:21:56,99.05576961207242,0,0,0
04:21:57,99.0548764694429,0,0,0
04:21:58,99.05489433229548,0,0,0
04:21:59,99.05398332681338,0,0,0
04:22:00,99.0629147531086,0,0,0
04:22:01,99.0629147531086,0,0,0
04:22:02,99.06738046625618,0,0,0
04:22:03,99.07452560729232,0,0,0
04:22:04,99.06202161047906,0,0,0
04:22:05,99.06148572490136,0,0,0
04:22:06,99.05844903996098,0,0,0
04:22:07,99.06559418099714,0,0,0
04:22:08,99.05398332681338,0,0,0
04:22:09,99.0548764694429,0,0,0
04:22:10,99.04415875788868,0,0,0
04:22:11,99.04237247262964,0,0,0
04:22:12,99.04773132840675,0,0,0
04:22:13,99.04773132840675,0,0,0
04:22:14,99.0405861873706,0,0,0
04:22:15,99.04773132840675,0,0,0
04:22:16,99.04773132840675,0,0,0
04:22:17,99.02093704952118,0,0,0
04:22:18,99.02093704952118,0,0,0
04:22:19,99.02095491237375,0,0,0
04:22:20,99.02443816862888,0,0,0
04:22:21,99.02986847581636,0,0,0
04:22:22,99.0173644790031,0,0,0
04:22:23,99.02104422663672,0,0,0
04:22:24,99.0173644790031,0,0,0
04:22:25,99.02272333478022,0,0,0
04:22:26,99.0262959052983,0,0,0
04:22:27,99.02272333478022,0,0,0
04:22:28,99.0173644790031,0,0,0
04:22:29,99.00128791167177,0,0,0
04:22:30,99.00128791167177,0,0,0
04:22:31,98.99950162641272,0,0,0
04:22:32,98.99592905589463,0,0,0
04:22:33,99.00843305270791,0,0,0
04:22:34,99.0173644790031,0,0,0
04:22:35,99.02093704952118,0,0,0
04:22:36,99.02808219055731,0,0,0
04:22:37,99.0173644790031,0,0,0
04:22:38,99.0173644790031,0,0,0
04:22:39,99.02272333478022,0,0,0
04:22:40,99.01379190848502,0,0,0
04:22:41,99.01379190848502,0,0,0
04:22:42,99.01468505111454,0,0,0
04:22:43,99.02450962003924,0,0,0
04:22:44,99.02093704952118,0,0,0
04:22:45,99.01915076426216,0,0,0
04:22:46,99.02808219055731,0,0,0
04:22:47,99.0262959052983,0,0,0
04:22:48,99.03344104633445,0,0,0
04:22:49,99.02808219055731,0,0,0
04:22:50,99.02808219055731,0,0,0
04:22:51,99.02808219055731,0,0,0
04:22:52,99.0173644790031,0,0,0
04:22:53,99.02272333478022,0,0,0
04:22:54,99.02272333478022,0,0,0
04:22:55,99.0262959052983,0,0,0
04:22:56,99.0173644790031,0,0,0
04:22:57,99.03701361685252,0,0,0
04:22:58,99.03522733159348,0,0,0
04:22:59,99.03879990211158,0,0,0
04:23:00,99.04415875788868,0,0,0
04:23:01,99.03344104633445,0,0,0
04:23:02,99.03344104633445,0,0,0
04:23:03,99.02986847581636,0,0,0
04:23:04,99.03344104633445,0,0,0
04:23:05,99.03522733159348,0,0,0
04:23:06,99.02808219055731,0,0,0
04:23:07,99.03522733159348,0,0,0
04:23:08,99.03522733159348,0,0,0
04:23:09,99.04237247262964,0,0,0
04:23:10,99.0691667515152,0,0,0
04:23:11,99.06559418099714,0,0,0
04:23:12,99.06673740356293,0,0,0
04:23:13,99.06380789573812,0,0,0
04:23:14,99.07452560729232,0,0,0
04:23:15,99.06023532522,0,0,0
04:23:16,99.08881588936464,0,0,0
04:23:17,99.0870296041056,0,0,0
04:23:18,99.08345703358752,0,0,0
04:23:19,99.07452560729232,0,0,0
04:23:20,99.0780981778104,0,0,0
04:23:21,99.09953360091885,0,0,0
04:23:22,99.09774731565982,0,0,0
04:23:23,99.09774731565982,0,0,0
04:23:24,99.09774731565982,0,0,0
04:23:25,99.10310617143692,0,0,0
04:23:26,99.10310617143692,0,0,0
04:23:27,99.09417474514174,0,0,0
04:23:28,99.08167074832846,0,0,0
04:23:29,99.07988446306943,0,0,0
04:23:30,99.0691667515152,0,0,0
04:23:31,99.0548764694429,0,0,0
04:23:32,99.05666275470192,0,0,0
04:23:33,99.05309018418386,0,0,0
04:23:34,99.06380789573812,0,0,0
04:23:35,99.07273932203329,0,0,0
04:23:36,99.0780981778104,0,0,0
04:23:37,99.09417474514174,0,0,0
04:23:38,99.09417474514174,0,0,0
04:23:39,99.09238845988271,0,0,0
04:23:40,99.09238845988271,0,0,0
04:23:41,99.10131988617788,0,0,0
04:23:42,99.10310617143692,0,0,0
04:23:43,99.09417474514174,0,0,0
04:23:44,99.09417474514174,0,0,0
04:23:45,99.0870296041056,0,0,0
04:23:46,99.0870296041056,0,0,0
04:23:47,99.08881588936464,0,0,0
04:23:48,99.09417474514174,0,0,0
04:23:49,99.09417474514174,0,0,0
04:23:50,99.09417474514174,0,0,0
04:23:51,99.09774731565982,0,0,0
04:23:52,99.09506788777126,0,0,0
04:23:53,99.0959610304008,0,0,0
04:23:54,99.0914953172532,0,0,0
04:23:55,99.0914953172532,0,0,0
04:23:56,99.08167074832846,0,0,0
04:23:57,99.08345703358752,0,0,0
04:23:58,99.09238845988271,0,0,0
04:23:59,99.09774731565982,0,0,0
04:24:00,99.10131988617788,0,0,0
04:24:01,99.11382388299116,0,0,0
04:24:02,99.10667874195502,0,0,0
04:24:03,99.09417474514174,0,0,0
04:24:04,99.10131988617788,0,0,0
04:24:05,99.10131988617788,0,0,0
04:24:06,99.08881588936464,0,0,0
04:24:07,99.0959610304008,0,0,0
04:24:08,99.09774731565982,0,0,0
04:24:09,99.09238845988271,0,0,0
04:24:10,99.09417474514174,0,0,0
04:24:11,99.09417474514174,0,0,0
04:24:12,99.08524331884657,0,0,0
04:24:13,99.08524331884657,0,0,0
04:24:14,99.09060217462368,0,0,0
04:24:15,99.09060217462368,0,0,0
04:24:16,99.09060217462368,0,0,0
04:24:17,99.06203947333164,0,0,0
04:24:18,99.06023532522,0,0,0
04:24:19,99.05844903996098,0,0,0
04:24:20,99.03737087390434,0,0,0
04:24:21,99.04237247262964,0,0,0
04:24:22,99.04237247262964,0,0,0
04:24:23,99.03344104633445,0,0,0
04:24:24,99.03522733159348,0,0,0
04:24:25,99.0262959052983,0,0,0
04:24:26,99.03701361685252,0,0,0
04:24:27,99.02810005340991,0,0,0
04:24:28,99.01447069688346,0,0,0
04:24:29,99.01379190848502,0,0,0
04:24:30,98.99950162641272,0,0,0
04:24:31,98.99326749085868,0,0,0
04:24:32,98.9977153411537,0,0,0
04:24:33,99.00128791167177,0,0,0
04:24:34,99.00218105430127,0,0,0
04:24:35,99.012005623226,0,0,0
04:24:36,99.00128791167177,0,0,0
04:24:37,99.00664676744888,0,0,0
04:24:38,99.012005623226,0,0,0
04:24:39,99.02272333478022,0,0,0
04:24:40,99.02272333478022,0,0,0
04:24:41,99.02093704952118,0,0,0
04:24:42,99.01825762163264,0,0,0
04:24:43,99.02093704952118,0,0,0
04:24:44,99.02093704952118,0,0,0
04:24:45,99.01915076426216,0,0,0
04:24:46,99.02272333478022,0,0,0
04:24:47,99.02452748289184,0,0,0
04:24:48,99.02452748289184,0,0,0
04:24:49,99.01557819374403,0,0,0
04:24:50,99.0208834609634,0,0,0
04:24:51,99.0208834609634,0,0,0
04:24:52,99.01021933796694,0,0,0
04:24:53,99.01379190848502,0,0,0
04:24:54,99.01379190848502,0,0,0
04:24:55,99.01557819374403,0,0,0
04:24:56,99.0172037133298,0,0,0
04:24:57,99.0172037133298,0,0,0
04:24:58,99.012005623226,0,0,0
04:24:59,99.00843305270791,0,0,0
04:25:00,99.01021933796694,0,0,0
04:25:01,99.01021933796694,0,0,0
04:25:02,99.012005623226,0,0,0
04:25:03,99.0093797838952,0,0,0
04:25:04,99.00934405819,0,0,0
04:25:05,99.00934405819,0,0,0
04:25:06,99.03522733159348,0,0,0
04:25:07,99.0284930361669,0,0,0
04:25:08,99.0173823418557,0,0,0
04:25:09,99.0173644790031,0,0,0
04:25:10,99.0173644790031,0,0,0
04:25:11,99.01021933796694,0,0,0
04:25:12,99.01021933796694,0,0,0
04:25:13,99.00486048218984,0,0,0
04:25:14,99.012005623226,0,0,0
04:25:15,99.012005623226,0,0,0
04:25:16,99.012005623226,0,0,0
04:25:17,99.00664676744888,0,0,0
04:25:18,99.00664676744888,0,0,0
04:25:19,98.9977153411537,0,0,0
04:25:20,99.00664676744888,0,0,0
04:25:21,99.00664676744888,0,0,0
04:25:22,99.00664676744888,0,0,0
04:25:23,99.00664676744888,0,0,0
04:25:24,99.0030741969308,0,0,0
04:25:25,99.00486048218984,0,0,0
04:25:26,98.99414277063562,0,0,0
04:25:27,98.99244579963953,0,0,0
04:25:28,98.99057020011752,0,0,0
04:25:29,98.99324962800608,0,0,0
04:25:30,98.9852113443404,0,0,1
04:25:31,98.99235648537656,0,0,0
04:25:32,98.99414277063562,0,0,0
04:25:33,98.99592905589463,0,0,0
04:25:34,98.99503591326514,0,0,0
04:25:35,98.99057020011752,0,0,0
04:25:36,98.99414277063562,0,0,0
04:25:37,98.99414277063562,0,0,0
04:25:38,98.99233862252396,0,0,0
04:25:39,98.96734849175004,0,0,0
04:25:40,98.96020335071388,0,0,0
04:25:41,98.96020335071388,0,0,0
04:25:42,98.96288277860243,0,0,0
04:25:43,98.96288277860243,0,0,0
04:25:44,98.9709210622681,0,0,0
04:25:45,98.9709210622681,0,0,0
04:25:46,98.95305820967774,0,0,0
04:25:47,98.965562206491,0,0,0
04:25:48,98.965562206491,0,0,0
04:25:49,98.96038197923978,0,0,0
04:25:50,98.96198963597293,0,0,0
04:25:51,98.96913477700906,0,0,0
04:25:52,98.96570510931171,0,0,0
04:25:53,98.9744936327862,0,0,0
04:25:54,98.97402919861884,0,0,0
04:25:55,98.96377592123196,0,0,0
04:25:56,98.96288277860243,0,0,0
04:25:57,98.95484449493678,0,0,0
04:25:58,98.9566307801958,0,0,0
04:25:59,98.95841706545484,0,0,0
04:26:00,98.94948563915966,0,0,0
04:26:01,98.94591306864156,0,0,0
04:26:02,98.95207575278526,0,0,0
04:26:03,98.95207575278526,0,0,0
04:26:04,98.94680621127108,0,0,0
04:26:05,98.93698164234638,0,0,0
04:26:06,98.9423404981235,0,0,0
04:26:07,98.94591306864156,0,0,0
04:26:08,98.95305820967774,0,0,0
04:26:09,98.93698164234638,0,0,0
04:26:10,98.94412678338252,0,0,0
04:26:11,98.91554621923792,0,0,0
04:26:12,98.92447764553312,0,0,0
04:26:13,98.90661479294276,0,0,0
04:26:14,98.8905382256114,0,0,0
04:26:15,98.88516150698167,0,0,0
04:26:16,98.87624794353908,0,0,0
04:26:17,98.87088908776198,0,0,0
04:26:18,98.86910280250294,0,0,0
04:26:19,98.86553023198486,0,0,0
04:26:20,98.86910280250294,0,0,0
04:26:21,98.86910280250294,0,0,0
04:26:22,98.8673165172439,0,0,0
04:26:23,98.86376180957842,0,0,0
04:26:24,98.86553023198486,0,0,0
04:26:25,98.86553023198486,0,0,0
04:26:26,98.86374394672583,0,0,0
04:26:27,98.8673165172439,0,0,0
04:26:28,98.86910280250294,0,0,0
04:26:29,98.872675373021,0,0,0
04:26:30,98.86553023198486,0,0,0
04:26:31,98.85749194831918,0,0,0
04:26:32,98.85393724065368,0,0,0
04:26:33,98.85481252043064,0,0,0
04:26:34,98.8619576614668,0,0,0
04:26:35,98.8619576614668,0,0,0
04:26:36,98.85302623517158,0,0,0
04:26:37,98.85123994991255,0,0,0
04:26:38,98.85393724065368,0,0,0
04:26:39,98.853008372319,0,0,0
04:26:40,98.85659880568966,0,0,0
04:26:41,98.85815287386504,0,0,0
04:26:42,98.85302623517158,0,0,0
04:26:43,98.85659880568966,0,0,0
04:26:44,98.84990023596828,0,0,0
04:26:45,98.84945366465352,0,0,0
04:26:46,98.84945366465352,0,0,0
04:26:47,98.85761698828732,0,0,0
04:26:48,98.85659880568966,0,0,0
04:26:49,98.84945366465352,0,0,0
04:26:50,98.83337709732216,0,0,0
04:26:51,98.82623195628602,0,0,0
04:26:52,98.82712509891554,0,0,0
04:26:53,98.8387359530993,0,0,0
04:26:54,98.84052223835832,0,0,0
04:26:55,98.8440948088764,0,0,0
04:26:56,98.8440948088764,0,0,0
04:26:57,98.83896817018297,0,0,0
04:26:58,98.8387359530993,0,0,0
04:26:59,98.84230852361738,0,0,0
04:27:00,98.84945366465352,0,0,0
04:27:01,98.848560522024,0,0,0
04:27:02,98.84588109413544,0,0,0
04:27:03,98.86553023198486,0,0,0
04:27:04,98.86553023198486,0,0,0
04:27:05,98.85659880568966,0,0,0
04:27:06,98.8583850909487,0,0,0
04:27:07,98.84052223835832,0,0,0
04:27:08,98.85123994991255,0,0,0
04:27:09,98.8440948088764,0,0,0
04:27:10,98.8440948088764,0,0,0
04:27:11,98.8440948088764,0,0,0
04:27:12,98.85304409802416,0,0,0
04:27:13,98.84945366465352,0,0,0
04:27:14,98.85481252043064,0,0,0
04:27:15,98.84945366465352,0,0,0
04:27:16,98.85659880568966,0,0,0
04:27:17,98.86910280250294,0,0,0
04:27:18,98.8673165172439,0,0,0
04:27:19,98.87982051405716,0,0,0
04:27:20,98.872675373021,0,0,0
04:27:21,98.86910280250294,0,0,0
04:27:22,98.86910280250294,0,0,0
04:27:23,98.87982051405716,0,0,0
04:27:24,98.87803422879811,0,0,0
04:27:25,98.87424730404898,0,0,0
04:27:26,98.88024922251934,0,0,0
04:27:27,98.99950162641272,0,0,0
04:27:28,99.02093704952118,0,0,0
04:27:29,99.00039476904225,0,0,0
04:27:30,99.00843305270791,0,0,0
04:27:31,98.99950162641272,0,0,0
04:27:32,98.98699762959944,0,0,0
04:27:33,98.99950162641272,0,0,0
04:27:34,99.00662890459628,0,0,0
04:27:35,99.0030741969308,0,0,0
04:27:36,98.994124907783,0,0,0
04:27:37,98.98342505908138,0,0,0
04:27:38,98.99235648537656,0,0,0
04:27:39,98.98476477302566,0,0,0
04:27:40,98.94055421286446,0,0,0
04:27:41,98.95484449493678,0,0,0
04:27:42,98.9566307801958,0,0,0
04:27:43,98.94412678338252,0,0,0
04:27:44,98.94412678338252,0,0,0
04:27:45,98.9423404981235,0,0,0
04:27:46,98.94019695581268,0,0,0
04:27:47,98.93876792760544,0,0,0
04:27:48,98.93876792760544,0,0,0
04:27:49,98.95305820967774,0,0,0
04:27:50,98.97985248856332,0,0,0
04:27:51,98.99950162641272,0,0,0
04:27:52,98.98878391485847,0,0,0
04:27:53,98.965562206491,0,0,0
04:27:54,98.95305820967774,0,0,0
04:27:55,98.96198963597293,0,0,0
04:27:56,98.96377592123196,0,0,0
04:27:57,98.95305820967774,0,0,0
04:27:58,98.96734849175004,0,0,0
04:27:59,98.965562206491,0,0,0
04:28:00,98.96913477700906,0,0,0
04:28:01,98.97270734752716,0,0,0
04:28:02,98.97806620330428,0,0,0
04:28:03,98.98342505908138,0,0,0
04:28:04,98.98163877382234,0,0,0
04:28:05,98.97622632948746,0,0,0
04:28:06,98.97985248856332,0,0,0
04:28:07,98.9709210622681,0,0,0
04:28:08,98.97806620330428,0,0,0
04:28:09,98.97404706147142,0,0,0
04:28:10,98.9709210622681,0,0,0
04:28:11,98.964079589726,0,0,0
04:28:12,98.96734849175004,0,0,0
04:28:13,98.9744936327862,0,0,0
04:28:14,98.97985248856332,0,0,0
04:28:15,98.98163877382234,0,0,0
04:28:16,98.9977153411537,0,0,0
04:28:17,98.99414277063562,0,0,0
04:28:18,98.98699762959944,0,0,0
04:28:19,98.98878391485847,0,0,0
04:28:20,98.9852113443404,0,0,0
04:28:21,98.99235648537656,0,0,0
04:28:22,98.99057020011752,0,0,0
04:28:23,98.98163877382234,0,0,0
04:28:24,98.97627991804524,0,0,0
04:28:25,98.96377592123196,0,0,0
04:28:26,98.96020335071388,0,0,0
04:28:27,98.96377592123196,0,0,0
04:28:28,98.95841706545484,0,0,0
04:28:29,98.95931020808436,0,0,0
04:28:30,98.96484769238737,0,0,0
04:28:31,98.96198963597293,0,0,0
04:28:32,98.98163877382234,0,0,0
04:28:33,98.98699762959944,0,0,0
04:28:34,98.9566307801958,0,0,0
04:28:35,98.96020335071388,0,0,0
04:28:36,98.96020335071388,0,0,0
04:28:37,98.95841706545484,0,0,0
04:28:38,98.96377592123196,0,0,0
04:28:39,98.96913477700906,0,0,0
04:28:40,98.96734849175004,0,0,0
04:28:41,98.96198963597293,0,0,0
04:28:42,98.96198963597293,0,0,0
04:28:43,98.96913477700906,0,0,0
04:28:44,98.96913477700906,0,0,0
04:28:45,98.97270734752716,0,0,0
04:28:46,98.97270734752716,0,0,0
04:28:47,98.97806620330428,0,0,0
04:28:48,98.9744936327862,0,0,0
04:28:49,98.96734849175004,0,0,0
04:28:50,98.97806620330428,0,0,0
04:28:51,98.97627991804524,0,0,0
04:28:52,98.98342505908138,0,0,0
04:28:53,98.98342505908138,0,0,0
04:28:54,98.98878391485847,0,0,0
04:28:55,99.01021933796694,0,0,0
04:28:56,99.00486048218984,0,0,0
04:28:57,99.00128791167177,0,0,0
04:28:58,99.0026990770264,0,0,0
04:28:59,99.01021933796694,0,0,0
04:29:00,98.99682219852416,0,0,0
04:29:01,99.00128791167177,0,0,0
04:29:02,99.00486048218984,0,0,0
04:29:03,99.00596797905044,0,0,0
04:29:04,98.9977153411537,0,0,0
04:29:05,98.99950162641272,0,0,0
04:29:06,98.99414277063562,0,0,0
04:29:07,98.99592905589463,0,0,0
04:29:08,99.0262959052983,0,0,0
04:29:09,99.03344104633445,0,0,0
04:29:10,99.04415875788868,0,0,0
04:29:11,99.07452560729232,0,0,0
04:29:12,99.06202161047906,0,0,0
04:29:13,99.04951761366578,0,0,0
04:29:14,99.06559418099714,0,0,0
04:29:15,99.07631189255136,0,0,0
04:29:16,99.09060217462368,0,0,0
04:29:17,99.09060217462368,0,0,0
04:29:18,99.08345703358752,0,0,0
04:29:19,99.07095303677424,0,0,0
04:29:20,99.0548764694429,0,0,0
04:29:21,99.08524331884657,0,0,0
04:29:22,99.07631189255136,0,0,0
04:29:23,99.08524331884657,0,0,0
04:29:24,99.0989262639308,0,0,0
04:29:25,99.1102513124731,0,0,0
04:29:26,99.11210904914248,0,0,0
04:29:27,99.11918273876827,0,0,0
04:29:28,99.12990045032252,0,0,0
04:29:29,99.11721782498334,0,0,0
04:29:30,99.12990045032252,0,0,0
04:29:31,99.1227017207286,0,0,0
04:29:32,99.10846502721404,0,0,0
04:29:33,99.10667874195502,0,0,0
04:29:34,99.0959610304008,0,0,0
04:29:35,99.09774731565982,0,0,0
04:29:36,99.10310617143692,0,0,0
04:29:37,99.0870296041056,0,0,0
04:29:38,99.08524331884657,0,0,0
04:29:39,99.09060217462368,0,0,0
04:29:40,99.11918273876827,0,0,0
04:29:41,99.12632787980442,0,0,0
04:29:42,99.12811416506348,0,0,0
04:29:43,99.13704559135866,0,0,0
04:29:44,99.13168673558155,0,0,0
04:29:45,99.13347302084058,0,0,0
04:29:46,99.1388318766177,0,0,0
04:29:47,99.12632787980442,0,0,0
04:29:48,99.12839997070492,0,0,0
04:29:49,99.12811416506348,0,0,0
04:29:50,99.12632787980442,0,0,0
04:29:51,99.12275530928636,0,0,0
04:29:52,99.129007307693,0,0,0
04:29:53,99.12275530928636,0,0,0
04:29:54,99.12632787980442,0,0,0
04:29:55,99.12990045032252,0,0,0
04:29:56,99.13168673558155,0,0,0
04:29:57,99.12927525048184,0,0,0
04:29:58,99.12990045032252,0,0,0
04:29:59,99.12096902402732,0,0,0
04:30:00,99.12632787980442,0,0,0
04:30:01,99.12990045032252,0,0,0
04:30:02,99.1156101682502,0,0,0
04:30:03,99.1245415945454,0,0,0
04:30:04,99.11828959613877,0,0,0
04:30:05,99.11739645350924,0,0,0
04:30:06,99.10310617143692,0,0,0
04:30:07,99.09238845988271,0,0,0
04:30:08,99.09238845988271,0,0,0
04:30:09,99.13347302084058,0,0,0
04:30:10,99.13413394638644,0,0,0
04:30:11,99.16383987024425,0,0,0
04:30:12,99.14954958817192,0,0,0
04:30:13,99.15133587343098,0,0,0
04:30:14,99.14599488050644,0,0,0
04:30:15,99.14954958817192,0,0,0
04:30:16,99.16383987024425,0,0,0
04:30:17,99.15633747215628,0,0,0
04:30:18,99.16473301287375,0,0,0
04:30:19,99.22635985431056,0,0,0
04:30:20,99.23171871008768,0,0,0
04:30:21,99.24243642164193,0,0,0
04:30:22,99.26744441526844,0,0,0
04:30:23,99.26744441526844,0,0,0
04:30:24,99.27369641367508,0,0,0
04:30:25,99.28352098259978,0,0,0
04:30:26,99.29602497941303,0,0,0
04:30:27,99.30138383519017,0,0,0
04:30:28,99.292452408895,0,0,0
04:30:29,99.3067426909673,0,0,0
04:30:30,99.29781126467208,0,0,0
04:30:31,99.29066612363594,0,0,0
04:30:32,99.2879866957474,0,0,0
04:30:33,99.30138383519017,0,0,0
04:30:34,99.3210329730396,0,0,0
04:30:35,99.32460554355768,0,0,0
04:30:36,99.3269634400996,0,0,0
04:30:37,99.33710954037092,0,0,0
04:30:38,99.34668402935937,0,0,0
04:30:39,99.35497239296132,0,0,0
04:30:40,99.36569010451554,0,0,0
04:30:41,99.36033124873843,0,0,0
04:30:42,99.35139982244324,0,0,0
04:30:43,99.3496135371842,0,0,0
04:30:44,99.32460554355768,0,0,0
04:30:45,99.32817811407573,0,0,0
04:30:46,99.340682110889,0,0,0
04:30:47,99.36569010451554,0,0,0
04:30:48,99.35139982244324,0,0,0
04:30:49,99.340682110889,0,0,0
04:30:50,99.3210329730396,0,0,0
04:30:51,99.31924668778056,0,0,0
04:30:52,99.31924668778056,0,0,0
04:30:53,99.340682110889,0,0,0
04:30:54,99.35497239296132,0,0,0
04:30:55,99.36184959120862,0,0,0
04:30:56,99.36465405906527,0,0,0
04:30:57,99.38521420239682,0,0,0
04:30:58,99.37283524555168,0,0,0
04:30:59,99.3692626750336,0,0,0
04:31:00,99.3639038192565,0,0,0
04:31:01,99.3692626750336,0,0,0
04:31:02,99.37998038658785,0,0,0
04:31:03,99.35675867822036,0,0,0
04:31:04,99.3479522918933,0,0,0
04:31:05,99.34693410929565,0,0,0
04:31:06,99.33534111796448,0,0,0
04:31:07,99.3496135371842,0,0,0
04:31:08,99.33889582562998,0,0,0
04:31:09,99.33353696985286,0,0,0
04:31:10,99.340682110889,0,0,0
04:31:11,99.33723458033906,0,0,0
04:31:12,99.30763583359682,0,0,0
04:31:13,99.32281925829862,0,0,0
04:31:14,99.3031701204492,0,0,0
04:31:15,99.30852897622631,0,0,0
04:31:16,99.31004731869648,0,0,0
04:31:17,99.29959754993112,0,0,0
04:31:18,99.30852897622631,0,0,0
04:31:19,99.31388783200345,0,0,0
04:31:20,99.31031526148536,0,0,0
04:31:21,99.31746040252152,0,0,0
04:31:22,99.29781126467208,0,0,0
04:31:23,99.29602497941303,0,0,0
04:31:24,99.29781126467208,0,0,0
04:31:25,99.31388783200345,0,0,0
04:31:26,99.30138383519017,0,0,0
04:31:27,99.31031526148536,0,0,0
04:31:28,99.32637396596412,0,0,0
04:31:29,99.31746040252152,0,0,0
04:31:30,99.32478417208358,0,0,0
04:31:31,99.3540792503318,0,0,0
04:31:32,99.3585449634794,0,0,0
04:31:33,99.35765182084988,0,0,0
04:31:34,99.34782725192515,0,0,0
04:31:35,99.34604096666612,0,0,0
04:31:36,99.34782725192515,0,0,0
04:31:37,99.3585449634794,0,0,0
04:31:38,99.3585449634794,0,0,0
04:31:39,99.34443330993298,0,0,0
04:31:40,99.34246839614804,0,0,0
04:31:41,99.33175068459384,0,0,0
04:31:42,99.32996439933478,0,0,0
04:31:43,99.31031526148536,0,0,0
04:31:44,99.3067426909673,0,0,0
04:31:45,99.33710954037092,0,0,0
04:31:46,99.34782725192515,0,0,0
04:31:47,99.35318610770229,0,0,0
04:31:48,99.35318610770229,0,0,0
04:31:49,99.35675867822036,0,0,0
04:31:50,99.35497239296132,0,0,0
04:31:51,99.36211753399746,0,0,0
04:31:52,99.3585271006268,0,0,0
04:31:53,99.38087352921735,0,0,0
04:31:54,99.39069809814208,0,0,0
04:31:55,99.37283524555168,0,0,0
04:31:56,99.39427066866014,0,0,0
04:31:57,99.38355295710592,0,0,0
04:31:58,99.39069809814208,0,0,0
04:31:59,99.3764078160698,0,0,0
04:32:00,99.36747638977458,0,0,0
04:32:01,99.36747638977458,0,0,0
04:32:02,99.36122439136795,0,0,0
04:32:03,99.34246839614804,0,0,0
04:32:04,99.33353696985286,0,0,0
04:32:05,99.35318610770229,0,0,0
04:32:06,99.35316824484968,0,0,0
04:32:07,99.37104896029264,0,0,0
04:32:08,99.36211753399746,0,0,0
04:32:09,99.37283524555168,0,0,0
04:32:10,99.40677466547342,0,0,0
04:32:11,99.42999637384092,0,0,0
04:32:12,99.42374437543428,0,0,0
04:32:13,99.42642380332283,0,0,0
04:32:14,99.4157060917686,0,0,0
04:32:15,99.4157060917686,0,0,0
04:32:16,99.43890993728353,0,0,0
04:32:17,99.45679065272648,0,0,0
04:32:18,99.46750836428072,0,0,0
04:32:19,99.47393899121325,0,0,0
04:32:20,99.49608892842532,0,0,0
04:32:21,99.481798646353,0,0,0
04:32:22,99.48233453193072,0,0,0
04:32:23,99.46750836428072,0,0,0
04:32:24,99.46572207902167,0,0,0
04:32:25,99.45857693798553,0,0,0
04:32:26,99.46929464953976,0,0,0
04:32:27,99.44964551169032,0,0,0
04:32:28,99.46572207902167,0,0,0
04:32:29,99.46570421616909,0,0,0
04:32:30,99.46570421616909,0,0,0
04:32:31,99.46750836428072,0,0,0
04:32:32,99.49073007264822,0,0,0
04:32:33,99.47465350531688,0,0,0
04:32:34,99.48715750213016,0,0,0
04:32:35,99.48715750213016,0,0,0
04:32:36,99.46572207902167,0,0,0
04:32:37,99.44428665591325,0,0,0
04:32:38,99.4389278001361,0,0,0
04:32:39,99.43178265909997,0,0,0
04:32:40,99.43178265909997,0,0,0
04:32:41,99.46572207902167,0,0,0
04:32:42,99.47286722005784,0,0,0
04:32:43,99.4621495085036,0,0,0
04:32:44,99.46750836428072,0,0,0
04:32:45,99.47286722005784,0,0,0
04:32:46,99.46572207902167,0,0,0
04:32:47,99.46534695911728,0,0,0
04:32:48,99.48358493161206,0,0,0
04:32:49,99.46393579376264,0,0,0
04:32:50,99.4532180822084,0,0,0
04:32:51,99.46036322324456,0,0,0
04:32:52,99.46572207902167,0,0,0
04:32:53,99.4478592264313,0,0,0
04:32:54,99.44160722802468,0,0,0
04:32:55,99.4425003706542,0,0,0
04:32:56,99.44607294117226,0,0,0
04:32:57,99.4532180822084,0,0,0
04:32:58,99.45143179694938,0,0,0
04:32:59,99.4532180822084,0,0,0
04:33:00,99.4567727898739,0,0,0
04:33:01,99.44339351328372,0,0,0
04:33:02,99.44339351328372,0,0,0
04:33:03,99.45143179694938,0,0,0
04:33:04,99.43535522961804,0,0,0
04:33:05,99.4049883802144,0,0,0
04:33:06,99.40318423210276,0,0,0
04:33:07,99.41195489272464,0,0,0
04:33:08,99.40141580969632,0,0,0
04:33:09,99.40677466547342,0,0,0
04:33:10,99.42883528842256,0,0,0
04:33:11,99.4246375180638,0,0,0
04:33:12,99.44071408539516,0,0,0
04:33:13,99.43714151487708,0,0,0
04:33:14,99.4246375180638,0,0,0
04:33:15,99.41213352125052,0,0,0
04:33:16,99.42999637384092,0,0,0
04:33:17,99.42642380332283,0,0,0
04:33:18,99.42999637384092,0,0,0
04:33:19,99.42642380332283,0,0,0
04:33:20,99.40677466547342,0,0,0
04:33:21,99.4103472359915,0,0,0
04:33:22,99.40807865371252,0,0,0
04:33:23,99.40677466547342,0,0,0
04:33:24,99.42106494754572,0,0,0
04:33:25,99.4344620869885,0,0,0
04:33:26,99.43256862461394,0,0,0
04:33:27,99.44071408539516,0,0,0
04:33:28,99.43714151487708,0,0,0
04:33:29,99.4192786622867,0,0,0
04:33:30,99.4192786622867,0,0,0
04:33:31,99.4049883802144,0,0,0
04:33:32,99.40677466547342,0,0,0
04:33:33,99.39784323917824,0,0,0
04:33:34,99.38798294454834,0,0,0
04:33:35,99.37819410132882,0,0,0
04:33:36,99.37104896029264,0,0,0
04:33:37,99.35497239296132,0,0,0
04:33:38,99.35139982244324,0,0,0
04:33:39,99.3566693639574,0,0,0
04:33:40,99.35765182084988,0,0,0
04:33:41,99.3639038192565,0,0,0
04:33:42,99.3639038192565,0,0,0
04:33:43,99.35318610770229,0,0,0
04:33:44,99.35497239296132,0,0,0
04:33:45,99.35675867822036,0,0,0
04:33:46,99.35318610770229,0,0,0
04:33:47,99.3764078160698,0,0,0
04:33:48,99.3764078160698,0,0,0
04:33:49,99.387125527624,0,0,0
04:33:50,99.36747638977458,0,0,0
04:33:51,99.37104896029264,0,0,0
04:33:52,99.36417176204536,0,0,0
04:33:53,99.3692626750336,0,0,0
04:33:54,99.37998038658785,0,0,0
04:33:55,99.37283524555168,0,0,0
04:33:56,99.3692626750336,0,0,0
04:33:57,99.3960569539192,0,0,0
04:33:58,99.39427066866014,0,0,0
04:33:59,99.3826598144764,0,0,0
04:34:00,99.40320209495536,0,0,0
04:34:01,99.40856095073244,0,0,0
04:34:02,99.40677466547342,0,0,0
04:34:03,99.3960569539192,0,0,0
04:34:04,99.41749237702764,0,0,0
04:34:05,99.42821008858188,0,0,0
04:34:06,99.41749237702764,0,0,0
04:34:07,99.42642380332283,0,0,0
04:34:08,99.42106494754572,0,0,0
04:34:09,99.4157060917686,0,0,0
04:34:10,99.39695009654872,0,0,0
04:34:11,99.40320209495536,0,0,0
04:34:12,99.3979325534412,0,0,0
04:34:13,99.4192786622867,0,0,0
04:34:14,99.3960569539192,0,0,0
04:34:15,99.36211753399746,0,0,0
04:34:16,99.36211753399746,0,0,0
04:34:17,99.34425468140708,0,0,0
04:34:18,99.34782725192515,0,0,0
04:34:19,99.34425468140708,0,0,0
04:34:20,99.3496135371842,0,0,0
04:34:21,99.33353696985286,0,0,0
04:34:22,99.30883264472035,0,0,0
04:34:23,99.30495640570824,0,0,0
04:34:24,99.30495640570824,0,0,0
04:34:25,99.30824317058487,0,0,0
04:34:26,99.29604284226563,0,0,0
04:34:27,99.28887983837691,0,0,0
04:34:28,99.28173469734074,0,0,0
04:34:29,99.28173469734074,0,0,0
04:34:30,99.28709355311788,0,0,0
04:34:31,99.28373533683089,0,0,0
04:34:32,99.28373533683089,0,0,0
04:34:33,99.29155926626548,0,0,0
04:34:34,99.29602497941303,0,0,0
04:34:35,99.28887983837691,0,0,0
04:34:36,99.28887983837691,0,0,0
04:34:37,99.292452408895,0,0,0
04:34:38,99.32281925829862,0,0,0
04:34:39,99.35229296507276,0,0,0
04:34:40,99.36211753399746,0,0,0
04:34:41,99.34782725192515,0,0,0
04:34:42,99.35318610770229,0,0,0
04:34:43,99.3496135371842,0,0,0
04:34:44,99.3585449634794,0,0,0
04:34:45,99.3496135371842,0,0,0
04:34:46,99.340682110889,0,0,0
04:34:47,99.3353232551119,0,0,0
04:34:48,99.32410538368514,0,0,0
04:34:49,99.32410538368514,0,0,0
04:34:50,99.33173282174124,0,0,0
04:34:51,99.32460554355768,0,0,0
04:34:52,99.32281925829862,0,0,0
04:34:53,99.33264382722336,0,0,0
04:34:54,99.3263918288167,0,0,0
04:34:55,99.3210329730396,0,0,0
04:34:56,99.29961541278372,0,0,0
04:34:57,99.31388783200345,0,0,0
04:34:58,99.31531686021069,0,0,0
04:34:59,99.3031701204492,0,0,0
04:35:00,99.27994841208172,0,0,0
04:35:01,99.28352098259978,0,0,0
04:35:02,99.3210329730396,0,0,0
04:35:03,99.30495640570824,0,0,0
04:35:04,99.3031701204492,0,0,0
04:35:05,99.30138383519017,0,0,0
04:35:06,99.30495640570824,0,0,0
04:35:07,99.29602497941303,0,0,0
04:35:08,99.29513183678354,0,0,0
04:35:09,99.28887983837691,0,0,0
04:35:10,99.29066612363594,0,0,0
04:35:11,99.28887983837691,0,0,0
04:35:12,99.28887983837691,0,0,0
04:35:13,99.28887983837691,0,0,0
04:35:14,99.28203836583478,0,0,0
04:35:15,99.28505718792256,0,0,0
04:35:16,99.292452408895,0,0,0
04:35:17,99.29602497941303,0,0,0
04:35:18,99.31567411726247,0,0,0
04:35:19,99.31924668778056,0,0,0
04:35:20,99.31924668778056,0,0,0
04:35:21,99.33353696985286,0,0,0
04:35:22,99.33889582562998,0,0,0
04:35:23,99.33978896825948,0,0,0
04:35:24,99.35675867822036,0,0,0
04:35:25,99.36608308727251,0,0,0
04:35:26,99.38533924236496,0,0,0
04:35:27,99.37462153081074,0,0,0
04:35:28,99.3585449634794,0,0,0
04:35:29,99.3585449634794,0,0,0
04:35:30,99.3764078160698,0,0,0
04:35:31,99.39784323917824,0,0,0
04:35:32,99.39248438340113,0,0,0
04:35:33,99.3960569539192,0,0,0
04:35:34,99.40141580969632,0,0,0
04:35:35,99.39962952443727,0,0,0
04:35:36,99.38355295710592,0,0,0
04:35:37,99.37283524555168,0,0,0
04:35:38,99.37462153081074,0,0,0
04:35:39,99.37283524555168,0,0,0
04:35:40,99.3639038192565,0,0,0
04:35:41,99.34246839614804,0,0,0
04:35:42,99.33889582562998,0,0,0
04:35:43,99.3353232551119,0,0,0
04:35:44,99.3353232551119,0,0,0
04:35:45,99.34246839614804,0,0,0
04:35:46,99.34425468140708,0,0,0
04:35:47,99.34246839614804,0,0,0
04:35:48,99.34425468140708,0,0,0
04:35:49,99.34782725192515,0,0,0
04:35:50,99.35316824484968,0,0,0
04:35:51,99.36033124873843,0,0,0
04:35:52,99.37462153081074,0,0,0
04:35:53,99.37819410132882,0,0,0
04:35:54,99.37998038658785,0,0,0
04:35:55,99.40141580969632,0,0,0
04:35:56,99.39962952443727,0,0,0
04:35:57,99.39962952443727,0,0,0
04:35:58,99.4103472359915,0,0,0
04:35:59,99.40141580969632,0,0,0
04:36:00,99.39448502289125,0,0,0
04:36:01,99.40141580969632,0,0,0
04:36:02,99.4049883802144,0,0,0
04:36:03,99.40041548995124,0,0,0
04:36:04,99.39961166158469,0,0,0
04:36:05,99.38176667184688,0,0,0
04:36:06,99.38891181288304,0,0,0
04:36:07,99.38533924236496,0,0,0
04:36:08,99.3960569539192,0,0,0
04:36:09,99.4103472359915,0,0,0
04:36:10,99.41391980650955,0,0,0
04:36:11,99.415688228916,0,0,0
04:36:12,99.4049883802144,0,0,0
04:36:13,99.4049883802144,0,0,0
04:36:14,99.40320209495536,0,0,0
04:36:15,99.4103472359915,0,0,0
04:36:16,99.42285123280476,0,0,0
04:36:17,99.42219030725892,0,0,0
04:36:18,99.42106494754572,0,0,0
04:36:19,99.43178265909997,0,0,0
04:36:20,99.43626623510016,0,0,0
04:36:21,99.42821008858188,0,0,0
04:36:22,99.43790961753848,0,0,0
04:36:23,99.44875236906084,0,0,0
04:36:24,99.44607294117226,0,0,0
04:36:25,99.44428665591325,0,0,0
04:36:26,99.4478592264313,0,0,0
04:36:27,99.43803465750658,0,0,0
04:36:28,99.42821008858188,0,0,0
04:36:29,99.4291032312114,0,0,0
04:36:30,99.4246375180638,0,0,0
04:36:31,99.4246375180638,0,0,0
04:36:32,99.39784323917824,0,0,0
04:36:33,99.41036509884408,0,0,0
04:36:34,99.4049883802144,0,0,0
04:36:35,99.3960569539192,0,0,0
04:36:36,99.39427066866014,0,0,0
04:36:37,99.39962952443727,0,0,0
04:36:38,99.39962952443727,0,0,0
04:36:39,99.40677466547342,0,0,0
04:36:40,99.42999637384092,0,0,0
04:36:41,99.42999637384092,0,0,0
04:36:42,99.44964551169032,0,0,0
04:36:43,99.43982094276562,0,0,0
04:36:44,99.43383688714786,0,0,0
04:36:45,99.45077087140352,0,0,0
04:36:46,99.4478592264313,0,0,0
04:36:47,99.4577016582086,0,0,0
04:36:48,99.45143179694938,0,0,0
04:36:49,99.45500436746744,0,0,0
04:36:50,99.45679065272648,0,0,0
04:36:51,99.44964551169032,0,0,0
04:36:52,99.44964551169032,0,0,0
04:36:53,99.433568944359,0,0,0
04:36:54,99.45143179694938,0,0,0
04:36:55,99.45143179694938,0,0,0
04:36:56,99.44607294117226,0,0,0
04:36:57,99.44607294117226,0,0,0
04:36:58,99.43714151487708,0,0,0
04:36:59,99.42999637384092,0,0,0
04:37:00,99.4425003706542,0,0,0
04:37:01,99.4425003706542,0,0,0
04:37:02,99.44035682834334,0,0,0
04:37:03,99.45143179694938,0,0,0
04:37:04,99.45143179694938,0,0,0
04:37:05,99.44607294117226,0,0,0
04:37:06,99.44607294117226,0,0,0
04:37:07,99.45500436746744,0,0,0
04:37:08,99.47463564246428,0,0,0
04:37:09,99.47822607583494,0,0,0
04:37:10,99.48715750213016,0,0,0
04:37:11,99.47733293320545,0,0,0
04:37:12,99.46929464953976,0,0,0
04:37:13,99.481798646353,0,0,0
04:37:14,99.47643979057592,0,0,0
04:37:15,99.48358493161206,0,0,0
04:37:16,99.4710809347988,0,0,0
04:37:17,99.48715750213016,0,0,0
04:37:18,99.48447807424157,0,0,0
04:37:19,99.481798646353,0,0,0
04:37:20,99.48001236109398,0,0,0
04:37:21,99.49608892842532,0,0,0
04:37:22,99.51216549575668,0,0,0
04:37:23,99.51216549575668,0,0,0
04:37:24,99.52109692205188,0,0,0
04:37:25,99.5228832073109,0,0,0
04:37:26,99.52466949256991,0,0,0
04:37:27,99.5228832073109,0,0,0
04:37:28,99.528242063088,0,0,0
04:37:29,99.5184174941633,0,0,0
04:37:30,99.5278848060362,0,0,0
04:37:31,99.5228832073109,0,0,0
04:37:32,99.52466949256991,0,0,0
04:37:33,99.55057062882598,0,0,0
04:37:34,99.53895977464224,0,0,0
04:37:35,99.52465162971735,0,0,0
04:37:36,99.51395178101572,0,0,0
04:37:37,99.49608892842532,0,0,0
04:37:38,99.50539547462492,0,0,0
04:37:39,99.5228832073109,0,0,0
04:37:40,99.52016805371716,0,0,0
04:37:41,99.5318146336061,0,0,0
04:37:42,99.5228832073109,0,0,0
04:37:43,99.53002834834706,0,0,0
04:37:44,99.51037921049765,0,0,0
04:37:45,99.4996614989434,0,0,0
04:37:46,99.50519898324644,0,0,0
04:37:47,99.51573806627476,0,0,0
04:37:48,99.50323406946148,0,0,0
04:37:49,99.50680663997954,0,0,0
04:37:50,99.52290107016348,0,0,0
04:37:51,99.52018591656976,0,0,0
04:37:52,99.52109692205188,0,0,0
04:37:53,99.5228832073109,0,0,0
04:37:54,99.51411254668903,0,0,0
04:37:55,99.5029839895252,0,0,0
04:37:56,99.49251635790723,0,0,0
04:37:57,99.49251635790723,0,0,0
04:37:58,99.50237665253717,0,0,0
04:37:59,99.49608892842532,0,0,0
04:38:00,99.50144778420244,0,0,0
04:38:01,99.46572207902167,0,0,0
04:38:02,99.47018779216928,0,0,0
04:38:03,99.46572207902167,0,0,0
04:38:04,99.4532180822084,0,0,0
04:38:05,99.47465350531688,0,0,0
04:38:06,99.4532180822084,0,0,0
04:38:07,99.47465350531688,0,0,0
04:38:08,99.47643979057592,0,0,0
04:38:09,99.47822607583494,0,0,0
04:38:10,99.49787521368437,0,0,0
04:38:11,99.49251635790723,0,0,0
04:38:12,99.48537121687112,0,0,0
04:38:13,99.48715750213016,0,0,0
04:38:14,99.4996614989434,0,0,0
04:38:15,99.49787521368437,0,0,0
04:38:16,99.50146564705504,0,0,0
04:38:17,99.4710809347988,0,0,0
04:38:18,99.47465350531688,0,0,0
04:38:19,99.46036322324456,0,0,0
04:38:20,99.45143179694938,0,0,0
04:38:21,99.44428665591325,0,0,0
04:38:22,99.4425003706542,0,0,0
04:38:23,99.4389278001361,0,0,0
04:38:24,99.44071408539516,0,0,0
04:38:25,99.44071408539516,0,0,0
04:38:26,99.43535522961804,0,0,0
04:38:27,99.45143179694938,0,0,0
04:38:28,99.4364984521838,0,0,0
04:38:29,99.44071408539516,0,0,0
04:38:30,99.43535522961804,0,0,0
04:38:31,99.4246375180638,0,0,0
04:38:32,99.4157060917686,0,0,0
04:38:33,99.41838551965718,0,0,0
04:38:34,99.42367292402392,0,0,0
04:38:35,99.41929652513927,0,0,0
04:38:36,99.41840338250977,0,0,0
04:38:37,99.41749237702764,0,0,0
04:38:38,99.41213352125052,0,0,0
04:38:39,99.39962952443727,0,0,0
04:38:40,99.39248438340113,0,0,0
04:38:41,99.39516381128966,0,0,0
04:38:42,99.39337752603063,0,0,0
04:38:43,99.39337752603063,0,0,0
04:38:44,99.39784323917824,0,0,0
04:38:45,99.41749237702764,0,0,0
04:38:46,99.42035043344212,0,0,0
04:38:47,99.41842124536235,0,0,0
04:38:48,99.42106494754572,0,0,0
04:38:49,99.4157060917686,0,0,0
04:38:50,99.40856095073244,0,0,0
04:38:51,99.42106494754572,0,0,0
04:38:52,99.42821008858188,0,0,0
04:38:53,99.42106494754572,0,0,0
04:38:54,99.44607294117226,0,0,0
04:38:55,99.4491453518178,0,0,0
04:38:56,99.44428665591325,0,0,0
04:38:57,99.44589431264636,0,0,0
04:38:58,99.43958872568196,0,0,0
04:38:59,99.433568944359,0,0,0
04:39:00,99.433568944359,0,0,0
04:39:01,99.42999637384092,0,0,0
04:39:02,99.43714151487708,0,0,0
04:39:03,99.43303305878128,0,0,0
04:39:04,99.45679065272648,0,0,0
04:39:05,99.46125636587408,0,0,0
04:39:06,99.47751156173132,0,0,0
04:39:07,99.4677048556592,0,0,0
04:39:08,99.47197407742831,0,0,0
04:39:09,99.48001236109398,0,0,0
04:39:10,99.48358493161206,0,0,0
04:39:11,99.49073007264822,0,0,0
04:39:12,99.51216549575668,0,0,0
04:39:13,99.54253234516032,0,0,0
04:39:14,99.5228832073109,0,0,0
04:39:15,99.53360091886512,0,0,0
04:39:16,99.54860571504103,0,0,0
04:39:17,99.55682262723263,0,0,0
04:39:18,99.56754033878686,0,0,0
04:39:19,99.56039519775072,0,0,0
04:39:20,99.5595020551212,0,0,0
04:39:21,99.55860891249166,0,0,0
04:39:22,99.54628354420429,0,0,0
04:39:23,99.55860891249166,0,0,0
04:39:24,99.57111290930492,0,0,0
04:39:25,99.57289919456396,0,0,0
04:39:26,99.5657540535278,0,0,0
04:39:27,99.57647176508203,0,0,0
04:39:28,99.57088069222124,0,0,0
04:39:29,99.56754033878686,0,0,0
04:39:30,99.55325005671456,0,0,0
04:39:31,99.54789120093744,0,0,0
04:39:32,99.54967748619649,0,0,0
04:39:33,99.56932662404589,0,0,0
04:39:34,99.58540319137724,0,0,0
04:39:35,99.60505232922668,0,0,0
04:39:36,99.59790718819052,0,0,0
04:39:37,99.5925483324134,0,0,0
04:39:38,99.59790718819052,0,0,0
04:39:39,99.59790718819052,0,0,0
04:39:40,99.59880033082004,0,0,0
04:39:41,99.60326604396762,0,0,0
04:39:42,99.5836169061182,0,0,0
04:39:43,99.57289919456396,0,0,0
04:39:44,99.56396776826878,0,0,0
04:39:45,99.57200605193444,0,0,0
04:39:46,99.57468547982302,0,0,0
04:39:47,99.58004433560012,0,0,0
04:39:48,99.59612090293146,0,0,0
04:39:49,99.5954957030908,0,0,0
04:39:50,99.59433461767242,0,0,0
04:39:51,99.58718947663628,0,0,0
04:39:52,99.57468547982302,0,0,0
04:39:53,99.5791511929706,0,0,0
04:39:54,99.58004433560012,0,0,0
04:39:55,99.58004433560012,0,0,0
04:39:56,99.59433461767242,0,0,0
04:39:57,99.6014797587086,0,0,0
04:39:58,99.6023729013381,0,0,0
04:39:59,99.6023729013381,0,0,0
04:40:00,99.60058661607908,1,0,0
04:40:01,99.58897576189533,0,0,0
04:40:02,99.58629633400676,0,0,0
04:40:03,99.57289919456396,0,0,0
04:40:04,99.5669330017988,0,0,0
04:40:05,99.57111290930492,0,0,0
04:40:06,99.5836169061182,0,0,0
04:40:07,99.59433461767242,0,0,0
04:40:08,99.61934261129898,0,0,0
04:40:09,99.62468360422348,0,0,0
04:40:10,99.6014797587086,0,0,0
04:40:11,99.59790718819052,0,0,0
04:40:12,99.5925483324134,0,0,0
04:40:13,99.58897576189533,0,0,0
04:40:14,99.58897576189533,0,0,0
04:40:15,99.58897576189533,0,0,0
04:40:16,99.59433461767242,0,0,0
04:40:17,99.59433461767242,0,0,0
04:40:18,99.58004433560012,0,0,0
04:40:19,99.58004433560012,0,0,0
04:40:20,99.57334576587871,0,0,0
04:40:21,99.56754033878686,0,0,0
04:40:22,99.57647176508203,0,0,0
04:40:23,99.57468547982302,0,0,0
04:40:24,99.5657540535278,0,0,0
04:40:25,99.57111290930492,0,0,0
04:40:26,99.56754033878686,0,0,0
04:40:27,99.5657540535278,0,0,0
04:40:28,99.56754033878686,0,0,0
04:40:29,99.57468547982302,0,0,0
04:40:30,99.57825805034108,0,0,0
04:40:31,99.57289919456396,0,0,0
04:40:32,99.56754033878686,0,0,0
04:40:33,99.56307462563926,0,0,0
04:40:34,99.57647176508203,0,0,0
04:40:35,99.56932662404589,0,0,0
04:40:36,99.57289919456396,0,0,0
04:40:37,99.57468547982302,0,0,0
04:40:38,99.57289919456396,0,0,0
04:40:39,99.57647176508203,0,0,0
04:40:40,99.56146696890612,0,0,0
04:40:41,99.5657540535278,0,0,0
04:40:42,99.56039519775072,0,0,0
04:40:43,99.55771576986216,0,0,0
04:40:44,99.56218148300974,0,0,0
04:40:45,99.57289919456396,0,0,0
04:40:46,99.56754033878686,0,0,0
04:40:47,99.57647176508203,0,0,0
04:40:48,99.57647176508203,0,0,0
04:40:49,99.56218148300974,0,0,0
04:40:50,99.54789120093744,0,0,0
04:40:51,99.55682262723263,0,0,0
04:40:52,99.5514637714555,0,0,0
04:40:53,99.54787333808484,0,0,0
04:40:54,99.54789120093744,0,0,0
04:40:55,99.54965962334389,0,0,0
04:40:56,99.565396796476,0,0,0
04:40:57,99.56218148300974,0,0,0
04:40:58,99.5657540535278,0,0,0
04:40:59,99.5461049156784,0,0,0
04:41:00,99.5550363419736,0,0,0
04:41:01,99.5461049156784,0,0,0
04:41:02,99.5514637714555,0,0,0
04:41:03,99.55860891249166,0,0,0
04:41:04,99.57111290930492,0,0,0
04:41:05,99.55860891249166,0,0,0
04:41:06,99.55860891249166,0,0,0
04:41:07,99.56039519775072,0,0,0
04:41:08,99.5657540535278,0,0,0
04:41:09,99.55592948460313,0,0,0
04:41:10,99.56396776826878,0,0,0
04:41:11,99.58183062085917,0,0,0
04:41:12,99.56752247593428,0,0,0
04:41:13,99.5637712768903,0,0,0
04:41:14,99.56754033878686,0,0,0
04:41:15,99.57111290930492,0,0,0
04:41:16,99.56932662404589,0,0,0
04:41:17,99.58183062085917,0,0,0
04:41:18,99.58717161378368,0,0,0
04:41:19,99.60862489974473,0,0,0
04:41:20,99.6014797587086,0,0,0
04:41:21,99.59433461767242,0,0,0
04:41:22,99.59612090293146,0,0,0
04:41:23,99.60862489974473,0,0,0
04:41:24,99.60326604396762,0,0,0
04:41:25,99.60862489974473,0,0,0
04:41:26,99.6121974702628,0,0,0
04:41:27,99.60326604396762,0,0,0
04:41:28,99.5836169061182,0,0,0
04:41:29,99.58004433560012,0,0,0
04:41:30,99.54253234516032,0,0,0
04:41:31,99.53538720412418,0,0,0
04:41:32,99.54789120093744,0,0,0
04:41:33,99.5371734893832,0,0,0
04:41:34,99.54074605990128,0,0,0
04:41:35,99.54074605990128,0,0,0
04:41:36,99.53895977464224,0,0,0
04:41:37,99.54431863041935,0,0,0
04:41:38,99.54431863041935,0,0,0
04:41:39,99.544247179009,0,0,0
04:41:40,99.56396776826878,0,0,0
04:41:41,99.57825805034108,0,0,0
04:41:42,99.55771576986216,0,0,0
04:41:43,99.5514637714555,0,0,0
04:41:44,99.5514637714555,0,0,0
04:41:45,99.54074605990128,0,0,0
04:41:46,99.5461049156784,0,0,0
04:41:47,99.5461049156784,0,0,0
04:41:48,99.57468547982302,0,0,0
04:41:49,99.57111290930492,0,0,0
04:41:50,99.57825805034108,0,0,0
04:41:51,99.57825805034108,0,0,0
04:41:52,99.57825805034108,0,0,0
04:41:53,99.5657540535278,0,0,0
04:41:54,99.5657540535278,0,0,0
04:41:55,99.5657540535278,0,0,0
04:41:56,99.55860891249166,0,0,0
04:41:57,99.56754033878686,0,0,0
04:41:58,99.59076204715434,0,0,0
04:41:59,99.58183062085917,0,0,0
04:42:00,99.58718947663628,0,0,0
04:42:01,99.58540319137724,0,0,0
04:42:02,99.5925483324134,0,0,0
04:42:03,99.59076204715434,0,0,0
04:42:04,99.59260192097116,0,0,0
04:42:05,99.59413812629391,0,0,0
04:42:06,99.59433461767242,0,0,0
04:42:07,99.59790718819052,0,0,0
04:42:08,99.6068386144857,0,0,0
04:42:09,99.60594547185616,0,0,0
04:42:10,99.60326604396762,0,0,0
04:42:11,99.59165518978386,0,0,0
04:42:12,99.57647176508203,0,0,0
04:42:13,99.57647176508203,0,0,0
04:42:14,99.57327431446836,0,0,0
04:42:15,99.56755820163944,0,0,0
04:42:16,99.56755820163944,0,0,0
04:42:17,99.57825805034108,0,0,0
04:42:18,99.57468547982302,0,0,0
04:42:19,99.5514637714555,0,0,0
04:42:20,99.55682262723263,0,0,0
04:42:21,99.55860891249166,0,0,0
04:42:22,99.57289919456396,0,0,0
04:42:23,99.57289919456396,0,0,0
04:42:24,99.5657540535278,0,0,0
04:42:25,99.57111290930492,0,0,0
04:42:26,99.5657540535278,0,0,0
04:42:27,99.5657540535278,0,0,0
04:42:28,99.56591481920113,0,0,0
04:42:29,99.5657540535278,0,0,0
04:42:30,99.55325005671456,0,0,0
04:42:31,99.55682262723263,0,0,0
04:42:32,99.54431863041935,0,0,0
04:42:33,99.5514637714555,0,0,0
04:42:34,99.5371734893832,0,0,0
04:42:35,99.54789120093744,0,0,0
04:42:36,99.55325005671456,0,0,0
04:42:37,99.55860891249166,0,0,0
04:42:38,99.57468547982302,0,0,0
04:42:39,99.5836169061182,0,0,0
04:42:40,99.57111290930492,0,0,0
04:42:41,99.57638245081908,0,0,0
04:42:42,99.57638245081908,0,0,0
04:42:43,99.6079639741989,0,0,0
04:42:44,99.60505232922668,0,0,0
04:42:45,99.60326604396762,0,0,0
04:42:46,99.60326604396762,0,0,0
04:42:47,99.59433461767242,0,0,0
04:42:48,99.59433461767242,0,0,0
04:42:49,99.5899328535371,0,0,0
04:42:50,99.5880826192658,0,0,0
04:42:51,99.59783573678016,0,0,0
04:42:52,99.58895789904273,0,0,0
04:42:53,99.5978893253379,0,0,0
04:42:54,99.59076204715434,0,0,0
04:42:55,99.59165518978386,0,0,0
04:42:56,99.59612090293146,0,0,0
04:42:57,99.59969347344956,0,0,0
04:42:58,99.59433461767242,0,0,0
04:42:59,99.5899224930826,0,0,0
04:43:00,99.58718947663628,0,0,0
04:43:01,99.61398375552184,0,0,0
04:43:02,99.61577004078087,0,0,0
04:43:03,99.61577004078087,0,0,0
04:43:04,99.60862489974473,0,0,0
04:43:05,99.61191166462136,0,0,0
04:43:06,99.61191166462136,0,0,0
04:43:07,99.61041118500376,0,0,0
04:43:08,99.60326604396762,0,0,0
04:43:09,99.6068386144857,0,0,0
04:43:10,99.60505232922668,0,0,0
04:43:11,99.61755632603992,0,0,0
04:43:12,99.62023575392848,0,0,0
04:43:13,99.63720546388932,0,0,0
04:43:14,99.64792317544358,0,0,0
04:43:15,99.63899174914836,0,0,0
04:43:16,99.63363289337128,0,0,0
04:43:17,99.63184660811224,0,0,0
04:43:18,99.6300603228532,0,0,0
04:43:19,99.63184660811224,0,0,0
04:43:20,99.62648775233512,0,0,0
04:43:21,99.63273975074176,0,0,0
04:43:22,99.62827403759415,0,0,0
04:43:23,99.59433461767242,0,0,0
04:43:24,99.59433461767242,0,0,0
04:43:25,99.5836169061182,0,0,0
04:43:26,99.58718947663628,0,0,0
04:43:27,99.58897576189533,0,0,0
04:43:28,99.56396776826878,0,0,0
04:43:29,99.56664719615732,0,0,0
04:43:30,99.57647176508203,0,0,0
04:43:31,99.57289919456396,0,0,0
04:43:32,99.57793651899446,0,0,0
04:43:33,99.58183062085917,0,0,0
04:43:34,99.58897576189533,0,0,0
04:43:35,99.63363289337128,0,0,0
04:43:36,99.64256431966646,0,0,0
04:43:37,99.63332922487722,0,0,0
04:43:38,99.63806288081368,0,0,0
04:43:39,99.6300603228532,0,0,0
04:43:40,99.6255946097056,0,0,0
04:43:41,99.62827403759415,0,0,0
04:43:42,99.62291518181704,0,0,0
04:43:43,99.6211467594106,0,0,0
04:43:44,99.63184660811224,0,0,0
04:43:45,99.62454070140276,0,0,0
04:43:46,99.621128896558,0,0,0
04:43:47,99.621128896558,0,0,0
04:43:48,99.621128896558,0,0,0
04:43:49,99.61577004078087,0,0,0
04:43:50,99.59790718819052,0,0,0
04:43:51,99.6068386144857,0,0,0
04:43:52,99.62291518181704,0,0,0
04:43:53,99.6300603228532,0,0,0
04:43:54,99.63720546388932,0,0,0
04:43:55,99.65149574596164,0,0,0
04:43:56,99.64427915351514,0,0,0
04:43:57,99.64167117703695,0,0,0
04:43:58,99.6407780344074,0,0,0
04:43:59,99.63720546388932,0,0,0
04:44:00,99.63407946468604,0,0,0
04:44:01,99.621128896558,0,0,0
04:44:02,99.61755632603992,0,0,0
04:44:03,99.61755632603992,0,0,0
04:44:04,99.62470146707608,0,0,0
04:44:05,99.61575217792829,0,0,0
04:44:06,99.621128896558,0,0,0
04:44:07,99.60155121011896,0,0,0
04:44:08,99.57825805034108,0,0,0
04:44:09,99.58004433560012,0,0,0
04:44:10,99.58718947663628,0,0,0
04:44:11,99.5836169061182,0,0,0
04:44:12,99.58540319137724,0,0,0
04:44:13,99.58627847115416,0,0,0
04:44:14,99.57825805034108,0,0,0
04:44:15,99.58540319137724,0,0,0
04:44:16,99.58718947663628,0,0,0
04:44:17,99.58183062085917,0,0,0
04:44:18,99.57647176508203,0,0,0
04:44:19,99.56218148300974,0,0,0
04:44:20,99.56932662404589,0,0,0
04:44:21,99.57647176508203,0,0,0
04:44:22,99.57468547982302,0,0,0
04:44:23,99.57557862245254,0,0,0
04:44:24,99.5760073309147,0,0,0
04:44:25,99.57111290930492,0,0,0
04:44:26,99.56218148300974,0,0,0
04:44:27,99.53895977464224,0,0,0
04:44:28,99.53895977464224,0,0,0
04:44:29,99.5318146336061,0,0,0
04:44:30,99.53538720412418,0,0,0
04:44:31,99.5318146336061,0,0,0
04:44:32,99.52377634994042,0,0,0
04:44:33,99.5228832073109,0,0,0
04:44:34,99.5228832073109,0,0,0
04:44:35,99.5221329675021,0,0,0
04:44:36,99.5228832073109,0,0,0
04:44:37,99.53002834834706,0,0,0
04:44:38,99.5318146336061,0,0,0
04:44:39,99.52466949256991,0,0,0
04:44:40,99.5461049156784,0,0,0
04:44:41,99.55173171424435,0,0,0
04:44:42,99.55325005671456,0,0,0
04:44:43,99.54342548778985,0,0,0
04:44:44,99.5371734893832,0,0,0
04:44:45,99.53360091886512,0,0,0
04:44:46,99.52466949256991,0,0,0
04:44:47,99.5318146336061,0,0,0
04:44:48,99.53218975351048,0,0,0
04:44:49,99.52290107016348,0,0,0
04:44:50,99.5318146336061,0,0,0
04:44:51,99.528242063088,0,0,0
04:44:52,99.53002834834706,0,0,0
04:44:53,99.54074605990128,0,0,0
04:44:54,99.5407281970487,0,0,0
04:44:55,99.54789120093744,0,0,0
04:44:56,99.56932662404589,0,0,0
04:44:57,99.55860891249166,0,0,0
04:44:58,99.56548611073896,0,0,0
04:44:59,99.57289919456396,0,0,0
04:45:00,99.58718947663628,0,0,0
04:45:01,99.5791511929706,0,0,0
04:45:02,99.57825805034108,0,0,0
04:45:03,99.57575725097844,0,0,0
04:45:04,99.56664719615732,0,0,0
04:45:05,99.55860891249166,0,0,0
04:45:06,99.54253234516032,0,0,0
04:45:07,99.5550363419736,0,0,0
04:45:08,99.58004433560012,0,0,0
04:45:09,99.55325005671456,0,0,0
04:45:10,99.54431863041935,0,0,0
04:45:11,99.5371734893832,0,0,0
04:45:12,99.52645577782896,0,0,0
04:45:13,99.53538720412418,0,0,0
04:45:14,99.53895977464224,0,0,0
04:45:15,99.5514637714555,0,0,0
04:45:16,99.55448259354328,0,0,0
04:45:17,99.55325005671456,0,0,0
04:45:18,99.54789120093744,0,0,0
04:45:19,99.5646286938146,0,0,0
04:45:20,99.56396776826878,0,0,0
04:45:21,99.58004433560012,0,0,0
04:45:22,99.58183062085917,0,0,0
04:45:23,99.57825805034108,0,0,0
04:45:24,99.60505232922668,0,0,0
04:45:25,99.5978893253379,0,0,0
04:45:26,99.58897576189533,0,0,0
04:45:27,99.5925483324134,0,0,0
04:45:28,99.58718947663628,0,0,0
04:45:29,99.58718947663628,0,0,0
04:45:30,99.58183062085917,0,0,0
04:45:31,99.58183062085917,0,0,0
04:45:32,99.58897576189533,0,0,0
04:45:33,99.59969347344956,0,0,0
04:45:34,99.5925483324134,0,0,0
04:45:35,99.59612090293146,0,0,0
04:45:36,99.58986890452483,0,0,0
04:45:37,99.59969347344956,0,0,0
04:45:38,99.597014045561,0,0,0
04:45:39,99.59967561059696,0,0,0
04:45:40,99.60058661607908,0,0,0
04:45:41,99.59076204715434,0,0,0
04:45:42,99.5925483324134,0,0,0
04:45:43,99.58897576189533,0,0,0
04:45:44,99.58183062085917,0,0,0
04:45:45,99.56218148300974,0,0,0
04:45:46,99.56396776826878,0,0,0
04:45:47,99.57825805034108,0,0,0
04:45:48,99.56932662404589,0,0,0
04:45:49,99.56754033878686,0,0,0
04:45:50,99.5318146336061,0,0,0
04:45:51,99.528242063088,0,0,0
04:45:52,99.528242063088,0,0,0
04:45:53,99.52645577782896,0,0,0
04:45:54,99.5086107880912,0,0,0
04:45:55,99.5086107880912,0,0,0
04:45:56,99.50323406946148,0,0,0
04:45:57,99.49787521368437,0,0,0
04:45:58,99.49251635790723,0,0,0
04:45:59,99.5085929252386,0,0,0
04:46:00,99.5175243515338,0,0,0
04:46:01,99.51931063679282,0,0,0
04:46:02,99.54074605990128,0,0,0
04:46:03,99.5635569226592,0,0,0
04:46:04,99.57289919456396,0,0,0
04:46:05,99.57111290930492,0,0,0
04:46:06,99.5836169061182,0,0,0
04:46:07,99.60505232922668,0,0,0
04:46:08,99.5925483324134,0,0,0
04:46:09,99.58897576189533,0,0,0
04:46:10,99.6068386144857,0,0,0
04:46:11,99.60505232922668,0,0,0
04:46:12,99.59612090293146,0,0,0
04:46:13,99.59969347344956,0,0,0
04:46:14,99.57289919456396,0,0,0
04:46:15,99.55682262723263,0,0,0
04:46:16,99.5514637714555,0,0,0
04:46:17,99.55682262723263,0,0,0
04:46:18,99.56754033878686,0,0,0
04:46:19,99.5657540535278,0,0,0
04:46:20,99.56039519775072,0,0,0
04:46:21,99.5550363419736,0,0,0
04:46:22,99.54431863041935,0,0,0
04:46:23,99.5461049156784,0,0,0
04:46:24,99.54074605990128,0,0,0
04:46:25,99.54074605990128,0,0,0
04:46:26,99.5550363419736,0,0,0
04:46:27,99.5461049156784,0,0,0
04:46:28,99.54967748619649,0,0,0
04:46:29,99.5461049156784,0,0,0
04:46:30,99.54253234516032,0,0,0
04:46:31,99.54789120093744,0,0,0
04:46:32,99.5461049156784,0,0,0
04:46:33,99.54789120093744,0,0,0
04:46:34,99.5371734893832,0,0,0
04:46:35,99.53360091886512,0,0,0
04:46:36,99.53360091886512,0,0,0
04:46:37,99.53360091886512,0,0,0
04:46:38,99.5318146336061,0,0,0
04:46:39,99.5228832073109,0,0,0
04:46:40,99.52645577782896,0,0,0
04:46:41,99.51931063679282,0,0,0
04:46:42,99.5175243515338,0,0,0
04:46:43,99.5262414235979,0,0,0
04:46:44,99.52109692205188,0,0,0
04:46:45,99.56754033878686,0,0,0
04:46:46,99.55325005671456,0,0,0
04:46:47,99.54431863041935,0,0,0
04:46:48,99.5401744486184,0,0,0
04:46:49,99.53895977464224,0,0,0
04:46:50,99.53895977464224,0,0,0
04:46:51,99.5371734893832,0,0,0
04:46:52,99.5318146336061,0,0,0
04:46:53,99.53360091886512,0,0,0
04:46:54,99.53360091886512,0,0,0
04:46:55,99.54253234516032,0,0,0
04:46:56,99.53538720412418,0,0,0
04:46:57,99.5416392025308,0,0,0
04:46:58,99.53538720412418,0,0,0
04:46:59,99.5461049156784,0,0,0
04:47:00,99.5371734893832,0,0,0
04:47:01,99.54253234516032,0,0,0
04:47:02,99.53538720412418,0,0,0
04:47:03,99.53895977464224,0,0,0
04:47:04,99.52645577782896,0,0,0
04:47:05,99.53002834834706,0,0,0
04:47:06,99.52672372061784,0,0,0
04:47:07,99.52672372061784,0,0,0
04:47:08,99.51216549575668,0,0,0
04:47:09,99.5085929252386,0,0,0
04:47:10,99.51216549575668,0,0,0
04:47:11,99.52109692205188,0,0,0
04:47:12,99.5282777887932,0,0,0
04:47:13,99.51346948399578,0,0,0
04:47:14,99.51395178101572,0,0,0
04:47:15,99.51216549575668,0,0,0
04:47:16,99.51216549575668,0,0,0
04:47:17,99.52109692205188,0,0,0
04:47:18,99.51216549575668,0,0,0
04:47:19,99.5085929252386,0,0,0
04:47:20,99.51395178101572,0,0,0
04:47:21,99.52109692205188,0,0,0
04:47:22,99.5175243515338,0,0,0
04:47:23,99.51216549575668,0,0,0
04:47:24,99.53360091886512,0,0,0
04:47:25,99.52466949256991,0,0,0
04:47:26,99.54319327070615,0,0,0
04:47:27,99.54319327070615,0,0,0
04:47:28,99.531600279375,0,0,0
04:47:29,99.52377634994042,0,0,0
04:47:30,99.5175243515338,0,0,0
04:47:31,99.52645577782896,0,0,0
04:47:32,99.5228832073109,0,0,0
04:47:33,99.52429437266557,0,0,0
04:47:34,99.5228832073109,0,0,0
04:47:35,99.5318146336061,0,0,0
04:47:36,99.5318146336061,0,0,0
04:47:37,99.5318146336061,0,0,0
04:47:38,99.53360091886512,0,0,0
04:47:39,99.51573806627476,0,0,0
04:47:40,99.5228832073109,0,0,0
04:47:41,99.51395178101572,0,0,0
04:47:42,99.5175243515338,0,0,0
04:47:43,99.54253234516032,0,0,0
04:47:44,99.53545865553454,0,0,0
04:47:45,99.54253234516032,0,0,0
04:47:46,99.5461049156784,0,0,0
04:47:47,99.54789120093744,0,0,0
04:47:48,99.55325005671456,0,0,0
04:47:49,99.57109504645234,0,0,0
04:47:50,99.57046984661169,0,0,0
04:47:51,99.56218148300974,0,0,0
04:47:52,99.56218148300974,0,0,0
04:47:53,99.59969347344956,0,0,0
04:47:54,99.5925483324134,0,0,0
04:47:55,99.5925483324134,0,0,0
04:47:56,99.58363476897078,0,0,0
04:47:57,99.5934414750429,0,0,0
04:47:58,99.59790718819052,0,0,0
04:47:59,99.5925483324134,0,0,0
04:48:00,99.58004433560012,0,0,0
04:48:01,99.621128896558,0,0,0
04:48:02,99.62291518181704,0,0,0
04:48:03,99.6266842437136,0,0,0
04:48:04,99.63184660811224,0,0,0
04:48:05,99.63184660811224,0,0,0
04:48:06,99.621128896558,0,0,0
04:48:07,99.62827403759415,0,0,0
04:48:08,99.61577004078087,0,0,0
04:48:09,99.63184660811224,0,0,0
04:48:10,99.62648775233512,0,0,0
04:48:11,99.60326604396762,0,0,0
04:48:12,99.60326604396762,0,0,0
04:48:13,99.61041118500376,0,0,0
04:48:14,99.621128896558,0,0,0
04:48:15,99.62100385658988,0,0,0
04:48:16,99.621128896558,0,0,0
04:48:17,99.63363289337128,0,0,0
04:48:18,99.6389560234432,0,0,0
04:48:19,99.63184660811224,0,0,0
04:48:20,99.63899174914836,0,0,0
04:48:21,99.62470146707608,0,0,0
04:48:22,99.6407780344074,0,0,0
04:48:23,99.63720546388932,0,0,0
04:48:24,99.63184660811224,0,0,0
04:48:25,99.63363289337128,0,0,0
04:48:26,99.6300603228532,0,0,0
04:48:27,99.6300603228532,0,0,0
04:48:28,99.61041118500376,0,0,0
04:48:29,99.60326604396762,0,0,0
04:48:30,99.61577004078087,0,0,0
04:48:31,99.61398375552184,0,0,0
04:48:32,99.61041118500376,0,0,0
04:48:33,99.61042904785636,0,0,0
04:48:34,99.59612090293146,0,0,0
04:48:35,99.5934414750429,0,0,0
04:48:36,99.5836169061182,0,0,0
04:48:37,99.60505232922668,0,0,0
04:48:38,99.61577004078087,0,0,0
04:48:39,99.6040698723342,0,0,0
04:48:40,99.6040698723342,0,0,0
04:48:41,99.59433461767242,0,0,0
04:48:42,99.60594547185616,0,0,0
04:48:43,99.61039332215118,0,0,0
04:48:44,99.60326604396762,0,0,0
04:48:45,99.60326604396762,0,0,0
04:48:46,99.58718947663628,0,0,0
04:48:47,99.59522776030194,0,0,0
04:48:48,99.60415918659714,0,0,0
04:48:49,99.60415918659714,0,0,0
04:48:50,99.60415918659714,0,0,0
04:48:51,99.6121974702628,0,0,0
04:48:52,99.61755632603992,0,0,0
04:48:53,99.61398375552184,0,0,0
04:48:54,99.6014797587086,0,0,0
04:48:55,99.6122153331154,0,0,0
04:48:56,99.61577004078087,0,0,0
04:48:57,99.61041118500376,0,0,0
04:48:58,99.621128896558,0,0,0
04:48:59,99.6121974702628,0,0,0
04:49:00,99.61755632603992,0,0,0
04:49:01,99.61934261129898,0,0,0
04:49:02,99.5873859680148,0,0,0
04:49:03,99.5873859680148,0,0,0
04:49:04,99.59433461767242,0,0,0
04:49:05,99.5925483324134,0,0,0
04:49:06,99.58540319137724,0,0,0
04:49:07,99.58897576189533,0,0,0
04:49:08,99.5925483324134,0,0,0
04:49:09,99.6014797587086,0,0,0
04:49:10,99.58634992256454,0,0,0
04:49:11,99.60505232922668,0,0,0
04:49:12,99.59433461767242,0,0,0
04:49:13,99.58897576189533,0,0,0
04:49:14,99.58897576189533,0,0,0
04:49:15,99.57289919456396,0,0,0
04:49:16,99.57356012010982,0,0,0
04:49:17,99.57289919456396,0,0,0
04:49:18,99.57289919456396,0,0,0
04:49:19,99.56421784820505,0,0,0
04:49:20,99.56754033878686,0,0,0
04:49:21,99.56932662404589,0,0,0
04:49:22,99.57647176508203,0,0,0
04:49:23,99.61755632603992,0,0,0
04:49:24,99.621128896558,0,0,0
04:49:25,99.6300603228532,0,0,0
04:49:26,99.61934261129898,0,0,0
04:49:27,99.63363289337128,0,0,0
04:49:28,99.62827403759415,0,0,0
04:49:29,99.62470146707608,0,0,0
04:49:30,99.62648775233512,0,0,0
04:49:31,99.62291518181704,0,0,0
04:49:32,99.62291518181704,0,0,0
04:49:33,99.62291518181704,0,0,0
04:49:34,99.6300603228532,0,0,0
04:49:35,99.621128896558,0,0,0
04:49:36,99.61755632603992,0,0,0
04:49:37,99.62648775233512,0,0,0
04:49:38,99.62470146707608,0,0,0
04:49:39,99.621128896558,0,0,0
04:49:40,99.6354191786303,0,0,0
04:49:41,99.62827403759415,0,0,0
04:49:42,99.62470146707608,0,0,0
04:49:43,99.64167117703695,0,0,0
04:49:44,99.64256431966646,0,0,0
04:49:45,99.65685460173876,0,0,0
04:49:46,99.68007631010626,0,0,0
04:49:47,99.68900773640144,0,0,0
04:49:48,99.69972544795569,0,0,0
04:49:49,99.70687058899182,0,0,0
04:49:50,99.71044315950992,0,0,0
04:49:51,99.70687058899182,0,0,0
04:49:52,99.70336946988412,0,0,0
04:49:53,99.70329801847376,0,0,0
04:49:54,99.70240487584424,0,0,0
04:49:55,99.7050843037328,0,0,0
04:49:56,99.68454202325384,0,0,0
04:49:57,99.6818447325127,0,0,0
04:49:58,99.67471745432914,0,0,0
04:49:59,99.6782900248472,0,0,0
04:50:00,99.67471745432914,0,0,0
04:50:01,99.68007631010626,0,0,0
04:50:02,99.70151173321472,0,0,0
04:50:03,99.70687058899182,0,0,0
04:50:04,99.72250058500842,0,0,0
04:50:05,99.73473663903285,0,0,0
04:50:06,99.7050843037328,0,0,0
04:50:07,99.6907940216605,0,0,0
04:50:08,99.69258030691952,0,0,0
04:50:09,99.67650373958818,0,0,0
04:50:10,99.67650373958818,0,0,0
04:50:11,99.69258030691952,0,0,0
04:50:12,99.70329801847376,0,0,0
04:50:13,99.70329801847376,0,0,0
04:50:14,99.70261923007531,0,0,0
04:50:15,99.70261923007531,0,0,0
04:50:16,99.70261923007531,0,0,0
04:50:17,99.70865687425088,0,0,0
04:50:18,99.70329801847376,0,0,0
04:50:19,99.71044315950992,0,0,0
04:50:20,99.70687058899182,0,0,0
04:50:21,99.7336648678774,0,0,0
04:50:22,99.73545115313644,0,0,0
04:50:23,99.73009229735932,0,0,0
04:50:24,99.74793728709712,0,0,0
04:50:25,99.74616886469067,0,0,0
04:50:26,99.74438257943164,0,0,0
04:50:27,99.7568687133923,0,0,0
04:50:28,99.7442396766109,0,0,0
04:50:29,99.74438257943164,0,0,0
04:50:30,99.73902372365453,0,0,0
04:50:31,99.73991686628403,0,0,0
04:50:32,99.73723743839548,0,0,0
04:50:33,99.73545115313644,0,0,0
04:50:34,99.71580201528704,0,0,0
04:50:35,99.71848144317558,0,0,0
04:50:36,99.714015730028,0,0,0
04:50:37,99.72205401369364,0,0,0
04:50:38,99.72116087106411,0,0,0
04:50:39,99.73187858261838,0,0,0
04:50:40,99.73187858261838,0,0,0
04:50:41,99.74616886469067,0,0,0
04:50:42,99.75688657624492,0,0,0
04:50:43,99.74438257943164,0,0,0
04:50:44,99.73902372365453,0,0,0
04:50:45,99.7604412839104,0,0,0
04:50:46,99.75329614287423,0,0,0
04:50:47,99.75777971887445,0,0,0
04:50:48,99.75688657624492,0,0,0
04:50:49,99.75867286150394,0,0,0
04:50:50,99.75867286150394,0,0,0
04:50:51,99.75554686230062,0,0,0
04:50:52,99.75688657624492,0,0,0
04:50:53,99.76403171728106,0,0,0
04:50:54,99.76581800254009,0,0,0
04:50:55,99.7711768583172,0,0,0
04:50:56,99.76760428779912,0,0,0
04:50:57,99.76581800254009,0,0,0
04:50:58,99.76403171728106,0,0,0
04:50:59,99.76760428779912,0,0,0
04:51:00,99.79261228142566,0,0,0
04:51:01,99.79261228142566,0,0,0
04:51:02,99.808688848757,0,0,0
04:51:03,99.80692042635056,0,0,0
04:51:04,99.8076170776016,0,0,0
04:51:05,99.80154370772088,0,0,0
04:51:06,99.80690256349796,0,0,0
04:51:07,99.80690256349796,0,0,0
04:51:08,99.8057414780796,0,0,0
04:51:09,99.8057414780796,0,0,0
04:51:10,99.81047513401604,0,0,0
04:51:11,99.80958199138652,0,0,0
04:51:12,99.8176202750522,0,0,0
04:51:13,99.8105465854264,0,0,0
04:51:14,99.81047513401604,0,0,0
04:51:15,99.81226141927507,0,0,0
04:51:16,99.80690256349796,0,0,0
04:51:17,99.81940656031122,0,0,0
04:51:18,99.81583398979316,0,0,0
04:51:19,99.81226141927507,0,0,0
04:51:20,99.81047513401604,0,0,0
04:51:21,99.8140655673867,0,0,0
04:51:22,99.7979711372028,0,0,0
04:51:23,99.8319105571245,0,0,0
04:51:24,99.8372694129016,0,0,0
04:51:25,99.84559350220871,0,0,0
04:51:26,99.84084198341968,0,0,0
04:51:27,99.84012746931607,0,0,0
04:51:28,99.85155969497391,0,0,0
04:51:29,99.86138426389864,0,0,0
04:51:30,99.84977340971489,0,0,0
04:51:31,99.85334598023296,0,0,0
04:51:32,99.86227740652814,0,0,0
04:51:33,99.8425210915632,0,0,0
04:51:34,99.83548312764258,0,0,0
04:51:35,99.8408598462723,0,0,0
04:51:36,99.85334598023296,0,0,0
04:51:37,99.8604911212691,0,0,0
04:51:38,99.87120883282334,0,0,0
04:51:39,99.8604911212691,0,0,0
04:51:40,99.8604911212691,0,0,0
04:51:41,99.86227740652814,0,0,0
04:51:42,99.85155969497391,0,0,0
04:51:43,99.84084198341968,0,0,0
04:51:44,99.84802285016102,0,0,0
04:51:45,99.8372694129016,0,0,0
04:51:46,99.84977340971489,0,0,0
04:51:47,99.84977340971489,0,0,0
04:51:48,99.85334598023296,0,0,0
04:51:49,99.8518097749102,0,0,0
04:51:50,99.85334598023296,0,0,0
04:51:51,99.84798712445586,0,0,0
04:51:52,99.8462008391968,0,0,0
04:51:53,99.83012427186549,0,0,0
04:51:54,99.83548312764258,0,0,0
04:51:55,99.83012427186549,0,0,0
04:51:56,99.84262826867874,0,0,0
04:51:57,99.84262826867874,0,0,0
04:51:58,99.85334598023296,0,0,0
04:51:59,99.8372694129016,0,0,0
04:52:00,99.8372694129016,0,0,0
04:52:01,99.83548312764258,0,0,0
04:52:02,99.83369684238352,0,0,0
04:52:03,99.82619444429557,0,0,0
04:52:04,99.85334598023296,0,0,0
04:52:05,99.86227740652814,0,0,0
04:52:06,99.85602540812152,0,0,0
04:52:07,99.86495683441672,0,0,0
04:52:08,99.855132265492,0,0,0
04:52:09,99.86495683441672,0,0,0
04:52:10,99.8729951180824,0,0,0
04:52:11,99.86406369178718,0,0,0
04:52:12,99.88192654437756,0,0,0
04:52:13,99.8872854001547,0,0,0
04:52:14,99.90032528254568,0,0,0
04:52:15,99.90336196748602,0,0,0
04:52:16,99.89621682644989,0,0,0
04:52:17,99.88549911489564,0,0,0
04:52:18,99.88907168541373,0,0,0
04:52:19,99.86584997704624,0,0,0
04:52:20,99.86406369178718,0,0,0
04:52:21,99.85870483601008,0,0,0
04:52:22,99.855132265492,0,0,0
04:52:23,99.85157755782652,0,0,0
04:52:24,99.85155969497391,0,0,0
04:52:25,99.85870483601008,0,0,0
04:52:26,99.85334598023296,0,0,0
04:52:27,99.84262826867874,0,0,0
04:52:28,99.83548312764258,0,0,0
04:52:29,99.8372694129016,0,0,0
04:52:30,99.8462008391968,0,0,0
04:52:31,99.85691855075105,0,0,0
04:52:32,99.86495683441672,0,0,0
04:52:33,99.86584997704624,0,0,0
04:52:34,99.88014025911852,0,0,0
04:52:35,99.88991123948549,0,0,0
04:52:36,99.89085797067276,0,0,0
04:52:37,99.89085797067276,0,0,0
04:52:38,99.86942254756433,0,0,0
04:52:39,99.86406369178718,0,0,0
04:52:40,99.86406369178718,0,0,0
04:52:41,99.86227740652814,0,0,0
04:52:42,99.85959797863958,0,0,0
04:52:43,99.85602540812152,0,0,0
04:52:44,99.8604911212691,0,0,0
04:52:45,99.84441455393778,0,0,0
04:52:46,99.84798712445586,0,0,0
04:52:47,99.84977340971489,0,0,0
04:52:48,99.8604911212691,0,0,0
04:52:49,99.85781169338055,0,0,0
04:52:50,99.84293193717276,0,0,0
04:52:51,99.86227740652814,0,0,0
04:52:52,99.84977340971489,0,0,0
04:52:53,99.84441455393778,0,0,0
04:52:54,99.84977340971489,0,0,0
04:52:55,99.84650450769084,0,0,0
04:52:56,99.82119284557028,0,0,0
04:52:57,99.82501549602462,0,0,0
04:52:58,99.82476541608835,0,0,0
04:52:59,99.8231934850604,0,0,0
04:53:00,99.82119284557028,0,0,0
04:53:01,99.82476541608835,0,0,0
04:53:02,99.82297913082932,0,0,0
04:53:03,99.82565855871788,0,0,0
04:53:04,99.81583398979316,0,0,0
04:53:05,99.84262826867874,0,0,0
04:53:06,99.84262826867874,0,0,0
04:53:07,99.8372694129016,0,0,0
04:53:08,99.82680178128363,0,0,0
04:53:09,99.83369684238352,0,0,0
04:53:10,99.84262826867874,0,0,0
04:53:11,99.83548312764258,0,0,0
04:53:12,99.8372694129016,0,0,0
04:53:13,99.8319105571245,0,0,0
04:53:14,99.83369684238352,0,0,0
04:53:15,99.82476541608835,0,0,0
04:53:16,99.81583398979316,0,0,0
04:53:17,99.82119284557028,0,0,0
04:53:18,99.82565855871788,0,0,0
04:53:19,99.8220859881998,0,0,0
04:53:20,99.81404770453412,0,0,0
04:53:21,99.81583398979316,0,0,0
04:53:22,99.82476541608835,0,0,0
04:53:23,99.82119284557028,0,0,0
04:53:24,99.81226141927507,0,0,0
04:53:25,99.8176202750522,0,0,0
04:53:26,99.81583398979316,0,0,0
04:53:27,99.8176202750522,0,0,0
04:53:28,99.81583398979316,0,0,0
04:53:29,99.82119284557028,0,0,0
04:53:30,99.81404770453412,0,0,0
04:53:31,99.79439856668468,0,0,0
04:53:32,99.77474942883528,0,0,0
04:53:33,99.77296314357623,0,0,0
04:53:34,99.79261228142566,0,0,0
04:53:35,99.77832199935337,0,0,0
04:53:36,99.78546714038951,0,0,0
04:53:37,99.7890397109076,0,0,0
04:53:38,99.75688657624492,0,0,0
04:53:39,99.74438257943164,0,0,0
04:53:40,99.74616886469067,0,0,0
04:53:41,99.74438257943164,0,0,0
04:53:42,99.73902372365453,0,0,0
04:53:43,99.75508242813326,0,0,0
04:53:44,99.74863393834816,0,0,0
04:53:45,99.74081000891356,0,0,0
04:53:46,99.7442575394635,0,0,0
04:53:47,99.73902372365453,0,0,0
04:53:48,99.73900586080194,0,0,0
04:53:49,99.73723743839548,0,0,0
04:53:50,99.7336648678774,0,0,0
04:53:51,99.74438257943164,0,0,0
04:53:52,99.74974143520872,0,0,0
04:53:53,99.75331400572684,0,0,0
04:53:54,99.7711768583172,0,0,0
04:53:55,99.7711768583172,0,0,0
04:53:56,99.76581800254009,0,0,0
04:53:57,99.76581800254009,0,0,0
04:53:58,99.75510029098588,0,0,0
04:53:59,99.75152772046778,0,0,0
04:54:00,99.73723743839548,0,0,0
04:54:01,99.74348943680212,0,0,0
04:54:02,99.74438257943164,0,0,0
04:54:03,99.74616886469067,0,0,0
04:54:04,99.73545115313644,0,0,0
04:54:05,99.72832387495288,0,0,0
04:54:06,99.73725530124808,0,0,0
04:54:07,99.75050953787012,0,0,0
04:54:08,99.75152772046778,0,0,0
04:54:09,99.74974143520872,0,0,0
04:54:10,99.74974143520872,0,0,0
04:54:11,99.73902372365453,0,0,0
04:54:12,99.73902372365453,0,0,0
04:54:13,99.73902372365453,0,0,0
04:54:14,99.7336648678774,0,0,0
04:54:15,99.74616886469067,0,0,0
04:54:16,99.74616886469067,0,0,0
04:54:17,99.73902372365453,0,0,0
04:54:18,99.73545115313644,0,0,0
04:54:19,99.73545115313644,0,0,0
04:54:20,99.75152772046778,0,0,0
04:54:21,99.7479551499497,0,0,0
04:54:22,99.7266269039568,0,0,0
04:54:23,99.72294715632316,0,0,0
04:54:24,99.73098543998886,0,0,0
04:54:25,99.7291991547298,0,0,0
04:54:26,99.73187858261838,0,0,0
04:54:27,99.7479551499497,0,0,0
04:54:28,99.74616886469067,0,0,0
04:54:29,99.75688657624492,0,0,0
04:54:30,99.75152772046778,0,0,0
04:54:31,99.75867286150394,0,0,0
04:54:32,99.75510029098588,0,0,0
04:54:33,99.75688657624492,0,0,0
04:54:34,99.75688657624492,0,0,0
04:54:35,99.76403171728106,0,0,0
04:54:36,99.73545115313644,0,0,0
04:54:37,99.74081000891356,0,0,0
04:54:38,99.73723743839548,0,0,0
04:54:39,99.73187858261838,0,0,0
04:54:40,99.73009229735932,0,0,0
04:54:41,99.73968464920036,0,0,0
04:54:42,99.73968464920036,0,0,0
04:54:43,99.762245432022,0,0,0
04:54:44,99.7711768583172,0,0,0
04:54:45,99.7801082846124,0,0,0
04:54:46,99.76939057305816,0,0,0
04:54:47,99.75688657624492,0,0,0
04:54:48,99.75331400572684,0,0,0
04:54:49,99.7658001396875,0,0,0
04:54:50,99.77832199935337,0,0,0
04:54:51,99.77296314357623,0,0,0
04:54:52,99.76403171728106,0,0,0
04:54:53,99.76313857465152,0,0,0
04:54:54,99.77474942883528,0,0,0
04:54:55,99.76760428779912,0,0,0
04:54:56,99.77296314357623,0,0,0
04:54:57,99.77296314357623,0,0,0
04:54:58,99.78189456987144,0,0,0
04:54:59,99.7801082846124,0,0,0
04:55:00,99.76760428779912,0,0,0
04:55:01,99.7841988778556,0,0,0
04:55:02,99.79082599616662,0,0,0
04:55:03,99.79082599616662,0,0,0
04:55:04,99.78189456987144,0,0,0
04:55:05,99.76939057305816,0,0,0
04:55:06,99.76939057305816,0,0,0
04:55:07,99.7801082846124,0,0,0
04:55:08,99.7801082846124,0,0,0
04:55:09,99.78546714038951,0,0,0
04:55:10,99.78725342564854,0,0,0
04:55:11,99.7879143511944,0,0,0
04:55:12,99.79439856668468,0,0,0
04:55:13,99.79082599616662,0,0,0
04:55:14,99.77832199935337,0,0,0
04:55:15,99.78366299227788,0,0,0
04:55:16,99.78368085513048,0,0,0
04:55:17,99.79439856668468,0,0,0
04:55:18,99.79439856668468,0,0,0
04:55:19,99.79439856668468,0,0,0
04:55:20,99.8033299929799,0,0,0
04:55:21,99.7890397109076,0,0,0
04:55:22,99.81892426329132,0,0,0
04:55:23,99.81404770453412,0,0,0
04:55:24,99.81981740592084,0,0,0
04:55:25,99.81981740592084,0,0,0
04:55:26,99.83548312764258,0,0,0
04:55:27,99.8462008391968,0,0,0
04:55:28,99.8372694129016,0,0,0
04:55:29,99.83905569816064,0,0,0
04:55:30,99.83905569816064,0,0,0
04:55:31,99.81226141927507,0,0,0
04:55:32,99.81136827664557,0,0,0
04:55:33,99.79618485194374,0,0,0
04:55:34,99.78368085513048,0,0,0
04:55:35,99.78725342564854,0,0,0
04:55:36,99.76760428779912,0,0,0
04:55:37,99.7479551499497,0,0,0
04:55:38,99.74616886469067,0,0,0
04:55:39,99.74616886469067,0,0,0
04:55:40,99.74616886469067,0,0,0
04:55:41,99.7479551499497,0,0,0
04:55:42,99.74974143520872,0,0,0
04:55:43,99.7479551499497,0,0,0
04:55:44,99.75688657624492,0,0,0
04:55:45,99.762245432022,0,0,0
04:55:46,99.7546537196711,0,0,0
04:55:47,99.7801082846124,0,0,0
04:55:48,99.7774824452816,0,0,0
04:55:49,99.7711768583172,0,0,0
04:55:50,99.76581800254009,0,0,0
04:55:51,99.76581800254009,0,0,0
04:55:52,99.76581800254009,0,0,0
04:55:53,99.76706840222144,0,0,0
04:55:54,99.762245432022,0,0,0
04:55:55,99.74974143520872,0,0,0
04:55:56,99.75152772046778,0,0,0
04:55:57,99.75510029098588,0,0,0
04:55:58,99.74438257943164,0,0,0
04:55:59,99.74438257943164,0,0,0
04:56:00,99.7479551499497,0,0,0
04:56:01,99.74706200732018,0,0,0
04:56:02,99.76045914676298,0,0,0
04:56:03,99.762245432022,0,0,0
04:56:04,99.7604412839104,0,0,0
04:56:05,99.75867286150394,0,0,0
04:56:06,99.75331400572684,0,0,0
04:56:07,99.69793916269664,0,0,0
04:56:08,99.69295542682391,0,0,0
04:56:09,99.70151173321472,0,0,0
04:56:10,99.72741286947075,0,0,0
04:56:11,99.73187858261838,0,0,0
04:56:12,99.73187858261838,0,0,0
04:56:13,99.74081000891356,0,0,0
04:56:14,99.7247334415822,0,0,0
04:56:15,99.70865687425088,0,0,0
04:56:16,99.70776373162134,0,0,0
04:56:17,99.71796342045047,0,0,0
04:56:18,99.71044315950992,0,0,0
04:56:19,99.70687058899182,0,0,0
04:56:20,99.70329801847376,0,0,0
04:56:21,99.68606036572405,0,0,0
04:56:22,99.68186259536527,0,0,0
04:56:23,99.6764858767356,0,0,0
04:56:24,99.68722145114242,0,0,0
04:56:25,99.67471745432914,0,0,0
04:56:26,99.67114488381108,0,0,0
04:56:27,99.66935859855204,0,0,0
04:56:28,99.6907940216605,0,0,0
04:56:29,99.70151173321472,0,0,0
04:56:30,99.69681380298344,0,0,0
04:56:31,99.69258030691952,0,0,0
04:56:32,99.68722145114242,0,0,0
04:56:33,99.67293116907013,0,0,0
04:56:34,99.67650373958818,0,0,0
04:56:35,99.67650373958818,0,0,0
04:56:36,99.6720380264406,0,0,0
04:56:37,99.67293116907013,0,0,0
04:56:38,99.66935859855204,0,0,0
04:56:39,99.67293116907013,0,0,0
04:56:40,99.6720380264406,0,0,0
04:56:41,99.6720380264406,0,0,0
04:56:42,99.67650373958818,0,0,0
04:56:43,99.68990087903096,0,0,0
04:56:44,99.70329801847376,0,0,0
04:56:45,99.70151173321472,0,0,0
04:56:46,99.73009229735932,0,0,0
04:56:47,99.73545115313644,0,0,0
04:56:48,99.73545115313644,0,0,0
04:56:49,99.74974143520872,0,0,0
04:56:50,99.74081000891356,0,0,0
04:56:51,99.7425962941726,0,0,0
04:56:52,99.73009229735932,0,0,0
04:56:53,99.73545115313644,0,0,0
04:56:54,99.7425962941726,0,0,0
04:56:55,99.74081000891356,0,0,0
04:56:56,99.73545115313644,0,0,0
04:56:57,99.7372195755429,0,0,0
04:56:58,99.74616886469067,0,0,0
04:56:59,99.75510029098588,0,0,0
04:57:00,99.73545115313644,0,0,0
04:57:01,99.73187858261838,0,0,0
04:57:02,99.72653758969383,0,0,0
04:57:03,99.75152772046778,0,0,0
04:57:04,99.76578227683493,0,0,0
04:57:05,99.7711768583172,0,0,0
04:57:06,99.75867286150394,0,0,0
04:57:07,99.75510029098588,0,0,0
04:57:08,99.75510029098588,0,0,0
04:57:09,99.75867286150394,0,0,0
04:57:10,99.76939057305816,0,0,0
04:57:11,99.762245432022,0,0,0
04:57:12,99.74616886469067,0,0,0
04:57:13,99.73902372365453,0,0,0
04:57:14,99.74706200732018,0,0,0
04:57:15,99.73902372365453,0,0,0
04:57:16,99.7425962941726,0,0,0
04:57:17,99.7336648678774,0,0,0
04:57:18,99.73902372365453,0,0,0
04:57:19,99.73187858261838,0,0,0
04:57:20,99.75867286150394,0,0,0
04:57:21,99.74616886469067,0,0,0
04:57:22,99.75331400572684,0,0,0
04:57:23,99.74974143520872,0,0,0
04:57:24,99.74081000891356,0,0,0
04:57:25,99.7247334415822,0,0,0
04:57:26,99.73044955441114,0,0,0
04:57:27,99.73009229735932,0,0,0
04:57:28,99.73187858261838,0,0,0
04:57:29,99.74081000891356,0,0,0
04:57:30,99.73545115313644,0,0,0
04:57:31,99.73582627304084,0,0,0
04:57:32,99.71044315950992,0,0,0
04:57:33,99.70329801847376,0,0,0
04:57:34,99.714015730028,0,0,0
04:57:35,99.70329801847376,0,0,0
04:57:36,99.70329801847376,0,0,0
04:57:37,99.70887122848195,0,0,0
04:57:38,99.71758830054608,0,0,0
04:57:39,99.72116087106411,0,0,0
04:57:40,99.71758830054608,0,0,0
04:57:41,99.71044315950992,0,0,0
04:57:42,99.71044315950992,0,0,0
04:57:43,99.7193745858051,0,0,0
04:57:44,99.714015730028,0,0,0
04:57:45,99.72651972684125,0,0,0
04:57:46,99.73902372365453,0,0,0
04:57:47,99.7247334415822,0,0,0
04:57:48,99.72294715632316,0,0,0
04:57:49,99.72294715632316,0,0,0
04:57:50,99.73009229735932,0,0,0
04:57:51,99.73009229735932,0,0,0
04:57:52,99.71758830054608,0,0,0
04:57:53,99.71758830054608,0,0,0
04:57:54,99.7336648678774,0,0,0
04:57:55,99.72651972684125,0,0,0
04:57:56,99.73723743839548,0,0,0
04:57:57,99.73902372365453,0,0,0
04:57:58,99.73545115313644,0,0,0
04:57:59,99.73723743839548,0,0,0
04:58:00,99.74081000891356,0,0,0
04:58:01,99.73009229735932,0,0,0
04:58:02,99.74750857863496,0,0,0
04:58:03,99.7336648678774,0,0,0
04:58:04,99.71758830054608,0,0,0
04:58:05,99.71580201528704,0,0,0
04:58:06,99.72116087106411,0,0,0
04:58:07,99.714015730028,0,0,0
04:58:08,99.71580201528704,0,0,0
04:58:09,99.71580201528704,0,0,0
04:58:10,99.71580201528704,0,0,0
04:58:11,99.71580201528704,0,0,0
04:58:12,99.70865687425088,0,0,0
04:58:13,99.70687058899182,0,0,0
04:58:14,99.71044315950992,0,0,0
04:58:15,99.714015730028,0,0,0
04:58:16,99.714015730028,0,0,0
04:58:17,99.69883230532616,0,0,0
04:58:18,99.70329801847376,0,0,0
04:58:19,99.69972544795569,0,0,0
04:58:20,99.7247334415822,0,0,0
04:58:21,99.7485267612326,0,0,0
04:58:22,99.7479551499497,0,0,0
04:58:23,99.74974143520872,0,0,0
04:58:24,99.73545115313644,0,0,0
04:58:25,99.74438257943164,0,0,0
04:58:26,99.74231048853116,0,0,0
04:58:27,99.74231048853116,0,0,0
04:58:28,99.7479551499497,0,0,0
04:58:29,99.74081000891356,0,0,0
04:58:30,99.74974143520872,0,0,0
04:58:31,99.7479551499497,0,0,0
04:58:32,99.75331400572684,0,0,0
04:58:33,99.74974143520872,0,0,0
04:58:34,99.75331400572684,0,0,0
04:58:35,99.75688657624492,0,0,0
04:58:36,99.75331400572684,0,0,0
04:58:37,99.75510029098588,0,0,0
04:58:38,99.75331400572684,0,0,0
04:58:39,99.7479551499497,0,0,0
04:58:40,99.75331400572684,0,0,0
04:58:41,99.75688657624492,0,0,0
04:58:42,99.762245432022,0,0,0
04:58:43,99.75331400572684,0,0,0
04:58:44,99.75331400572684,0,0,0
04:58:45,99.74438257943164,0,0,0
04:58:46,99.73545115313644,0,0,0
04:58:47,99.73545115313644,0,0,0
04:58:48,99.73723743839548,0,0,0
04:58:49,99.73455801050692,0,0,0
04:58:50,99.73545115313644,0,0,0
04:58:51,99.73545115313644,0,0,0
04:58:52,99.73902372365453,0,0,0
04:58:53,99.74504350497747,0,0,0
04:58:54,99.75510029098588,0,0,0
04:58:55,99.75867286150394,0,0,0
04:58:56,99.75510029098588,0,0,0
04:58:57,99.74974143520872,0,0,0
04:58:58,99.7567258105716,0,0,0
04:58:59,99.75331400572684,0,0,0
04:59:00,99.75331400572684,0,0,0
04:59:01,99.75331400572684,0,0,0
04:59:02,99.7479551499497,0,0,0
04:59:03,99.74438257943164,0,0,0
04:59:04,99.73546901598904,0,0,0
04:59:05,99.72294715632316,0,0,0
04:59:06,99.72564444706433,0,0,0
04:59:07,99.72116087106411,0,0,0
04:59:08,99.72116087106411,0,0,0
04:59:09,99.7193745858051,0,0,0
04:59:10,99.70865687425088,0,0,0
04:59:11,99.72294715632316,0,0,0
04:59:12,99.72294715632316,0,0,0
04:59:13,99.7524208630973,0,0,0
04:59:14,99.74438257943164,0,0,0
04:59:15,99.74438257943164,0,0,0
04:59:16,99.72294715632316,0,0,0
04:59:17,99.68543516588336,0,0,0
04:59:18,99.69556340330212,0,0,0
04:59:19,99.69556340330212,0,0,0
04:59:20,99.68900773640144,0,0,0
04:59:21,99.70151173321472,0,0,0
04:59:22,99.69436659217855,0,0,0
04:59:23,99.68722145114242,0,0,0
04:59:24,99.6907940216605,0,0,0
04:59:25,99.6907940216605,0,0,0
04:59:26,99.6932055067602,0,0,0
04:59:27,99.6907940216605,0,0,0
04:59:28,99.68990087903096,0,0,0
04:59:29,99.68722145114242,0,0,0
04:59:30,99.68543516588336,0,0,0
04:59:31,99.68364888062432,0,0,0
04:59:32,99.67471745432914,0,0,0
04:59:33,99.67471745432914,0,0,0
04:59:34,99.6407780344074,0,0,0
04:59:35,99.6407780344074,0,0,0
04:59:36,99.62291518181704,0,0,0
04:59:37,99.62895282599258,0,0,0
04:59:38,99.6300603228532,0,0,0
04:59:39,99.6300603228532,0,0,0
04:59:40,99.62827403759415,0,0,0
04:59:41,99.6318644709648,0,0,0
04:59:42,99.6318644709648,0,0,0
04:59:43,99.63363289337128,0,0,0
04:59:44,99.62827403759415,0,0,0
04:59:45,99.6443506049255,0,0,0
04:59:46,99.62470146707608,0,0,0
04:59:47,99.62470146707608,0,0,0
04:59:48,99.63273975074176,0,0,0
04:59:49,99.6300603228532,0,0,0
04:59:50,99.63106064259824,0,0,0
04:59:51,99.63184660811224,0,0,0
04:59:52,99.63720546388932,0,0,0
04:59:53,99.62648775233512,0,0,0
04:59:54,99.63899174914836,0,0,0
04:59:55,99.60862489974473,0,0,0
04:59:56,99.60326604396762,0,0,0
04:59:57,99.6016047986767,0,0,0
04:59:58,99.60355184960906,0,0,0
04:59:59,99.5769361992494,0,0,0
05:00:00,99.57468547982302,0,0,0
05:00:01,99.58540319137724,0,0,0
05:00:02,99.57647176508203,0,0,0
05:00:03,99.57289919456396,0,0,0
05:00:04,99.57111290930492,0,0,0
05:00:05,99.5702197666754,0,0,0
05:00:06,99.57825805034108,0,0,0
05:00:07,99.58183062085917,0,0,0
05:00:08,99.5836169061182,0,0,0
05:00:09,99.55860891249166,0,0,0
05:00:10,99.56927303548812,0,0,0
05:00:11,99.56396776826878,0,0,0
05:00:12,99.56932662404589,0,0,0
05:00:13,99.59969347344956,0,0,0
05:00:14,99.6068386144857,0,0,0
05:00:15,99.60862489974473,0,0,0
05:00:16,99.61398375552184,0,0,0
05:00:17,99.6121974702628,0,0,0
05:00:18,99.58897576189533,0,0,0
05:00:19,99.5925483324134,0,0,0
05:00:20,99.6014797587086,0,0,0
05:00:21,99.59433461767242,0,0,0
05:00:22,99.59612090293146,0,0,0
05:00:23,99.59790718819052,0,0,0
05:00:24,99.58897576189533,0,0,0
05:00:25,99.60505232922668,0,0,0
05:00:26,99.60505232922668,0,0,0
05:00:27,99.61755632603992,0,0,0
05:00:28,99.61398375552184,0,0,0
05:00:29,99.61934261129898,0,0,0
05:00:30,99.62086095376914,0,0,0
05:00:31,99.61934261129898,0,0,0
05:00:32,99.62291518181704,0,0,0
05:00:33,99.6300603228532,0,0,0
05:00:34,99.64256431966646,0,0,0
05:00:35,99.63899174914836,0,0,0
05:00:36,99.63720546388932,0,0,0
05:00:37,99.6497094607026,0,0,0
05:00:38,99.7050843037328,0,0,0
05:00:39,99.75331400572684,0,0,0
05:00:40,99.73009229735932,0,0,0
05:00:41,99.69258030691952,0,0,0
05:00:42,99.71222944476897,0,0,0
05:00:43,99.7095500168804,0,0,0
05:00:44,99.714015730028,0,0,0
05:00:45,99.70329801847376,0,0,0
05:00:46,99.68900773640144,0,0,0
05:00:47,99.68007631010626,0,0,0
05:00:48,99.66399974277492,0,0,0
05:00:49,99.67114488381108,0,0,0
05:00:50,99.66528586816142,0,0,0
05:00:51,99.6720380264406,0,0,0
05:00:52,99.66846545592252,0,0,0
05:00:53,99.65506831647971,0,0,0
05:00:54,99.6508348204158,0,0,0
05:00:55,99.65149574596164,0,0,0
05:00:56,99.64792317544358,0,0,0
05:00:57,99.6407780344074,0,0,0
05:00:58,99.64613689018454,0,0,0
05:00:59,99.6407780344074,0,0,0
05:01:00,99.65328203122068,0,0,0
05:01:01,99.6497094607026,0,0,0
05:01:02,99.65685460173876,0,0,0
05:01:03,99.65506831647971,0,0,0
05:01:04,99.66042717225685,0,0,0
05:01:05,99.68186259536527,0,0,0
05:01:06,99.67650373958818,0,0,0
05:01:07,99.67650373958818,0,0,0
05:01:08,99.67293116907013,0,0,0
05:01:09,99.70151173321472,0,0,0
05:01:10,99.70329801847376,0,0,0
05:01:11,99.70056500202742,0,0,0
05:01:12,99.70865687425088,0,0,0
05:01:13,99.6961528774376,0,0,0
05:01:14,99.68543516588336,0,0,0
05:01:15,99.68364888062432,0,0,0
05:01:16,99.6961528774376,0,0,0
05:01:17,99.6961528774376,0,0,0
05:01:18,99.69972544795569,0,0,0
05:01:19,99.68543516588336,0,0,0
05:01:20,99.68990087903096,0,0,0
05:01:21,99.68007631010626,0,0,0
05:01:22,99.6782900248472,0,0,0
05:01:23,99.68684275866748,0,0,0
05:01:24,99.68684275866748,0,0,0
05:01:25,99.68186259536527,0,0,0
05:01:26,99.71222944476897,0,0,0
05:01:27,99.71758830054608,0,0,0
05:01:28,99.7247334415822,0,0,0
05:01:29,99.72830601210028,0,0,0
05:01:30,99.72294715632316,0,0,0
05:01:31,99.714015730028,0,0,0
05:01:32,99.714015730028,0,0,0
05:01:33,99.72116087106411,0,0,0
05:01:34,99.72651972684125,0,0,0
05:01:35,99.71758830054608,0,0,0
05:01:36,99.72830601210028,0,0,0
05:01:37,99.72562658421172,0,0,0
05:01:38,99.73187858261838,0,0,0
05:01:39,99.7247334415822,0,0,0
05:01:40,99.70865687425088,0,0,0
05:01:41,99.72026772843462,0,0,0
05:01:42,99.73545115313644,0,0,0
05:01:43,99.73545115313644,0,0,0
05:01:44,99.7266090411042,0,0,0
05:01:45,99.7266090411042,0,0,0
05:01:46,99.71580201528704,0,0,0
05:01:47,99.71758830054608,0,0,0
05:01:48,99.73723743839548,0,0,0
05:01:49,99.74616886469067,0,0,0
05:01:50,99.74974143520872,0,0,0
05:01:51,99.74438257943164,0,0,0
05:01:52,99.74972357235616,0,0,0
05:01:53,99.75152772046778,0,0,0
05:01:54,99.76760428779912,0,0,0
05:01:55,99.76760428779912,0,0,0
05:01:56,99.75331400572684,0,0,0
05:01:57,99.75331400572684,0,0,0
05:01:58,99.762245432022,0,0,0
05:01:59,99.75867286150394,0,0,0
05:02:00,99.76581800254009,0,0,0
05:02:01,99.76403171728106,0,0,0
05:02:02,99.75331400572684,0,0,0
05:02:03,99.76581800254009,0,0,0
05:02:04,99.762245432022,0,0,0
05:02:05,99.76045914676298,0,0,0
05:02:06,99.7711768583172,0,0,0
05:02:07,99.76581800254009,0,0,0
05:02:08,99.762245432022,0,0,0
05:02:09,99.71758830054608,0,0,0
05:02:10,99.70151173321472,0,0,0
05:02:11,99.70776373162134,0,0,0
05:02:12,99.71222944476897,0,0,0
05:02:13,99.70329801847376,0,0,0
05:02:14,99.7050843037328,0,0,0
05:02:15,99.7009579847844,0,0,0
05:02:16,99.70329801847376,0,0,0
05:02:17,99.70687058899182,0,0,0
05:02:18,99.70687058899182,0,0,0
05:02:19,99.68900773640144,0,0,0
05:02:20,99.67650373958818,0,0,0
05:02:21,99.68007631010626,0,0,0
05:02:22,99.68722145114242,0,0,0
05:02:23,99.68857902793928,0,0,0
05:02:24,99.68186259536527,0,0,0
05:02:25,99.68252352091112,0,0,0
05:02:26,99.6794689731182,0,0,0
05:02:27,99.6794689731182,0,0,0
05:02:28,99.6782900248472,0,0,0
05:02:29,99.67739688221768,0,0,0
05:02:30,99.66042717225685,0,0,0
05:02:31,99.66042717225685,0,0,0
05:02:32,99.66399974277492,0,0,0
05:02:33,99.65506831647971,0,0,0
05:02:34,99.66244567459955,0,0,0
05:02:35,99.6523710257386,0,0,0
05:02:36,99.66578602803396,0,0,0
05:02:37,99.66578602803396,0,0,0
05:02:38,99.67293116907013,0,0,0
05:02:39,99.66399974277492,0,0,0
05:02:40,99.66578602803396,0,0,0
05:02:41,99.66407119418528,0,0,0
05:02:42,99.67650373958818,0,0,0
05:02:43,99.68186259536527,0,0,0
05:02:44,99.70687058899182,0,0,0
05:02:45,99.69106196444936,0,0,0
05:02:46,99.714015730028,0,0,0
05:02:47,99.70887122848195,0,0,0
05:02:48,99.72294715632316,0,0,0
05:02:49,99.71669515791656,0,0,0
05:02:50,99.7193745858051,0,0,0
05:02:51,99.72294715632316,0,0,0
05:02:52,99.73009229735932,0,0,0
05:02:53,99.74616886469067,0,0,0
05:02:54,99.74081000891356,0,0,0
05:02:55,99.73545115313644,0,0,0
05:02:56,99.73009229735932,0,0,0
05:02:57,99.73723743839548,0,0,0
05:02:58,99.72651972684125,0,0,0
05:02:59,99.7247513044348,0,0,0
05:03:00,99.72830601210028,0,0,0
05:03:01,99.72480489299257,0,0,0
05:03:02,99.72480489299257,0,0,0
05:03:03,99.72480489299257,0,0,0
05:03:04,99.7425962941726,0,0,0
05:03:05,99.73277172524789,0,0,0
05:03:06,99.72651972684125,0,0,0
05:03:07,99.73009229735932,0,0,0
05:03:08,99.71226517047413,0,0,0
05:03:09,99.71580201528704,0,0,0
05:03:10,99.70865687425088,0,0,0
05:03:11,99.70151173321472,0,0,0
05:03:12,99.68561379440928,0,0,0
05:03:13,99.69436659217855,0,0,0
05:03:14,99.70151173321472,0,0,0
05:03:15,99.69258030691952,0,0,0
05:03:16,99.67471745432914,0,0,0
05:03:17,99.66042717225685,0,0,0
05:03:18,99.66399974277492,0,0,0
05:03:19,99.65506831647971,0,0,0
05:03:20,99.667572313293,0,0,0
05:03:21,99.66935859855204,0,0,0
05:03:22,99.69792129984404,0,0,0
05:03:23,99.69793916269664,0,0,0
05:03:24,99.70865687425088,0,0,0
05:03:25,99.70687058899182,0,0,0
05:03:26,99.69436659217855,0,0,0
05:03:27,99.69436659217855,0,0,0
05:03:28,99.70687058899182,0,0,0
05:03:29,99.7050843037328,0,0,0
05:03:30,99.68940071915844,0,0,0
05:03:31,99.65685460173876,0,0,0
05:03:32,99.66399974277492,0,0,0
05:03:33,99.65685460173876,0,0,0
05:03:34,99.66399974277492,0,0,0
05:03:35,99.65424662526055,0,0,0
05:03:36,99.65149574596164,0,0,0
05:03:37,99.66042717225685,0,0,0
05:03:38,99.65328203122068,0,0,0
05:03:39,99.65328203122068,0,0,0
05:03:40,99.65506831647971,0,0,0
05:03:41,99.65328203122068,0,0,0
05:03:42,99.62650561518772,0,0,0
05:03:43,99.6354191786303,0,0,0
05:03:44,99.6354191786303,0,0,0
05:03:45,99.6354191786303,0,0,0
05:03:46,99.62648775233512,0,0,0
05:03:47,99.62470146707608,0,0,0
05:03:48,99.62470146707608,0,0,0
05:03:49,99.62738089496465,0,0,0
05:03:50,99.621128896558,0,0,0
05:03:51,99.63182874525964,0,0,0
05:03:52,99.63363289337128,0,0,0
05:03:53,99.6300603228532,0,0,0
05:03:54,99.62291518181704,0,0,0
05:03:55,99.62291518181704,0,0,0
05:03:56,99.6300603228532,0,0,0
05:03:57,99.63184660811224,0,0,0
05:03:58,99.62650561518772,0,0,0
05:03:59,99.63273975074176,0,0,0
05:04:00,99.621128896558,0,0,0
05:04:01,99.6334006762876,0,0,0
05:04:02,99.61934261129898,0,0,0
05:04:03,99.60862489974473,0,0,0
05:04:04,99.6121974702628,0,0,0
05:04:05,99.6121974702628,0,0,0
05:04:06,99.60505232922668,0,0,0
05:04:07,99.6014797587086,0,0,0
05:04:08,99.59612090293146,0,0,0
05:04:09,99.58540319137724,0,0,0
05:04:10,99.59165518978386,0,0,0
05:04:11,99.59612090293146,0,0,0
05:04:12,99.59612090293146,0,0,0
05:04:13,99.59790718819052,0,0,0
05:04:14,99.57468547982302,0,0,0
05:04:15,99.5925483324134,0,0,0
05:04:16,99.58718947663628,0,0,0
05:04:17,99.58629633400676,0,0,0
05:04:18,99.58629633400676,0,0,0
05:04:19,99.59076204715434,0,0,0
05:04:20,99.58718947663628,0,0,0
05:04:21,99.5925483324134,0,0,0
05:04:22,99.59969347344956,0,0,0
05:04:23,99.58718947663628,0,0,0
05:04:24,99.58718947663628,0,0,0
05:04:25,99.59433461767242,0,0,0
05:04:26,99.60280160980028,0,0,0
05:04:27,99.60862489974473,0,0,0
05:04:28,99.60862489974473,0,0,0
05:04:29,99.60505232922668,0,0,0
05:04:30,99.59969347344956,0,0,0
05:04:31,99.6014797587086,0,0,0
05:04:32,99.6121974702628,0,0,0
05:04:33,99.5925483324134,0,0,0
05:04:34,99.59076204715434,0,0,0
05:04:35,99.58718947663628,0,0,0
05:04:36,99.56664719615732,0,0,0
05:04:37,99.5657540535278,0,0,0
05:04:38,99.56754033878686,0,0,0
05:04:39,99.57468547982302,0,0,0
05:04:40,99.58004433560012,0,0,0
05:04:41,99.58897576189533,0,0,0
05:04:42,99.5925483324134,0,0,0
05:04:43,99.59165518978386,0,0,0
05:04:44,99.57647176508203,0,0,0
05:04:45,99.5836169061182,0,0,0
05:04:46,99.58540319137724,0,0,0
05:04:47,99.59076204715434,0,0,0
05:04:48,99.5925483324134,0,0,0
05:04:49,99.58451004874772,0,0,0
05:04:50,99.58183062085917,0,0,0
05:04:51,99.58183062085917,0,0,0
05:04:52,99.58451004874772,0,0,0
05:04:53,99.58093747822964,0,0,0
05:04:54,99.58540319137724,0,0,0
05:04:55,99.5925483324134,0,0,0
05:04:56,99.6014797587086,0,0,0
05:04:57,99.60594547185616,0,0,0
05:04:58,99.61041118500376,0,0,0
05:04:59,99.60862489974473,0,0,0
05:05:00,99.60117609021457,0,0,0
05:05:01,99.60117609021457,0,0,0
05:05:02,99.6014797587086,0,0,0
05:05:03,99.60326604396762,0,0,0
05:05:04,99.60058661607908,0,0,0
05:05:05,99.58451004874772,0,0,0
05:05:06,99.58004433560012,0,0,0
05:05:07,99.57289919456396,0,0,0
05:05:08,99.57825805034108,0,0,0
05:05:09,99.57111290930492,0,0,0
05:05:10,99.57111290930492,0,0,0
05:05:11,99.57825805034108,0,0,0
05:05:12,99.57825805034108,0,0,0
05:05:13,99.57647176508203,0,0,0
05:05:14,99.59076204715434,0,0,0
05:05:15,99.60326604396762,0,0,0
05:05:16,99.6068386144857,0,0,0
05:05:17,99.6300603228532,0,0,0
05:05:18,99.62291518181704,0,0,0
05:05:19,99.62470146707608,0,0,0
05:05:20,99.61755632603992,0,0,0
05:05:21,99.61934261129898,0,0,0
05:05:22,99.621128896558,0,0,0
05:05:23,99.621128896558,0,0,0
05:05:24,99.621128896558,0,0,0
05:05:25,99.621128896558,0,0,0
05:05:26,99.61934261129898,0,0,0
05:05:27,99.61041118500376,0,0,0
05:05:28,99.61755632603992,0,0,0
05:05:29,99.621128896558,0,0,0
05:05:30,99.62470146707608,0,0,0
05:05:31,99.63182874525964,0,0,0
05:05:32,99.61934261129898,0,0,0
05:05:33,99.62470146707608,0,0,0
05:05:34,99.6300603228532,0,0,0
05:05:35,99.6354191786303,0,0,0
05:05:36,99.64256431966646,0,0,0
05:05:37,99.6443506049255,0,0,0
05:05:38,99.63184660811224,0,0,0
05:05:39,99.6300603228532,0,0,0
05:05:40,99.62470146707608,0,0,0
05:05:41,99.62470146707608,0,0,0
05:05:42,99.6407780344074,0,0,0
05:05:43,99.63184660811224,0,0,0
05:05:44,99.63184660811224,0,0,0
05:05:45,99.6300603228532,0,0,0
05:05:46,99.6300603228532,0,0,0
05:05:47,99.63720546388932,0,0,0
05:05:48,99.63363289337128,0,0,0
05:05:49,99.62827403759415,0,0,0
05:05:50,99.62827403759415,0,0,0
05:05:51,99.62827403759415,0,0,0
05:05:52,99.65685460173876,0,0,0
05:05:53,99.65835508135636,0,0,0
05:05:54,99.65328203122068,0,0,0
05:05:55,99.65328203122068,0,0,0
05:05:56,99.6586408869978,0,0,0
05:05:57,99.66042717225685,0,0,0
05:05:58,99.65440739093388,0,0,0
05:05:59,99.65328203122068,0,0,0
05:06:00,99.67114488381108,0,0,0
05:06:01,99.6586408869978,0,0,0
05:06:02,99.66578602803396,0,0,0
05:06:03,99.6586408869978,0,0,0
05:06:04,99.66578602803396,0,0,0
05:06:05,99.66135604059154,0,0,0
05:06:06,99.6497094607026,0,0,0
05:06:07,99.64703003281406,0,0,0
05:06:08,99.63899174914836,0,0,0
05:06:09,99.6514064316987,0,0,0
05:06:10,99.63631232125982,0,0,0
05:06:11,99.66310660014538,0,0,0
05:06:12,99.667572313293,0,0,0
05:06:13,99.67471745432914,0,0,0
05:06:14,99.67471745432914,0,0,0
05:06:15,99.67650373958818,0,0,0
05:06:16,99.67293116907013,0,0,0
05:06:17,99.67382431169963,0,0,0
05:06:18,99.67650373958818,0,0,0
05:06:19,99.67471745432914,0,0,0
05:06:20,99.67293116907013,0,0,0
05:06:21,99.66935859855204,0,0,0
05:06:22,99.6818447325127,0,0,0
05:06:23,99.68811459377194,0,0,0
05:06:24,99.67918316747674,0,0,0
05:06:25,99.68007631010626,0,0,0
05:06:26,99.69258030691952,0,0,0
05:06:27,99.70151173321472,0,0,0
05:06:28,99.71222944476897,0,0,0
05:06:29,99.70865687425088,0,0,0
05:06:30,99.68477424033752,0,0,0
05:06:31,99.68815031947712,0,0,0
05:06:32,99.69063325598718,0,0,0
05:06:33,99.67471745432914,0,0,0
05:06:34,99.6675544504404,0,0,0
05:06:35,99.65149574596164,0,0,0
05:06:36,99.63899174914836,0,0,0
05:06:37,99.64792317544358,0,0,0
05:06:38,99.66110596065528,0,0,0
05:06:39,99.667572313293,0,0,0
05:06:40,99.6695163275404,0,0,0
05:06:41,99.65685460173876,0,0,0
05:06:42,99.66221345751588,0,0,0
05:06:43,99.66399974277492,0,0,0
05:06:44,99.65506831647971,0,0,0
05:06:45,99.65685460173876,0,0,0
05:06:46,99.66221345751588,0,0,0
05:06:47,99.66399974277492,0,0,0
05:06:48,99.66042717225685,0,0,0
05:06:49,99.667572313293,0,0,0
05:06:50,99.66399974277492,0,0,0
05:06:51,99.66042717225685,0,0,0
05:06:52,99.67114488381108,0,0,0
05:06:53,99.67469959147655,0,0,0
05:06:54,99.67650373958818,0,0,0
05:06:55,99.6782900248472,0,0,0
05:06:56,99.67827216199464,0,0,0
05:06:57,99.67114488381108,0,0,0
05:06:58,99.667572313293,0,0,0
05:06:59,99.667572313293,0,0,0
05:07:00,99.6782900248472,0,0,0
05:07:01,99.68186259536527,0,0,0
05:07:02,99.68900773640144,0,0,0
05:07:03,99.6907940216605,0,0,0
05:07:04,99.70329801847376,0,0,0
05:07:05,99.70222624731834,0,0,0
05:07:06,99.69890375673651,0,0,0
05:07:07,99.70151173321472,0,0,0
05:07:08,99.70151173321472,0,0,0
05:07:09,99.70965719399594,0,0,0
05:07:10,99.69972544795569,0,0,0
05:07:11,99.68811459377194,0,0,0
05:07:12,99.69347344954905,0,0,0
05:07:13,99.69436659217855,0,0,0
05:07:14,99.69436659217855,0,0,0
05:07:15,99.69793916269664,0,0,0
05:07:16,99.70240487584424,0,0,0
05:07:17,99.6907940216605,0,0,0
05:07:18,99.67650373958818,0,0,0
05:07:19,99.6782900248472,0,0,0
05:07:20,99.65328203122068,0,0,0
05:07:21,99.66042717225685,0,0,0
05:07:22,99.66221345751588,0,0,0
05:07:23,99.66221345751588,0,0,0
05:07:24,99.662338497484,0,0,0
05:07:25,99.66221345751588,0,0,0
05:07:26,99.66221345751588,0,0,0
05:07:27,99.66221345751588,0,0,0
05:07:28,99.66221345751588,0,0,0
05:07:29,99.66221345751588,0,0,0
05:07:30,99.66578602803396,0,0,0
05:07:31,99.66935859855204,0,0,0
05:07:32,99.66935859855204,0,0,0
05:07:33,99.66578602803396,0,0,0
05:07:34,99.65060260333212,0,0,0
05:07:35,99.65149574596164,0,0,0
05:07:36,99.66399974277492,0,0,0
05:07:37,99.66578602803396,0,0,0
05:07:38,99.67114488381108,0,0,0
05:07:39,99.68364888062432,0,0,0
05:07:40,99.68121953267205,0,0,0
05:07:41,99.68186259536527,0,0,0
05:07:42,99.68186259536527,0,0,0
05:07:43,99.6961528774376,0,0,0
05:07:44,99.6961528774376,0,0,0
05:07:45,99.70687058899182,0,0,0
05:07:46,99.70865687425088,0,0,0
05:07:47,99.70419116110328,0,0,0
05:07:48,99.7050843037328,0,0,0
05:07:49,99.7050843037328,0,0,0
05:07:50,99.72294715632316,0,0,0
05:07:51,99.73545115313644,0,0,0
05:07:52,99.72878830912022,0,0,0
05:07:53,99.72669835536716,0,0,0
05:07:54,99.73187858261838,0,0,0
05:07:55,99.72651972684125,0,0,0
05:07:56,99.7193745858051,0,0,0
05:07:57,99.714015730028,0,0,0
05:07:58,99.70687058899182,0,0,0
05:07:59,99.73187858261838,0,0,0
05:08:00,99.74081000891356,0,0,0
05:08:01,99.7425962941726,0,0,0
05:08:02,99.73545115313644,0,0,0
05:08:03,99.7425962941726,0,0,0
05:08:04,99.75688657624492,0,0,0
05:08:05,99.7425962941726,0,0,0
05:08:06,99.7479551499497,0,0,0
05:08:07,99.7479551499497,0,0,0
05:08:08,99.74438257943164,0,0,0
05:08:09,99.76403171728106,0,0,0
05:08:10,99.76403171728106,0,0,0
05:08:11,99.7711768583172,0,0,0
05:08:12,99.7711768583172,0,0,0
05:08:13,99.7711768583172,0,0,0
05:08:14,99.76939057305816,0,0,0
05:08:15,99.76128083798211,0,0,0
05:08:16,99.7425962941726,0,0,0
05:08:17,99.74974143520872,0,0,0
05:08:18,99.74974143520872,0,0,0
05:08:19,99.74616886469067,0,0,0
05:08:20,99.75510029098588,0,0,0
05:08:21,99.75831560445212,0,0,0
05:08:22,99.76760428779912,0,0,0
05:08:23,99.76581800254009,0,0,0
05:08:24,99.76581800254009,0,0,0
05:08:25,99.76760428779912,0,0,0
05:08:26,99.76760428779912,0,0,0
05:08:27,99.77253443511408,0,0,0
05:08:28,99.7711768583172,0,0,0
05:08:29,99.79082599616662,0,0,0
05:08:30,99.7863960087242,0,0,0
05:08:31,99.79261228142566,0,0,0
05:08:32,99.79439856668468,0,0,0
05:08:33,99.81047513401604,0,0,0
05:08:34,99.808688848757,0,0,0
05:08:35,99.808688848757,0,0,0
05:08:36,99.81226141927507,0,0,0
05:08:37,99.82119284557028,0,0,0
05:08:38,99.82119284557028,0,0,0
05:08:39,99.80511627823893,0,0,0
05:08:40,99.81224355642247,0,0,0
05:08:41,99.80243685035038,0,0,0
05:08:42,99.79261228142566,0,0,0
05:08:43,99.78546714038951,0,0,0
05:08:44,99.77385628620576,0,0,0
05:08:45,99.77474942883528,0,0,0
05:08:46,99.76939057305816,0,0,0
05:08:47,99.76581800254009,0,0,0
05:08:48,99.76403171728106,0,0,0
05:08:49,99.76313857465152,0,0,0
05:08:50,99.7624419234005,0,0,0
05:08:51,99.76939057305816,0,0,0
05:08:52,99.77474942883528,0,0,0
05:08:53,99.76045914676298,0,0,0
05:08:54,99.76581800254009,0,0,0
05:08:55,99.76760428779912,0,0,0
05:08:56,99.76939057305816,0,0,0
05:08:57,99.76939057305816,0,0,0
05:08:58,99.79975742246182,0,0,0
05:08:59,99.80690256349796,0,0,0
05:09:00,99.8033299929799,0,0,0
05:09:01,99.79439856668468,0,0,0
05:09:02,99.7890397109076,0,0,0
05:09:03,99.79261228142566,0,0,0
05:09:04,99.79261228142566,0,0,0
05:09:05,99.79082599616662,0,0,0
05:09:06,99.7979711372028,0,0,0
05:09:07,99.79618485194374,0,0,0
05:09:08,99.79618485194374,0,0,0
05:09:09,99.78546714038951,0,0,0
05:09:10,99.78546714038951,0,0,0
05:09:11,99.78546714038951,0,0,0
05:09:12,99.78607447737755,0,0,0
05:09:13,99.77653571409432,0,0,0
05:09:14,99.76939057305816,0,0,0
05:09:15,99.77296314357623,0,0,0
05:09:16,99.77385628620576,0,0,0
05:09:17,99.79618485194374,0,0,0
05:09:18,99.81110033385671,0,0,0
05:09:19,99.80600942086843,0,0,0
05:09:20,99.80154370772088,0,0,0
05:09:21,99.81047513401604,0,0,0
05:09:22,99.80154370772088,0,0,0
05:09:23,99.80154370772088,0,0,0
05:09:24,99.7979711372028,0,0,0
05:09:25,99.79618485194374,0,0,0
05:09:26,99.8176202750522,0,0,0
05:09:27,99.81226141927507,0,0,0
05:09:28,99.82297913082932,0,0,0
05:09:29,99.82297913082932,0,0,0
05:09:30,99.81940656031122,0,0,0
05:09:31,99.8140655673867,0,0,0
05:09:32,99.8176202750522,0,0,0
05:09:33,99.81583398979316,0,0,0
05:09:34,99.80690256349796,0,0,0
05:09:35,99.81136827664557,0,0,0
05:09:36,99.8176202750522,0,0,0
05:09:37,99.80511627823893,0,0,0
05:09:38,99.81226141927507,0,0,0
05:09:39,99.81583398979316,0,0,0
05:09:40,99.808688848757,0,0,0
05:09:41,99.7997752853144,0,0,0
05:09:42,99.8033299929799,0,0,0
05:09:43,99.82476541608835,0,0,0
05:09:44,99.81940656031122,0,0,0
05:09:45,99.82119284557028,0,0,0
05:09:46,99.82476541608835,0,0,0
05:09:47,99.82119284557028,0,0,0
05:09:48,99.82565855871788,0,0,0
05:09:49,99.83012427186549,0,0,0
05:09:50,99.81226141927507,0,0,0
05:09:51,99.80690256349796,0,0,0
05:09:52,99.80154370772088,0,0,0
05:09:53,99.80154370772088,0,0,0
05:09:54,99.81583398979316,0,0,0
05:09:55,99.83548312764258,0,0,0
05:09:56,99.8125829506217,0,0,0
05:09:57,99.83369684238352,0,0,0
05:09:58,99.84798712445586,0,0,0
05:09:59,99.84352141130826,0,0,0
05:10:00,99.82297913082932,0,0,0
05:10:01,99.83569748187368,0,0,0
05:10:02,99.83548312764258,0,0,0
05:10:03,99.85334598023296,0,0,0
05:10:04,99.8729951180824,0,0,0
05:10:05,99.8604911212691,0,0,0
05:10:06,99.86227740652814,0,0,0
05:10:07,99.87478140334142,0,0,0
05:10:08,99.86406369178718,0,0,0
05:10:09,99.8685294049348,0,0,0
05:10:10,99.8685294049348,0,0,0
05:10:11,99.8685294049348,0,0,0
05:10:12,99.85602540812152,0,0,0
05:10:13,99.84441455393778,0,0,0
05:10:14,99.84084198341968,0,0,0
05:10:15,99.86763626230528,0,0,0
05:10:16,99.86763626230528,0,0,0
05:10:17,99.86549271999442,0,0,0
05:10:18,99.86406369178718,0,0,0
05:10:19,99.87210197545286,0,0,0
05:10:20,99.8729951180824,0,0,0
05:10:21,99.86913674192286,0,0,0
05:10:22,99.8837128296366,0,0,0
05:10:23,99.87478140334142,0,0,0
05:10:24,99.8783361110069,0,0,0
05:10:25,99.87656768860046,0,0,0
05:10:26,99.86763626230528,0,0,0
05:10:27,99.86711823958014,0,0,0
05:10:28,99.86858299349257,0,0,0
05:10:29,99.85691855075105,0,0,0
05:10:30,99.85691855075105,0,0,0
05:10:31,99.85870483601008,0,0,0
05:10:32,99.85334598023296,0,0,0
05:10:33,99.8462008391968,0,0,0
05:10:34,99.84800498730844,0,0,0
05:10:35,99.85690068789845,0,0,0
05:10:36,99.85334598023296,0,0,0
05:10:37,99.84977340971489,0,0,0
05:10:38,99.8462008391968,0,0,0
05:10:39,99.88549911489564,0,0,0
05:10:40,99.8926442559318,0,0,0
05:10:41,99.89621682644989,0,0,0
05:10:42,99.88549911489564,0,0,0
05:10:43,99.91407967904028,0,0,0
05:10:44,99.949805384221,0,0,0
05:10:45,99.9301562463716,0,0,0
05:10:46,99.9301562463716,0,0,0
05:10:47,99.93194253163064,0,0,0
05:10:48,99.949805384221,0,0,0
05:10:49,99.94701877921692,0,0,0
05:10:50,99.9587368105162,0,0,0
05:10:51,99.95202037794223,0,0,0
05:10:52,99.9390876726668,0,0,0
05:10:53,99.9390876726668,0,0,0
05:10:54,99.9444465284439,0,0,0
05:10:55,99.94087395792585,0,0,0
05:10:56,99.93596167346348,0,0,0
05:10:57,99.94623281370292,0,0,0
05:10:58,99.96230938103427,0,0,0
05:10:59,99.95159166948004,0,0,0
05:11:00,99.949805384221,0,0,0
05:11:01,99.9587368105162,0,0,0
05:11:02,99.9444465284439,0,0,0
05:11:03,99.95695052525718,0,0,0
05:11:04,99.949805384221,0,0,0
05:11:05,99.94457156841204,0,0,0
05:11:06,99.94801909896198,0,0,0
05:11:07,99.92804842976592,0,0,0
05:11:08,99.9158659642993,0,0,0
05:11:09,99.90336196748602,0,0,0
05:11:10,99.9212248200764,0,0,0
05:11:11,99.9158659642993,0,0,0
05:11:12,99.92658367585352,0,0,0
05:11:13,99.91943853481736,0,0,0
05:11:14,99.9212248200764,0,0,0
05:11:15,99.93194253163064,0,0,0
05:11:16,99.9212248200764,0,0,0
05:11:17,99.93730138740776,0,0,0
05:11:18,99.93730138740776,0,0,0
05:11:19,99.95695052525718,0,0,0
05:11:20,99.95695052525718,0,0,0
05:11:21,99.95069852685052,0,0,0
05:11:22,99.96232724388688,0,0,0
05:11:23,99.96230938103427,0,0,0
05:11:24,99.96588195155236,0,0,0
05:11:25,99.9984816575298,0,0,0
05:11:26,100.00160765673311,0,0,1
05:11:27,100.00339394199216,0,0,0
05:11:28,99.99803508621504,0,0,0
05:11:29,99.996248800956,0,0,0
05:11:30,99.99088994517888,0,0,0
05:11:31,99.98374480414276,0,0,0
05:11:32,99.9810653762542,0,0,0
05:11:33,99.9765996631066,0,0,0
05:11:34,99.949805384221,0,0,0
05:11:35,99.94266024318487,0,0,0
05:11:36,99.93372881688968,0,0,0
05:11:37,99.92658367585352,0,0,0
05:11:38,99.92658367585352,0,0,0
05:11:39,99.92836996111257,0,0,0
05:11:40,99.91943853481736,0,0,0
05:11:41,99.9212248200764,0,0,0
05:11:42,99.92077824876166,0,0,0
05:11:43,99.91943853481736,0,0,0
05:11:44,99.91765224955832,0,0,0
05:11:45,99.91407967904028,0,0,0
05:11:46,99.901575682227,0,0,0
05:11:47,99.87478140334142,0,0,0
05:11:48,99.89441267833826,0,0,0
05:11:49,99.884087949541,0,0,0
05:11:50,99.8882142684894,0,0,0
05:11:51,99.901575682227,0,0,0
05:11:52,99.89977153411536,0,0,0
05:11:53,99.89621682644989,0,0,0
05:11:54,99.9050768013347,0,0,0
05:11:55,99.89621682644989,0,0,0
05:11:56,99.88996482804323,0,0,0
05:11:57,99.88014025911852,0,0,0
05:11:58,99.88907168541373,0,0,0
05:11:59,99.90961396589267,0,0,0
05:12:00,99.91229339378124,0,0,0
05:12:01,99.92658367585352,0,0,0
05:12:02,99.9301562463716,0,0,0
05:12:03,99.9390876726668,0,0,0
05:12:04,99.94533967107344,0,0,0
05:12:05,99.92658367585352,0,0,0
05:12:06,99.9105071085222,0,0,0
05:12:07,99.91943853481736,0,0,0
05:12:08,99.90872082326314,0,0,0
05:12:09,99.91765224955832,0,0,0
05:12:10,99.94623281370292,0,0,0
05:12:11,99.96409566629332,0,0,0
05:12:12,99.98374480414276,0,0,0
05:12:13,99.96945452207044,0,0,0
05:12:14,99.98731737466082,0,0,0
05:12:15,99.96945452207044,0,0,0
05:12:16,99.95337795473908,0,0,0
05:12:17,99.96588195155236,0,0,0
05:12:18,99.9855310894018,0,0,0
05:12:19,99.99446251569697,0,0,0
05:12:20,100.00339394199216,0,0,0
05:12:21,100.00071451410362,0,0,0
05:12:22,100.01232536828736,0,0,0
05:12:23,100.0141116535464,0,0,0
05:12:24,100.01321851091689,0,0,0
05:12:25,100.05698249976332,0,0,0
05:12:26,100.0516236439862,0,0,0
05:12:27,100.04626478820909,0,0,0
05:12:28,100.0694864965766,0,0,0
05:12:29,100.07663163761272,0,0,0
05:12:30,100.07305906709466,0,0,0
05:12:31,100.09092191968504,0,0,0
05:12:32,100.08556306390793,0,0,0
05:12:33,100.10456913906408,0,0,0
05:12:34,100.09270820494407,0,0,0
05:12:35,100.09985334598022,0,0,0
05:12:36,100.08377677864888,0,0,0
05:12:37,100.11414362805252,0,0,0
05:12:38,100.13475735994182,0,0,0
05:12:39,100.1409379069381,0,0,0
05:12:40,100.12843391012484,0,0,0
05:12:41,100.11950248382963,0,0,0
05:12:42,100.11950248382963,0,0,0
05:12:43,100.1266476248658,0,0,0
05:12:44,100.15165561849231,0,0,0
05:12:45,100.14272419219714,0,0,0
05:12:46,100.1320064806429,0,0,0
05:12:47,100.12128876908868,0,0,0
05:12:48,100.1087847722754,0,0,0
05:12:49,100.07484535235368,0,0,0
05:12:50,100.089135634426,0,0,0
05:12:51,100.08377677864888,0,0,0
05:12:52,100.0846699212784,0,0,0
05:12:53,100.10163963123928,0,0,0
05:12:54,100.10521220175734,0,0,0
05:12:55,100.11208940000463,0,0,0
05:12:56,100.11414362805252,0,0,0
05:12:57,100.1180734556224,0,0,0
05:12:58,100.16237333004656,0,0,0
05:12:59,100.1409379069381,0,0,0
05:13:00,100.1498871960859,0,0,0
05:13:01,100.14527858011758,0,0,0
05:13:02,100.135579051161,0,0,0
05:13:03,100.13379276590196,0,0,0
05:13:04,100.1266476248658,0,0,0
05:13:05,100.12307505434772,0,0,0
05:13:06,100.135579051161,0,0,0
05:13:07,100.15342404089876,0,0,0
05:13:08,100.17130475634174,0,0,0
05:13:09,100.16773218582368,0,0,0
05:13:10,100.15880075952848,0,0,0
05:13:11,100.15088751583096,0,0,0
05:13:12,100.17844989737792,0,0,0
05:13:13,100.16773218582368,0,0,0
05:13:14,100.15701447426946,0,0,0
05:13:15,100.15294174387884,0,0,0
05:13:16,100.1641596153056,0,0,0
05:13:17,100.16773218582368,0,0,0
05:13:18,100.15880075952848,0,0,0
05:13:19,100.16594590056464,0,0,0
05:13:20,100.15522818901042,0,0,0
05:13:21,100.16773218582368,0,0,0
05:13:22,100.16773218582368,0,0,0
05:13:23,100.17666361211886,0,0,0
05:13:24,100.16594590056464,0,0,0
05:13:25,100.18139726805532,0,0,0
05:13:26,100.19093603133858,0,0,0
05:13:27,100.16237333004656,0,0,0
05:13:28,100.14272419219714,0,0,0
05:13:29,100.11414362805252,0,0,0
05:13:30,100.11950248382963,0,0,0
05:13:31,100.12127090623608,0,0,0
05:13:32,100.11146420016398,0,0,0
05:13:33,100.12039562645916,0,0,0
05:13:34,100.13736533642005,0,0,0
05:13:35,100.14272419219714,0,0,0
05:13:36,100.135579051161,0,0,0
05:13:37,100.14434971178288,0,0,0
05:13:38,100.13915162167908,0,0,0
05:13:39,100.14272419219714,0,0,0
05:13:40,100.1409379069381,0,0,0
05:13:41,100.12307505434772,0,0,0
05:13:42,100.115912050459,0,0,0
05:13:43,100.11592991331158,0,0,0
05:13:44,100.1106425089448,0,0,0
05:13:45,100.12486133960677,0,0,0
05:13:46,100.11592991331158,0,0,0
05:13:47,100.13022019538388,0,0,0
05:13:48,100.12128876908868,0,0,0
05:13:49,100.12128876908868,0,0,0
05:13:50,100.14808304797424,0,0,0
05:13:51,100.14451047745618,0,0,0
05:13:52,100.14272419219714,0,0,0
05:13:53,100.13022019538388,0,0,0
05:13:54,100.13379276590196,0,0,0
05:13:55,100.14272419219714,0,0,0
05:13:56,100.14272419219714,0,0,0
05:13:57,100.12843391012484,0,0,0
05:13:58,100.13720457074672,0,0,0
05:13:59,100.16058704478752,0,0,0
05:14:00,100.18559503841406,0,0,0
05:14:01,100.17666361211886,0,0,0
05:14:02,100.13915162167908,0,0,0
05:14:03,100.15165561849231,0,0,0
05:14:04,100.15880075952848,0,0,0
05:14:05,100.18557717556148,0,0,0
05:14:06,100.1641596153056,0,0,0
05:14:07,100.15880075952848,0,0,0
05:14:08,100.16773218582368,0,0,0
05:14:09,100.16237333004656,0,0,0
05:14:10,100.16773218582368,0,0,0
05:14:11,100.14272419219714,0,0,0
05:14:12,100.1641596153056,0,0,0
05:14:13,100.1748773268598,0,0,0
05:14:14,100.16951847108272,0,0,0
05:14:15,100.17519885820644,0,0,0
05:14:16,100.1748773268598,0,0,0
05:14:17,100.18914974607956,0,0,0
05:14:18,100.2016716057454,0,0,0
05:14:19,100.19988532048636,0,0,0
05:14:20,100.19809903522732,0,0,0
05:14:21,100.20524417626348,0,0,0
05:14:22,100.2016716057454,0,0,0
05:14:23,100.1972058925978,0,0,0
05:14:24,100.20133221154616,0,0,0
05:14:25,100.17844989737792,0,0,0
05:14:26,100.18023618263696,0,0,0
05:14:27,100.18223682212704,0,0,0
05:14:28,100.17577046948934,0,0,0
05:14:29,100.182022467896,0,0,0
05:14:30,100.18559503841406,0,0,0
05:14:31,100.18023618263696,0,0,0
05:14:32,100.19095389419115,0,0,0
05:14:33,100.20524417626348,0,0,0
05:14:34,100.18916760893214,0,0,0
05:14:35,100.16594590056464,0,0,0
05:14:36,100.15701447426946,0,0,0
05:14:37,100.13915162167908,0,0,0
05:14:38,100.1487618363727,0,0,0
05:14:39,100.14272419219714,0,0,0
05:14:40,100.16237333004656,0,0,0
05:14:41,100.182022467896,0,0,0
05:14:42,100.19452646470924,0,0,0
05:14:43,100.19631274996829,0,0,0
05:14:44,100.2007784631159,0,0,0
05:14:45,100.20345789100443,0,0,0
05:14:46,100.20524417626348,0,0,0
05:14:47,100.20524417626348,0,0,0
05:14:48,100.19988532048636,0,0,0
05:14:49,100.19631274996829,0,0,0
05:14:50,100.19452646470924,0,0,0
05:14:51,100.20881674678157,0,0,0
05:14:52,100.2106030320406,0,0,0
05:14:53,100.21417560255868,0,0,0
05:14:54,100.22846588463098,0,0,0
05:14:55,100.21238931729962,0,0,0
05:14:56,100.20524417626348,0,0,0
05:14:57,100.22132074359482,0,0,0
05:14:58,100.21460431102082,0,0,0
05:14:59,100.21238931729962,0,0,0
05:15:00,100.23025216989,0,0,0
05:15:01,100.2159618878177,0,0,0
05:15:02,100.22310702885387,0,0,0
05:15:03,100.22132074359482,0,0,0
05:15:04,100.22132074359482,0,0,0
05:15:05,100.2391835961852,0,0,0
05:15:06,100.23382474040808,0,0,0
05:15:07,100.24096988144424,0,0,0
05:15:08,100.24454245196232,0,0,0
05:15:09,100.25704644877558,0,0,0
05:15:10,100.262262401732,0,0,0
05:15:11,100.26061901929366,0,0,0
05:15:12,100.26776416032982,0,0,0
05:15:13,100.25704644877558,0,0,0
05:15:14,100.2588327340346,0,0,0
05:15:15,100.27312301610694,0,0,0
05:15:16,100.276695586625,0,0,0
05:15:17,100.27848187188404,0,0,0
05:15:18,100.28205444240211,0,0,0
05:15:19,100.28026815714308,0,0,0
05:15:20,100.26776416032982,0,0,0
05:15:21,100.26955044558886,0,0,0
05:15:22,100.276695586625,0,0,0
05:15:23,100.24275616670327,0,0,0
05:15:24,100.22846588463098,0,0,0
05:15:25,100.24275616670327,0,0,0
05:15:26,100.23561102566713,0,0,0
05:15:27,100.21953445833576,0,0,0
05:15:28,100.23650416829663,0,0,0
05:15:29,100.2248933141129,0,0,0
05:15:30,100.26597787507076,0,0,0
05:15:31,100.25615330614606,0,0,0
05:15:32,100.24722187985088,0,0,0
05:15:33,100.2481150224804,0,0,0
05:15:34,100.25832900159158,0,0,0
05:15:35,100.27097947379607,0,0,0
05:15:36,100.276695586625,0,0,0
05:15:37,100.28026815714308,0,0,0
05:15:38,100.28743116103183,0,0,0
05:15:39,100.276695586625,0,0,0
05:15:40,100.26326272147703,0,0,0
05:15:41,100.2632984471822,0,0,0
05:15:42,100.25526016351654,0,0,0
05:15:43,100.24543559459184,0,0,0
05:15:44,100.23739731092616,0,0,0
05:15:45,100.22846588463098,0,0,0
05:15:46,100.23382474040808,0,0,0
05:15:47,100.26061901929366,0,0,0
05:15:48,100.26597787507076,0,0,0
05:15:49,100.26061901929366,0,0,0
05:15:50,100.25526016351654,0,0,0
05:15:51,100.23561102566713,0,0,0
05:15:52,100.23561102566713,0,0,0
05:15:53,100.23293159777856,0,0,0
05:15:54,100.2306094269418,0,0,0
05:15:55,100.22846588463098,0,0,0
05:15:56,100.22667959937192,0,0,0
05:15:57,100.22310702885387,0,0,0
05:15:58,100.23203845514904,0,0,0
05:15:59,100.22846588463098,0,0,0
05:16:00,100.17666361211886,0,0,0
05:16:01,100.16775004867624,0,0,0
05:16:02,100.16984000242934,0,0,0
05:16:03,100.16058704478752,0,0,0
05:16:04,100.18023618263696,0,0,0
05:16:05,100.17041161371225,0,0,0
05:16:06,100.17666361211886,0,0,0
05:16:07,100.20256474837493,0,0,0
05:16:08,100.19606267003202,0,0,0
05:16:09,100.182022467896,0,0,0
05:16:10,100.18023618263696,0,0,0
05:16:11,100.18559503841406,0,0,0
05:16:12,100.1927401794502,0,0,0
05:16:13,100.20524417626348,0,0,0
05:16:14,100.22310702885387,0,0,0
05:16:15,100.2391835961852,0,0,0
05:16:16,100.2248933141129,0,0,0
05:16:17,100.22667959937192,0,0,0
05:16:18,100.23025216989,0,0,0
05:16:19,100.2391835961852,0,0,0
05:16:20,100.2248933141129,0,0,0
05:16:21,100.2248933141129,0,0,0
05:16:22,100.22132074359482,0,0,0
05:16:23,100.22978773572264,0,0,0
05:16:24,100.21774817307674,0,0,0
05:16:25,100.19452646470924,0,0,0
05:16:26,100.18916760893214,0,0,0
05:16:27,100.19095389419115,0,0,0
05:16:28,100.18559503841406,0,0,0
05:16:29,100.18559503841406,0,0,0
05:16:30,100.17844989737792,0,0,0
05:16:31,100.17130475634174,0,0,0
05:16:32,100.17130475634174,0,0,0
05:16:33,100.17416281275622,0,0,0
05:16:34,100.16237333004656,0,0,0
05:16:35,100.17666361211886,0,0,0
05:16:36,100.17218003611868,0,0,0
05:16:37,100.18023618263696,0,0,0
05:16:38,100.18648818104356,0,0,0
05:16:39,100.17309104160078,0,0,0
05:16:40,100.18559503841406,0,0,0
05:16:41,100.17666361211886,0,0,0
05:16:42,100.19809903522732,0,0,0
05:16:43,100.18355867321876,0,0,0
05:16:44,100.17666361211886,0,0,0
05:16:45,100.16237333004656,0,0,0
05:16:46,100.17130475634174,0,0,0
05:16:47,100.16773218582368,0,0,0
05:16:48,100.16773218582368,0,0,0
05:16:49,100.16773218582368,0,0,0
05:16:50,100.15880075952848,0,0,0
05:16:51,100.17130475634174,0,0,0
05:16:52,100.1409379069381,0,0,0
05:16:53,100.14808304797424,0,0,0
05:16:54,100.14808304797424,0,0,0
05:16:55,100.14986933323328,0,0,0
05:16:56,100.1462967627152,0,0,0
05:16:57,100.135579051161,0,0,0
05:16:58,100.14451047745618,0,0,0
05:16:59,100.1320064806429,0,0,0
05:17:00,100.0980670607212,0,0,0
05:17:01,100.10162176838668,0,0,0
05:17:02,100.115912050459,0,0,0
05:17:03,100.11766261001284,0,0,0
05:17:04,100.11592991331158,0,0,0
05:17:05,100.12754076749532,0,0,0
05:17:06,100.10163963123928,0,0,0
05:17:07,100.1123573427935,0,0,0
05:17:08,100.11057105753449,0,0,0
05:17:09,100.1087847722754,0,0,0
05:17:10,100.15344190375136,0,0,0
05:17:11,100.1409379069381,0,0,0
05:17:12,100.13461445712112,0,0,0
05:17:13,100.1440996318466,0,0,0
05:17:14,100.15165561849231,0,0,0
05:17:15,100.15701447426946,0,0,0
05:17:16,100.15701447426946,0,0,0
05:17:17,100.16594590056464,0,0,0
05:17:18,100.16594590056464,0,0,0
05:17:19,100.1748773268598,0,0,0
05:17:20,100.1721264475609,0,0,0
05:17:21,100.17880715442972,0,0,0
05:17:22,100.17844989737792,0,0,0
05:17:23,100.17666361211886,0,0,0
05:17:24,100.17041161371225,0,0,0
05:17:25,100.14986933323328,0,0,0
05:17:26,100.14451047745618,0,0,0
05:17:27,100.1498871960859,0,0,0
05:17:28,100.16594590056464,0,0,0
05:17:29,100.1748773268598,0,0,0
05:17:30,100.18023618263696,0,0,0
05:17:31,100.16773218582368,0,0,0
05:17:32,100.16773218582368,0,0,0
05:17:33,100.16773218582368,0,0,0
05:17:34,100.17130475634174,0,0,0
05:17:35,100.16237333004656,0,0,0
05:17:36,100.16058704478752,0,0,0
05:17:37,100.15701447426946,0,0,0
05:17:38,100.17130475634174,0,0,0
05:17:39,100.17130475634174,0,0,0
05:17:40,100.16951847108272,0,0,0
05:17:41,100.17130475634174,0,0,0
05:17:42,100.17844989737792,0,0,0
05:17:43,100.18916760893214,0,0,0
05:17:44,100.19095389419115,0,0,0
05:17:45,100.18916760893214,0,0,0
05:17:46,100.1927401794502,0,0,0
05:17:47,100.18380875315502,0,0,0
05:17:48,100.182022467896,0,0,0
05:17:49,100.17309104160078,0,0,0
05:17:50,100.16951847108272,0,0,0
05:17:51,100.17219789897126,0,0,0
05:17:52,100.1739841842303,0,0,0
05:17:53,100.17666361211886,0,0,0
05:17:54,100.17666361211886,0,0,0
05:17:55,100.19541960733876,0,0,0
05:17:56,100.20345789100443,0,0,0
05:17:57,100.2106030320406,0,0,0
05:17:58,100.2159618878177,0,0,0
05:17:59,100.2106030320406,0,0,0
05:18:00,100.2159618878177,0,0,0
05:18:01,100.21062089489318,0,0,0
05:18:02,100.20792360415204,0,0,0
05:18:03,100.20881674678157,0,0,0
05:18:04,100.21149617467012,0,0,0
05:18:05,100.20524417626348,0,0,0
05:18:06,100.2106030320406,0,0,0
05:18:07,100.20881674678157,0,0,0
05:18:08,100.21238931729962,0,0,0
05:18:09,100.19006075156165,0,0,0
05:18:10,100.18380875315502,0,0,0
05:18:11,100.18023618263696,0,0,0
05:18:12,100.18380875315502,0,0,0
05:18:13,100.17844989737792,0,0,0
05:18:14,100.18916760893214,0,0,0
05:18:15,100.18023618263696,0,0,0
05:18:16,100.18559503841406,0,0,0
05:18:17,100.18023618263696,0,0,0
05:18:18,100.18559503841406,0,0,0
05:18:19,100.17666361211886,0,0,0
05:18:20,100.17934304000744,0,0,0
05:18:21,100.17130475634174,0,0,0
05:18:22,100.16951847108272,0,0,0
05:18:23,100.1748773268598,0,0,0
05:18:24,100.1641596153056,0,0,0
05:18:25,100.16951847108272,0,0,0
05:18:26,100.19631274996829,0,0,0
05:18:27,100.2016716057454,0,0,0
05:18:28,100.19809903522732,0,0,0
05:18:29,100.19809903522732,0,0,0
05:18:30,100.22310702885387,0,0,0
05:18:31,100.22846588463098,0,0,0
05:18:32,100.23739731092616,0,0,0
05:18:33,100.24096988144424,0,0,0
05:18:34,100.24275616670327,0,0,0
05:18:35,100.25168759299848,0,0,0
05:18:36,100.23739731092616,0,0,0
05:18:37,100.2248933141129,0,0,0
05:18:38,100.23382474040808,0,0,0
05:18:39,100.23203845514904,0,0,0
05:18:40,100.23025216989,0,0,0
05:18:41,100.22848374748357,0,0,0
05:18:42,100.20970988941107,0,0,0
05:18:43,100.20345789100443,0,0,0
05:18:44,100.23203845514904,0,0,0
05:18:45,100.25168759299848,0,0,0
05:18:46,100.23739731092616,0,0,0
05:18:47,100.24275616670327,0,0,0
05:18:48,100.24275616670327,0,0,0
05:18:49,100.2391835961852,0,0,0
05:18:50,100.24990130773944,0,0,0
05:18:51,100.25345601540492,0,0,0
05:18:52,100.24275616670327,0,0,0
05:18:53,100.24275616670327,0,0,0
05:18:54,100.23382474040808,0,0,0
05:18:55,100.23203845514904,0,0,0
05:18:56,100.23739731092616,0,0,0
05:18:57,100.24096988144424,0,0,0
05:18:58,100.23561102566713,0,0,0
05:18:59,100.25704644877558,0,0,0
05:19:00,100.25347387825752,0,0,0
05:19:01,100.2588327340346,0,0,0
05:19:02,100.2159618878177,0,0,0
05:19:03,100.2159618878177,0,0,0
05:19:04,100.22667959937192,0,0,0
05:19:05,100.23829045355568,0,0,0
05:19:06,100.25390258671968,0,0,0
05:19:07,100.24454245196232,0,0,0
05:19:08,100.26597787507076,0,0,0
05:19:09,100.26061901929366,0,0,0
05:19:10,100.26419158981172,0,0,0
05:19:11,100.26161933903872,0,0,0
05:19:12,100.24096988144424,0,0,0
05:19:13,100.24096988144424,0,0,0
05:19:14,100.25526016351654,0,0,0
05:19:15,100.25526016351654,0,0,0
05:19:16,100.24632873722136,0,0,0
05:19:17,100.252580735628,0,0,0
05:19:18,100.26955044558886,0,0,0
05:19:19,100.27312301610694,0,0,0
05:19:20,100.28294758503164,0,0,0
05:19:21,100.3142075770648,0,0,0
05:19:22,100.3052761507696,0,0,0
05:19:23,100.3052761507696,0,0,0
05:19:24,100.2999172949925,0,0,0
05:19:25,100.3052761507696,0,0,0
05:19:26,100.31242129180578,0,0,0
05:19:27,100.32313900336,0,0,0
05:19:28,100.32085255822844,0,0,0
05:19:29,100.31778014758288,0,0,0
05:19:30,100.30708029888125,0,0,0
05:19:31,100.31063500654672,0,0,0
05:19:32,100.30348986551056,0,0,0
05:19:33,100.28205444240211,0,0,0
05:19:34,100.29634472447442,0,0,0
05:19:35,100.28205444240211,0,0,0
05:19:36,100.30348986551056,0,0,0
05:19:37,100.30348986551056,0,0,0
05:19:38,100.28384072766114,0,0,0
05:19:39,100.28384072766114,0,0,0
05:19:40,100.2856270129202,0,0,0
05:19:41,100.28205444240211,0,0,0
05:19:42,100.27848187188404,0,0,0
05:19:43,100.26865730295934,0,0,0
05:19:44,100.276695586625,0,0,0
05:19:45,100.26061901929366,0,0,0
05:19:46,100.26419158981172,0,0,0
05:19:47,100.27312301610694,0,0,0
05:19:48,100.2632984471822,0,0,0
05:19:49,100.26061901929366,0,0,0
05:19:50,100.25526016351654,0,0,0
05:19:51,100.25347387825752,0,0,0
05:19:52,100.26419158981172,0,0,0
05:19:53,100.26776416032982,0,0,0
05:19:54,100.2999172949925,0,0,0
05:19:55,100.29277215395636,0,0,0
05:19:56,100.30170358025154,0,0,0
05:19:57,100.2999172949925,0,0,0
05:19:58,100.28743116103183,0,0,0
05:19:59,100.28743116103183,0,0,0
05:20:00,100.29813100973348,1,0,0
05:20:01,100.29098586869732,0,0,0
05:20:02,100.29277215395636,0,0,0
05:20:03,100.27312301610694,0,0,0
05:20:04,100.28026815714308,0,0,0
05:20:05,100.28294758503164,0,0,0
05:20:06,100.2945584392154,0,0,0
05:20:07,100.30884872128767,0,0,0
05:20:08,100.32671157387809,0,0,0
05:20:09,100.33207042965518,0,0,0
05:20:10,100.33564300017328,0,0,0
05:20:11,100.34993328224556,0,0,0
05:20:12,100.34100185595038,0,0,0
05:20:13,100.35529213802268,0,0,0
05:20:14,100.35350585276365,0,0,0
05:20:15,100.35886470854076,0,0,0
05:20:16,100.34993328224556,0,0,0
05:20:17,100.3606509937998,0,0,0
05:20:18,100.3606509937998,0,0,0
05:20:19,100.34993328224556,0,0,0
05:20:20,100.34761111140882,0,0,0
05:20:21,100.33923343354392,0,0,0
05:20:22,100.36600984957693,0,0,0
05:20:23,100.35886470854076,0,0,0
05:20:24,100.34993328224556,0,0,0
05:20:25,100.35529213802268,0,0,0
05:20:26,100.35529213802268,0,0,0
05:20:27,100.34100185595038,0,0,0
05:20:28,100.33916198213356,0,0,0
05:20:29,100.33921557069134,0,0,0
05:20:30,100.34636071172748,0,0,0
05:20:31,100.33207042965518,0,0,0
05:20:32,100.31599386232384,0,0,0
05:20:33,100.3142075770648,0,0,0
05:20:34,100.29813100973348,0,0,0
05:20:35,100.29187901132684,0,0,0
05:20:36,100.30170358025154,0,0,0
05:20:37,100.32231731214084,0,0,0
05:20:38,100.31242129180578,0,0,0
05:20:39,100.31956643284192,0,0,0
05:20:40,100.31956643284192,0,0,0
05:20:41,100.32313900336,0,0,0
05:20:42,100.3427881412094,0,0,0
05:20:43,100.33921557069134,0,0,0
05:20:44,100.31956643284192,0,0,0
05:20:45,100.30884872128767,0,0,0
05:20:46,100.29634472447442,0,0,0
05:20:47,100.30706243602864,0,0,0
05:20:48,100.30554409355848,0,0,0
05:20:49,100.30170358025154,0,0,0
05:20:50,100.30182862021968,0,0,0
05:20:51,100.3186732902124,0,0,0
05:20:52,100.32492528861904,0,0,0
05:20:53,100.34100185595038,0,0,0
05:20:54,100.32492528861904,0,0,0
05:20:55,100.32581843124856,0,0,0
05:20:56,100.31063500654672,0,0,0
05:20:57,100.29813100973348,0,0,0
05:20:58,100.28919958343828,0,0,0
05:20:59,100.29814887258604,0,0,0
05:21:00,100.3142075770648,0,0,0
05:21:01,100.30616929339912,0,0,0
05:21:02,100.31242129180578,0,0,0
05:21:03,100.29813100973348,0,0,0
05:21:04,100.30081043762202,0,0,0
05:21:05,100.31778014758288,0,0,0
05:21:06,100.34457442646844,0,0,0
05:21:07,100.34323471252416,0,0,0
05:21:08,100.32313900336,0,0,0
05:21:09,100.3284978591371,0,0,0
05:21:10,100.3427881412094,0,0,0
05:21:11,100.35350585276365,0,0,0
05:21:12,100.33921557069134,0,0,0
05:21:13,100.34814699698651,0,0,0
05:21:14,100.33028414439616,0,0,0
05:21:15,100.33385671491423,0,0,0
05:21:16,100.3365361428028,0,0,0
05:21:17,100.34457442646844,0,0,0
05:21:18,100.34459228932104,0,0,0
05:21:19,100.35350585276365,0,0,0
05:21:20,100.34993328224556,0,0,0
05:21:21,100.34993328224556,0,0,0
05:21:22,100.3517195675046,0,0,0
05:21:23,100.35975785117029,0,0,0
05:21:24,100.33385671491423,0,0,0
05:21:25,100.33474985754376,0,0,0
05:21:26,100.35886470854076,0,0,0
05:21:27,100.36243727905884,0,0,0
05:21:28,100.37136870535402,0,0,0
05:21:29,100.35886470854076,0,0,0
05:21:30,100.3517195675046,0,0,0
05:21:31,100.3561852806522,0,0,0
05:21:32,100.35073711061212,0,0,0
05:21:33,100.33742928543232,0,0,0
05:21:34,100.35825737155268,0,0,0
05:21:35,100.34636071172748,0,0,0
05:21:36,100.34636071172748,0,0,0
05:21:37,100.34636071172748,0,0,0
05:21:38,100.35350585276365,0,0,0
05:21:39,100.36243727905884,0,0,0
05:21:40,100.34100185595038,0,0,0
05:21:41,100.35707842328172,0,0,0
05:21:42,100.36779613483594,0,0,0
05:21:43,100.37672756113112,0,0,0
05:21:44,100.36779613483594,0,0,0
05:21:45,100.3838727021673,0,0,0
05:21:46,100.37672756113112,0,0,0
05:21:47,100.38030013164922,0,0,0
05:21:48,100.3892315579444,0,0,0
05:21:49,100.39994926949862,0,0,0
05:21:50,100.3981629842396,0,0,0
05:21:51,100.39459041372152,0,0,0
05:21:52,100.39969918956236,0,0,0
05:21:53,100.3927862656099,0,0,0
05:21:54,100.40530812527577,0,0,0
05:21:55,100.39714480164196,0,0,0
05:21:56,100.3981629842396,0,0,0
05:21:57,100.40173555475768,0,0,0
05:21:58,100.40352184001672,0,0,0
05:21:59,100.4070944105348,0,0,0
05:22:00,100.39459041372152,0,0,0
05:22:01,100.40441498264624,0,0,0
05:22:02,100.3892315579444,0,0,0
05:22:03,100.39012470057392,0,0,0
05:22:04,100.38833841531488,0,0,0
05:22:05,100.39637669898056,0,0,0
05:22:06,100.3981629842396,0,0,0
05:22:07,100.38208641690828,0,0,0
05:22:08,100.38565898742634,0,0,0
05:22:09,100.41602583682996,0,0,0
05:22:10,100.42495726312518,0,0,0
05:22:11,100.42315311501352,0,0,0
05:22:12,100.42495726312518,0,0,0
05:22:13,100.43388868942036,0,0,0
05:22:14,100.43031611890228,0,0,0
05:22:15,100.4356749746794,0,0,0
05:22:16,100.43388868942036,0,0,0
05:22:17,100.43388868942036,0,0,0
05:22:18,100.43924754519747,0,0,0
05:22:19,100.43924754519747,0,0,0
05:22:20,100.43924754519747,0,0,0
05:22:21,100.42799394806552,0,0,0
05:22:22,100.42852983364324,0,0,0
05:22:23,100.40798755316432,0,0,0
05:22:24,100.37672756113112,0,0,0
05:22:25,100.38208641690828,0,0,0
05:22:26,100.3785138463902,0,0,0
05:22:27,100.4070765476822,0,0,0
05:22:28,100.40352184001672,0,0,0
05:22:29,100.4124532663119,0,0,0
05:22:30,100.4124532663119,0,0,0
05:22:31,100.41959840734803,0,0,0
05:22:32,100.41781212208902,0,0,0
05:22:33,100.41066698105288,0,0,0
05:22:34,100.42495726312518,0,0,0
05:22:35,100.41959840734803,0,0,0
05:22:36,100.43031611890228,0,0,0
05:22:37,100.40352184001672,0,0,0
05:22:38,100.40173555475768,0,0,0
05:22:39,100.40888069579384,0,0,0
05:22:40,100.39637669898056,0,0,0
05:22:41,100.39101784320344,0,0,0
05:22:42,100.38565898742634,0,0,0
05:22:43,100.39280412846249,0,0,0
05:22:44,100.40352184001672,0,0,0
05:22:45,100.4070944105348,0,0,0
05:22:46,100.39280412846249,0,0,0
05:22:47,100.4070944105348,0,0,0
05:22:48,100.40173555475768,0,0,0
05:22:49,100.39994926949862,0,0,0
05:22:50,100.40352184001672,0,0,0
05:22:51,100.3981629842396,0,0,0
05:22:52,100.40173555475768,0,0,0
05:22:53,100.43388868942036,0,0,0
05:22:54,100.42852983364324,0,0,0
05:22:55,100.42138469260708,0,0,0
05:22:56,100.43299554679083,0,0,0
05:22:57,100.4410338304565,0,0,0
05:22:58,100.4410338304565,0,0,0
05:22:59,100.43388868942036,0,0,0
05:23:00,100.4535199644172,0,0,0
05:23:01,100.43388868942036,0,0,0
05:23:02,100.43031611890228,0,0,0
05:23:03,100.44460640097458,0,0,0
05:23:04,100.45530624967624,0,0,0
05:23:05,100.43924754519747,0,0,0
05:23:06,100.4553241125288,0,0,0
05:23:07,100.45175154201074,0,0,0
05:23:08,100.45711039778786,0,0,0
05:23:09,100.44282011571556,0,0,0
05:23:10,100.48390467667342,0,0,0
05:23:11,100.49819495874574,0,0,0
05:23:12,100.51605781133613,0,0,0
05:23:13,100.52677552289036,0,0,0
05:23:14,100.51784409659516,0,0,0
05:23:15,100.53072321331284,0,0,0
05:23:16,100.53568908633294,0,0,0
05:23:17,100.53660009181506,0,0,0
05:23:18,100.52320295237227,0,0,0
05:23:19,100.52141666711324,0,0,0
05:23:20,100.52320295237227,0,0,0
05:23:21,100.52320295237227,0,0,0
05:23:22,100.52679338574292,0,0,0
05:23:23,100.53567122348036,0,0,0
05:23:24,100.52677552289036,0,0,0
05:23:25,100.51909449627648,0,0,0
05:23:26,100.51334265774236,0,0,0
05:23:27,100.49642653633929,0,0,0
05:23:28,100.4910498177096,0,0,0
05:23:29,100.49821282159832,0,0,0
05:23:30,100.49015667508009,0,0,0
05:23:31,100.49462238822768,0,0,0
05:23:32,100.49462238822768,0,0,0
05:23:33,100.49998124400476,0,0,0
05:23:34,100.50712638504092,0,0,0
05:23:35,100.50355381452285,0,0,0
05:23:36,100.51159209818852,0,0,0
05:23:37,100.50266067189332,0,0,0
05:23:38,100.4964086734867,0,0,0
05:23:39,100.49283610296862,0,0,0
05:23:40,100.47854582089631,0,0,0
05:23:41,100.46068296830592,0,0,0
05:23:42,100.46781024648948,0,0,0
05:23:43,100.46604182408304,0,0,0
05:23:44,100.45889668304687,0,0,0
05:23:45,100.464255538824,0,0,0
05:23:46,100.4553241125288,0,0,0
05:23:47,100.44817897149268,0,0,0
05:23:48,100.4356749746794,0,0,0
05:23:49,100.4490721141222,0,0,0
05:23:50,100.44206987590675,0,0,0
05:23:51,100.42495726312518,0,0,0
05:23:52,100.43210240416133,0,0,0
05:23:53,100.42852983364324,0,0,0
05:23:54,100.41066698105288,0,0,0
05:23:55,100.41334640894142,0,0,0
05:23:56,100.4070944105348,0,0,0
05:23:57,100.41243540345933,0,0,0
05:23:58,100.39637669898056,0,0,0
05:23:59,100.41602583682996,0,0,0
05:24:00,100.39994926949862,0,0,0
05:24:01,100.37136870535402,0,0,0
05:24:02,100.36600984957693,0,0,0
05:24:03,100.3284978591371,0,0,0
05:24:04,100.34100185595038,0,0,0
05:24:05,100.36243727905884,0,0,0
05:24:06,100.35084428772768,0,0,0
05:24:07,100.36422356431788,0,0,0
05:24:08,100.36422356431788,0,0,0
05:24:09,100.37410172180036,0,0,0
05:24:10,100.38208641690828,0,0,0
05:24:11,100.3981629842396,0,0,0
05:24:12,100.38030013164922,0,0,0
05:24:13,100.36422356431788,0,0,0
05:24:14,100.37413744750552,0,0,0
05:24:15,100.37672756113112,0,0,0
05:24:16,100.38030013164922,0,0,0
05:24:17,100.3838727021673,0,0,0
05:24:18,100.36960028294756,0,0,0
05:24:19,100.38208641690828,0,0,0
05:24:20,100.40352184001672,0,0,0
05:24:21,100.41602583682996,0,0,0
05:24:22,100.41066698105288,0,0,0
05:24:23,100.4124532663119,0,0,0
05:24:24,100.4267435483842,0,0,0
05:24:25,100.43210240416133,0,0,0
05:24:26,100.44639268623364,0,0,0
05:24:27,100.45175154201074,0,0,0
05:24:28,100.44460640097458,0,0,0
05:24:29,100.43924754519747,0,0,0
05:24:30,100.4356749746794,0,0,0
05:24:31,100.44996525675172,0,0,0
05:24:32,100.43924754519747,0,0,0
05:24:33,100.4410338304565,0,0,0
05:24:34,100.43858661965164,0,0,0
05:24:35,100.42138469260708,0,0,0
05:24:36,100.42852983364324,0,0,0
05:24:37,100.43388868942036,0,0,0
05:24:38,100.43176300996213,0,0,0
05:24:39,100.42138469260708,0,0,0
05:24:40,100.40352184001672,0,0,0
05:24:41,100.3892315579444,0,0,0
05:24:42,100.3785138463902,0,0,0
05:24:43,100.37494127587208,0,0,0
05:24:44,100.3606509937998,0,0,0
05:24:45,100.36422356431788,0,0,0
05:24:46,100.37136870535402,0,0,0
05:24:47,100.38242581110748,0,0,0
05:24:48,100.37494127587208,0,0,0
05:24:49,100.36422356431788,0,0,0
05:24:50,100.35886470854076,0,0,0
05:24:51,100.3517195675046,0,0,0
05:24:52,100.33742928543232,0,0,0
05:24:53,100.34636071172748,0,0,0
05:24:54,100.33564300017328,0,0,0
05:24:55,100.34636071172748,0,0,0
05:24:56,100.33566086302584,0,0,0
05:24:57,100.35529213802268,0,0,0
05:24:58,100.3606509937998,0,0,0
05:24:59,100.35706056042912,0,0,0
05:25:00,100.36486662701112,0,0,0
05:25:01,100.34814699698651,0,0,0
05:25:02,100.39994926949862,0,0,0
05:25:03,100.39459041372152,0,0,0
05:25:04,100.39637669898056,0,0,0
05:25:05,100.37136870535402,0,0,0
05:25:06,100.36422356431788,0,0,0
05:25:07,100.36779613483594,0,0,0
05:25:08,100.36243727905884,0,0,0
05:25:09,100.34814699698651,0,0,0
05:25:10,100.35350585276365,0,0,0
05:25:11,100.35529213802268,0,0,0
05:25:12,100.34457442646844,0,0,0
05:25:13,100.33921557069134,0,0,0
05:25:14,100.3331422008106,0,0,0
05:25:15,100.34636071172748,0,0,0
05:25:16,100.36788544909888,0,0,0
05:25:17,100.3785138463902,0,0,0
05:25:18,100.3785138463902,0,0,0
05:25:19,100.36600984957693,0,0,0
05:25:20,100.37136870535402,0,0,0
05:25:21,100.38744527268535,0,0,0
05:25:22,100.39280412846249,0,0,0
05:25:23,100.3981629842396,0,0,0
05:25:24,100.40173555475768,0,0,0
05:25:25,100.40173555475768,0,0,0
05:25:26,100.39066058615164,0,0,0
05:25:27,100.38030013164922,0,0,0
05:25:28,100.39280412846249,0,0,0
05:25:29,100.39459041372152,0,0,0
05:25:30,100.3981808470922,0,0,0
05:25:31,100.37494127587208,0,0,0
05:25:32,100.36422356431788,0,0,0
05:25:33,100.36127619364044,0,0,0
05:25:34,100.36422356431788,0,0,0
05:25:35,100.369582420095,0,0,0
05:25:36,100.35886470854076,0,0,0
05:25:37,100.3606509937998,0,0,0
05:25:38,100.3142075770648,0,0,0
05:25:39,100.31267137174204,0,0,0
05:25:40,100.30884872128767,0,0,0
05:25:41,100.30132846034714,0,0,0
05:25:42,100.28026815714308,0,0,0
05:25:43,100.28741329817922,0,0,0
05:25:44,100.28652015554972,0,0,0
05:25:45,100.28741329817922,0,0,0
05:25:46,100.27312301610694,0,0,0
05:25:47,100.23382474040808,0,0,0
05:25:48,100.23739731092616,0,0,0
05:25:49,100.25168759299848,0,0,0
05:25:50,100.24990130773944,0,0,0
05:25:51,100.25347387825752,0,0,0
05:25:52,100.26061901929366,0,0,0
05:25:53,100.24275616670327,0,0,0
05:25:54,100.25858265409836,0,0,0
05:25:55,100.25342028969972,0,0,0
05:25:56,100.25168759299848,0,0,0
05:25:57,100.24454245196232,0,0,0
05:25:58,100.24186302407377,0,0,0
05:25:59,100.25615330614606,0,0,0
05:26:00,100.24277402955587,0,0,0
05:26:01,100.23114531251952,0,0,0
05:26:02,100.22846588463098,0,0,0
05:26:03,100.24275616670327,0,0,0
05:26:04,100.24364930933278,0,0,0
05:26:05,100.2347178830376,0,0,0
05:26:06,100.24632873722136,0,0,0
05:26:07,100.24631087436876,0,0,0
05:26:08,100.2481150224804,0,0,0
05:26:09,100.22667959937192,0,0,0
05:26:10,100.24990130773944,0,0,0
05:26:11,100.26597787507076,0,0,0
05:26:12,100.24632873722136,0,0,0
05:26:13,100.24632873722136,0,0,0
05:26:14,100.25526016351654,0,0,0
05:26:15,100.23561102566713,0,0,0
05:26:16,100.24275616670327,0,0,0
05:26:17,100.25436702088705,0,0,0
05:26:18,100.2856270129202,0,0,0
05:26:19,100.29277215395636,0,0,0
05:26:20,100.30170358025154,0,0,0
05:26:21,100.31956643284192,0,0,0
05:26:22,100.31063500654672,0,0,0
05:26:23,100.31426116562255,0,0,0
05:26:24,100.29634472447442,0,0,0
05:26:25,100.29366529658589,0,0,0
05:26:26,100.2999172949925,0,0,0
05:26:27,100.2856270129202,0,0,0
05:26:28,100.27848187188404,0,0,0
05:26:29,100.2999172949925,0,0,0
05:26:30,100.28205444240211,0,0,0
05:26:31,100.2856091500676,0,0,0
05:26:32,100.31242129180578,0,0,0
05:26:33,100.3142075770648,0,0,0
05:26:34,100.31778014758288,0,0,0
05:26:35,100.324621620125,0,0,0
05:26:36,100.32939100176662,0,0,0
05:26:37,100.32313900336,0,0,0
05:26:38,100.32671157387809,0,0,0
05:26:39,100.33028414439616,0,0,0
05:26:40,100.34100185595038,0,0,0
05:26:41,100.33742928543232,0,0,0
05:26:42,100.33207042965518,0,0,0
05:26:43,100.35707842328172,0,0,0
05:26:44,100.34993328224556,0,0,0
05:26:45,100.34814699698651,0,0,0
05:26:46,100.3517195675046,0,0,0
05:26:47,100.35350585276365,0,0,0
05:26:48,100.35350585276365,0,0,0
05:26:49,100.36422356431788,0,0,0
05:26:50,100.36600984957693,0,0,0
05:26:51,100.3606509937998,0,0,0
05:26:52,100.34814699698651,0,0,0
05:26:53,100.35529213802268,0,0,0
05:26:54,100.34814699698651,0,0,0
05:26:55,100.3418949985799,0,0,0
05:26:56,100.34991541939296,0,0,0
05:26:57,100.34436007223736,0,0,0
05:26:58,100.3517195675046,0,0,0
05:26:59,100.35707842328172,0,0,0
05:27:00,100.344288620827,0,0,0
05:27:01,100.3427881412094,0,0,0
05:27:02,100.33564300017328,0,0,0
05:27:03,100.32760471650758,0,0,0
05:27:04,100.34457442646844,0,0,0
05:27:05,100.34636071172748,0,0,0
05:27:06,100.36600984957693,0,0,0
05:27:07,100.3651167069474,0,0,0
05:27:08,100.369582420095,0,0,0
05:27:09,100.37136870535402,0,0,0
05:27:10,100.36868927746546,0,0,0
05:27:11,100.37136870535402,0,0,0
05:27:12,100.35966853690734,0,0,0
05:27:13,100.36309820460468,0,0,0
05:27:14,100.35707842328172,0,0,0
05:27:15,100.35707842328172,0,0,0
05:27:16,100.35886470854076,0,0,0
05:27:17,100.35886470854076,0,0,0
05:27:18,100.36243727905884,0,0,0
05:27:19,100.36600984957693,0,0,0
05:27:20,100.36243727905884,0,0,0
05:27:21,100.35707842328172,0,0,0
05:27:22,100.32492528861904,0,0,0
05:27:23,100.3284978591371,0,0,0
05:27:24,100.32939100176662,0,0,0
05:27:25,100.32939100176662,0,0,0
05:27:26,100.32403214598952,0,0,0
05:27:27,100.31778014758288,0,0,0
05:27:28,100.32492528861904,0,0,0
05:27:29,100.32313900336,0,0,0
05:27:30,100.32671157387809,0,0,0
05:27:31,100.32492528861904,0,0,0
05:27:32,100.34100185595038,0,0,0
05:27:33,100.34457442646844,0,0,0
05:27:34,100.33383885206165,0,0,0
05:27:35,100.32492528861904,0,0,0
05:27:36,100.33028414439616,0,0,0
05:27:37,100.33028414439616,0,0,0
05:27:38,100.31778014758288,0,0,0
05:27:39,100.32671157387809,0,0,0
05:27:40,100.31778014758288,0,0,0
05:27:41,100.29634472447442,0,0,0
05:27:42,100.29634472447442,0,0,0
05:27:43,100.29723786710396,0,0,0
05:27:44,100.29813100973348,0,0,0
05:27:45,100.28741329817922,0,0,0
05:27:46,100.28741329817922,0,0,0
05:27:47,100.3052761507696,0,0,0
05:27:48,100.30706243602864,0,0,0
05:27:49,100.31599386232384,0,0,0
05:27:50,100.3052761507696,0,0,0
05:27:51,100.30331123698468,0,0,0
05:27:52,100.31599386232384,0,0,0
05:27:53,100.30170358025154,0,0,0
05:27:54,100.3052761507696,0,0,0
05:27:55,100.30884872128767,0,0,0
05:27:56,100.3052761507696,0,0,0
05:27:57,100.31063500654672,0,0,0
05:27:58,100.3142075770648,0,0,0
05:27:59,100.30348986551056,0,0,0
05:28:00,100.2999172949925,0,0,0
05:28:01,100.30348986551056,0,0,0
05:28:02,100.29277215395636,0,0,0
05:28:03,100.28919958343828,0,0,0
05:28:04,100.2999172949925,0,0,0
05:28:05,100.28919958343828,0,0,0
05:28:06,100.2945584392154,0,0,0
05:28:07,100.32671157387809,0,0,0
05:28:08,100.3284978591371,0,0,0
05:28:09,100.32137058095354,0,0,0
05:28:10,100.34993328224556,0,0,0
05:28:11,100.36243727905884,0,0,0
05:28:12,100.36422356431788,0,0,0
05:28:13,100.3606509937998,0,0,0
05:28:14,100.3651167069474,0,0,0
05:28:15,100.35975785117029,0,0,0
05:28:16,100.35707842328172,0,0,0
05:28:17,100.3561852806522,0,0,0
05:28:18,100.35886470854076,0,0,0
05:28:19,100.34993328224556,0,0,0
05:28:20,100.3320525668026,0,0,0
05:28:21,100.33385671491423,0,0,0
05:28:22,100.33207042965518,0,0,0
05:28:23,100.33028414439616,0,0,0
05:28:24,100.34636071172748,0,0,0
05:28:25,100.3463428488749,0,0,0
05:28:26,100.32492528861904,0,0,0
05:28:27,100.32492528861904,0,0,0
05:28:28,100.34100185595038,0,0,0
05:28:29,100.34100185595038,0,0,0
05:28:30,100.34100185595038,0,0,0
05:28:31,100.35350585276365,0,0,0
05:28:32,100.34814699698651,0,0,0
05:28:33,100.35011191077146,0,0,0
05:28:34,100.33385671491423,0,0,0
05:28:35,100.33207042965518,0,0,0
05:28:36,100.32313900336,0,0,0
05:28:37,100.3052761507696,0,0,0
05:28:38,100.3062228819569,0,0,0
05:28:39,100.31063500654672,0,0,0
05:28:40,100.3052761507696,0,0,0
05:28:41,100.30438300814008,0,0,0
05:28:42,100.30348986551056,0,0,0
05:28:43,100.30259672288103,0,0,0
05:28:44,100.31242129180578,0,0,0
05:28:45,100.31242129180578,0,0,0
05:28:46,100.31599386232384,0,0,0
05:28:47,100.31599386232384,0,0,0
05:28:48,100.3284978591371,0,0,0
05:28:49,100.33385671491423,0,0,0
05:28:50,100.31599386232384,0,0,0
05:28:51,100.31956643284192,0,0,0
05:28:52,100.31956643284192,0,0,0
05:28:53,100.32135271810095,0,0,0
05:28:54,100.28919958343828,0,0,0
05:28:55,100.29098586869732,0,0,0
05:28:56,100.28741329817922,0,0,0
05:28:57,100.30706243602864,0,0,0
05:28:58,100.30170358025154,0,0,0
05:28:59,100.30813420718408,0,0,0
05:29:00,100.29098586869732,0,0,0
05:29:01,100.28205444240211,0,0,0
05:29:02,100.25347387825752,0,0,0
05:29:03,100.26597787507076,0,0,0
05:29:04,100.27312301610694,0,0,0
05:29:05,100.27312301610694,0,0,0
05:29:06,100.28921744629086,0,0,0
05:29:07,100.29634472447442,0,0,0
05:29:08,100.2668710177003,0,0,0
05:29:09,100.24632873722136,0,0,0
05:29:10,100.24096988144424,0,0,0
05:29:11,100.25704644877558,0,0,0
05:29:12,100.25347387825752,0,0,0
05:29:13,100.2588327340346,0,0,0
05:29:14,100.26865730295934,0,0,0
05:29:15,100.26419158981172,0,0,0
05:29:16,100.26419158981172,0,0,0
05:29:17,100.26955044558886,0,0,0
05:29:18,100.29277215395636,0,0,0
05:29:19,100.3097418639172,0,0,0
05:29:20,100.30348986551056,0,0,0
05:29:21,100.28741329817922,0,0,0
05:29:22,100.27490930136597,0,0,0
05:29:23,100.27490930136597,0,0,0
05:29:24,100.25526016351654,0,0,0
05:29:25,100.2579395914051,0,0,0
05:29:26,100.26231599028974,0,0,0
05:29:27,100.26955044558886,0,0,0
05:29:28,100.27490930136597,0,0,0
05:29:29,100.27848187188404,0,0,0
05:29:30,100.28384072766114,0,0,0
05:29:31,100.26865730295934,0,0,0
05:29:32,100.26724613760469,0,0,0
05:29:33,100.276695586625,0,0,0
05:29:34,100.28741329817922,0,0,0
05:29:35,100.31063500654672,0,0,0
05:29:36,100.3052761507696,0,0,0
05:29:37,100.33207042965518,0,0,0
05:29:38,100.31599386232384,0,0,0
05:29:39,100.33564300017328,0,0,0
05:29:40,100.34814699698651,0,0,0
05:29:41,100.34457442646844,0,0,0
05:29:42,100.32671157387809,0,0,0
05:29:43,100.30884872128767,0,0,0
05:29:44,100.32492528861904,0,0,0
05:29:45,100.33742928543232,0,0,0
05:29:46,100.34457442646844,0,0,0
05:29:47,100.35082642487508,0,0,0
05:29:48,100.34100185595038,0,0,0
05:29:49,100.34100185595038,0,0,0
05:29:50,100.33921557069134,0,0,0
05:29:51,100.3606509937998,0,0,0
05:29:52,100.33921557069134,0,0,0
05:29:53,100.34153774152809,0,0,0
05:29:54,100.35350585276365,0,0,0
05:29:55,100.3606509937998,0,0,0
05:29:56,100.34100185595038,0,0,0
05:29:57,100.30884872128767,0,0,0
05:29:58,100.31063500654672,0,0,0
05:29:59,100.31599386232384,0,0,0
05:30:00,100.30348986551056,0,0,0
05:30:01,100.2945584392154,0,0,0
05:30:02,100.28205444240211,0,0,0
05:30:03,100.27848187188404,0,0,0
05:30:04,100.27133673084788,0,0,0
05:30:05,100.26240530455269,0,0,0
05:30:06,100.22846588463098,0,0,0
05:30:07,100.2159618878177,0,0,0
05:30:08,100.2159618878177,0,0,0
05:30:09,100.23203845514904,0,0,0
05:30:10,100.24632873722136,0,0,0
05:30:11,100.2248933141129,0,0,0
05:30:12,100.22846588463098,0,0,0
05:30:13,100.22757274200146,0,0,0
05:30:14,100.23561102566713,0,0,0
05:30:15,100.23025216989,0,0,0
05:30:16,100.22132074359482,0,0,0
05:30:17,100.2248933141129,0,0,0
05:30:18,100.22491117696548,0,0,0
05:30:19,100.22221388622437,0,0,0
05:30:20,100.23025216989,0,0,0
05:30:21,100.22132074359482,0,0,0
05:30:22,100.22667959937192,0,0,0
05:30:23,100.22846588463098,0,0,0
05:30:24,100.2248933141129,0,0,0
05:30:25,100.24632873722136,0,0,0
05:30:26,100.23025216989,0,0,0
05:30:27,100.23203845514904,0,0,0
05:30:28,100.24275616670327,0,0,0
05:30:29,100.23382474040808,0,0,0
05:30:30,100.2481150224804,0,0,0
05:30:31,100.22667959937192,0,0,0
05:30:32,100.23561102566713,0,0,0
05:30:33,100.22960910719677,0,0,0
05:30:34,100.2106030320406,0,0,0
05:30:35,100.2106030320406,0,0,0
05:30:36,100.20703046152252,0,0,0
05:30:37,100.21417560255868,0,0,0
05:30:38,100.20143938866173,0,0,0
05:30:39,100.2016716057454,0,0,0
05:30:40,100.2016716057454,0,0,0
05:30:41,100.1927401794502,0,0,0
05:30:42,100.20345789100443,0,0,0
05:30:43,100.2248933141129,0,0,0
05:30:44,100.2248933141129,0,0,0
05:30:45,100.22132074359482,0,0,0
05:30:46,100.21792680160266,0,0,0
05:30:47,100.21953445833576,0,0,0
05:30:48,100.23561102566713,0,0,0
05:30:49,100.23025216989,0,0,0
05:30:50,100.22328565737976,0,0,0
05:30:51,100.21417560255868,0,0,0
05:30:52,100.22667959937192,0,0,0
05:30:53,100.23561102566713,0,0,0
05:30:54,100.23025216989,0,0,0
05:30:55,100.21417560255868,0,0,0
05:30:56,100.2106030320406,0,0,0
05:30:57,100.19988532048636,0,0,0
05:30:58,100.20881674678157,0,0,0
05:30:59,100.20524417626348,0,0,0
05:31:00,100.20345789100443,0,0,0
05:31:01,100.1927401794502,0,0,0
05:31:02,100.19988532048636,0,0,0
05:31:03,100.22846588463098,0,0,0
05:31:04,100.2248933141129,0,0,0
05:31:05,100.20524417626348,0,0,0
05:31:06,100.1873813236731,0,0,0
05:31:07,100.19809903522732,0,0,0
05:31:08,100.19809903522732,0,0,0
05:31:09,100.19006075156165,0,0,0
05:31:10,100.19631274996829,0,0,0
05:31:11,100.18380875315502,0,0,1
05:31:12,100.16773218582368,0,0,0
05:31:13,100.17309104160078,0,0,0
05:31:14,100.1641596153056,0,0,0
05:31:15,100.1641596153056,0,0,0
05:31:16,100.15344190375136,0,0,0
05:31:17,100.15435290923348,0,0,0
05:31:18,100.15880075952848,0,0,0
05:31:19,100.1660352148276,0,0,0
05:31:20,100.13915162167908,0,0,0
05:31:21,100.13022019538388,0,0,0
05:31:22,100.12486133960677,0,0,0
05:31:23,100.12307505434772,0,0,0
05:31:24,100.09449449020312,0,0,0
05:31:25,100.1034259164983,0,0,0
05:31:26,100.10163963123928,0,0,0
05:31:27,100.1087847722754,0,0,0
05:31:28,100.10832033810809,0,0,0
05:31:29,100.09449449020312,0,0,0
05:31:30,100.09628077546216,0,0,0
05:31:31,100.1034259164983,0,0,0
05:31:32,100.08199049338984,0,0,0
05:31:33,100.09628077546216,0,0,0
05:31:34,100.10698062416378,0,0,0
05:31:35,100.10163963123928,0,0,0
05:31:36,100.10699848701636,0,0,0
05:31:37,100.12039562645916,0,0,0
05:31:38,100.11592991331158,0,0,0
05:31:39,100.11950248382963,0,0,0
05:31:40,100.11057105753449,0,0,0
05:31:41,100.0980670607212,0,0,0
05:31:42,100.07752478024224,0,0,0
05:31:43,100.07307692994723,0,0,0
05:31:44,100.05876878502234,0,0,0
05:31:45,100.04805107346812,0,0,0
05:31:46,100.01500479617592,0,0,0
05:31:47,100.00696651251025,0,0,0
05:31:48,100.0051802272512,0,0,0
05:31:49,100.0230430798416,0,0,0
05:31:50,100.00875279776928,0,0,0
05:31:51,100.02125679458256,0,0,0
05:31:52,100.00696651251025,0,0,0
05:31:53,100.0141116535464,0,0,0
05:31:54,100.00160765673311,0,0,0
05:31:55,100.02036365195302,0,0,0
05:31:56,99.99446251569697,0,0,0
05:31:57,99.9998213714741,0,0,0
05:31:58,99.98195851888372,0,0,0
05:31:59,100.01053908302832,0,0,0
05:32:00,100.00071451410362,0,0,0
05:32:01,100.00696651251025,0,0,0
05:32:02,100.0337607913958,0,0,0
05:32:03,100.04805107346812,0,0,0
05:32:04,100.05876878502234,0,0,0
05:32:05,100.03197450613678,0,0,0
05:32:06,100.01589793880542,0,0,0
05:32:07,99.99446251569697,0,0,0
05:32:08,99.99803508621504,0,0,0
05:32:09,100.03108136350724,0,0,0
05:32:10,100.02214993721208,0,0,0
05:32:11,100.042692217691,0,0,0
05:32:12,100.03554707665484,0,0,0
05:32:13,100.04090593243195,0,0,0
05:32:14,100.04090593243195,0,0,0
05:32:15,100.04447850295006,0,0,0
05:32:16,100.04983735872716,0,0,0
05:32:17,100.0337607913958,0,0,0
05:32:18,100.0325103917145,0,0,0
05:32:19,100.04090593243195,0,0,0
05:32:20,100.05430307187476,0,0,0
05:32:21,100.0694864965766,0,0,0
05:32:22,100.07395220972415,0,0,0
05:32:23,100.06412764079946,0,0,0
05:32:24,100.07127278183562,0,0,0
05:32:25,100.0802042081308,0,0,0
05:32:26,100.06591392605851,0,0,0
05:32:27,100.07770340876814,0,0,0
05:32:28,100.0802042081308,0,0,0
05:32:29,100.07484535235368,0,0,0
05:32:30,100.07663163761272,0,0,0
05:32:31,100.07127278183562,0,0,0
05:32:32,100.07127278183562,0,0,0
05:32:33,100.07484535235368,0,0,0
05:32:34,100.0516236439862,0,0,0
05:32:35,100.05876878502234,0,0,0
05:32:36,100.04626478820909,0,0,0
05:32:37,100.05519621450428,0,0,0
05:32:38,100.06055507028138,0,0,0
05:32:39,100.06591392605851,0,0,0
05:32:40,100.06412764079946,0,0,0
05:32:41,100.05698249976332,0,0,0
05:32:42,100.04983735872716,0,0,0
05:32:43,100.07127278183562,0,0,0
05:32:44,100.07491680376404,0,0,0
05:32:45,100.07841792287176,0,0,0
05:32:46,100.07841792287176,0,0,0
05:32:47,100.0802042081308,0,0,0
05:32:48,100.08550947535016,0,0,0
05:32:49,100.09628077546216,0,0,0
05:32:50,100.08370532723852,0,0,0
05:32:51,100.09270820494407,0,0,0
05:32:52,100.10162176838668,0,0,0
05:32:53,100.08556306390793,0,0,0
05:32:54,100.07663163761272,0,0,0
05:32:55,100.08199049338984,0,0,0
05:32:56,100.05521407735684,0,0,0
05:32:57,100.06770021131754,0,0,0
05:32:58,100.08199049338984,0,0,0
05:32:59,100.07841792287176,0,0,0
05:33:00,100.07841792287176,0,0,0
05:33:01,100.09270820494407,0,0,0
05:33:02,100.09002877705552,0,0,0
05:33:03,100.07127278183562,0,0,0
05:33:04,100.0560893571338,0,0,0
05:33:05,100.07305906709466,0,0,0
05:33:06,100.08288363601936,0,0,0
05:33:07,100.06412764079946,0,0,0
05:33:08,100.08199049338984,0,0,0
05:33:09,100.08556306390793,0,0,0
05:33:10,100.09270820494407,0,0,0
05:33:11,100.08556306390793,0,0,0
05:33:12,100.10903485221168,0,0,0
05:33:13,100.10163963123928,0,0,0
05:33:14,100.11592991331158,0,0,0
05:33:15,100.11325048542302,0,0,0
05:33:16,100.1266476248658,0,0,0
05:33:17,100.13379276590196,0,0,0
05:33:18,100.14272419219714,0,0,0
05:33:19,100.15254876112184,0,0,0
05:33:20,100.15701447426946,0,0,0
05:33:21,100.16337364979162,0,0,0
05:33:22,100.17666361211886,0,0,0
05:33:23,100.1748773268598,0,0,0
05:33:24,100.16237333004656,0,0,0
05:33:25,100.16237333004656,0,0,0
05:33:26,100.16773218582368,0,0,0
05:33:27,100.1739841842303,0,0,0
05:33:28,100.1641596153056,0,0,0
05:33:29,100.16326647267609,0,0,0
05:33:30,100.16326647267609,0,0,0
05:33:31,100.16773218582368,0,0,0
05:33:32,100.16773218582368,0,0,0
05:33:33,100.18380875315502,0,0,0
05:33:34,100.182022467896,0,0,0
05:33:35,100.17571688093156,0,0,0
05:33:36,100.17571688093156,0,0,0
05:33:37,100.1748773268598,0,0,0
05:33:38,100.1748773268598,0,0,0
05:33:39,100.182022467896,0,0,0
05:33:40,100.17309104160078,0,0,0
05:33:41,100.16058704478752,0,0,0
05:33:42,100.15701447426946,0,0,0
05:33:43,100.15833632536112,0,0,0
05:33:44,100.1748773268598,0,0,0
05:33:45,100.16505275793511,0,0,0
05:33:46,100.16594590056464,0,0,0
05:33:47,100.17844989737792,0,0,0
05:33:48,100.17403777278808,0,0,0
05:33:49,100.17666361211886,0,0,0
05:33:50,100.182022467896,0,0,0
05:33:51,100.18023618263696,0,0,0
05:33:52,100.16505275793511,0,0,0
05:33:53,100.16594590056464,0,0,0
05:33:54,100.17666361211886,0,0,0
05:33:55,100.1748773268598,0,0,0
05:33:56,100.17666361211886,0,0,0
05:33:57,100.17577046948934,0,0,0
05:33:58,100.16951847108272,0,0,0
05:33:59,100.17844989737792,0,0,0
05:34:00,100.20524417626348,0,0,0
05:34:01,100.20681610729144,0,0,0
05:34:02,100.1873813236731,0,0,0
05:34:03,100.19184703682068,0,0,0
05:34:04,100.19809903522732,0,0,0
05:34:05,100.2106030320406,0,0,0
05:34:06,100.20345789100443,0,0,0
05:34:07,100.19565182442244,0,0,0
05:34:08,100.19565182442244,0,0,0
05:34:09,100.19565182442244,0,0,0
05:34:10,100.19958165199232,0,0,0
05:34:11,100.19454432756184,0,0,0
05:34:12,100.19809903522732,0,0,0
05:34:13,100.20703046152252,0,0,0
05:34:14,100.21774817307674,0,0,0
05:34:15,100.21953445833576,0,0,0
05:34:16,100.22846588463098,0,0,0
05:34:17,100.24150576702196,0,0,0
05:34:18,100.26419158981172,0,0,0
05:34:19,100.27133673084788,0,0,0
05:34:20,100.2945584392154,0,0,0
05:34:21,100.32313900336,0,0,0
05:34:22,100.28919958343828,0,0,0
05:34:23,100.30348986551056,0,0,0
05:34:24,100.27848187188404,0,0,0
05:34:25,100.276695586625,0,0,0
05:34:26,100.28205444240211,0,0,0
05:34:27,100.29445126209984,0,0,0
05:34:28,100.27490930136597,0,0,0
05:34:29,100.28173291105549,0,0,0
05:34:30,100.29098586869732,0,0,0
05:34:31,100.27312301610694,0,0,0
05:34:32,100.26510259529384,0,0,0
05:34:33,100.25526016351654,0,0,0
05:34:34,100.265924286513,0,0,0
05:34:35,100.2391835961852,0,0,0
05:34:36,100.26419158981172,0,0,0
05:34:37,100.25786813999474,0,0,0
05:34:38,100.25347387825752,0,0,0
05:34:39,100.24096988144424,0,0,0
05:34:40,100.24632873722136,0,0,0
05:34:41,100.25168759299848,0,0,0
05:34:42,100.24990130773944,0,0,0
05:34:43,100.23382474040808,0,0,0
05:34:44,100.23382474040808,0,0,0
05:34:45,100.23382474040808,0,0,0
05:34:46,100.23025216989,0,0,0
05:34:47,100.21417560255868,0,0,0
05:34:48,100.2016716057454,0,0,0
05:34:49,100.2016716057454,0,0,0
05:34:50,100.20345789100443,0,0,0
05:34:51,100.20524417626348,0,0,0
05:34:52,100.21238931729962,0,0,0
05:34:53,100.20881674678157,0,0,0
05:34:54,100.20345789100443,0,0,0
05:34:55,100.20252902266974,0,0,0
05:34:56,100.19809903522732,0,0,0
05:34:57,100.19095389419115,0,0,0
05:34:58,100.1927401794502,0,0,0
05:34:59,100.18916760893214,0,0,0
05:35:00,100.21774817307674,0,0,0
05:35:01,100.2159618878177,0,0,0
05:35:02,100.21417560255868,0,0,0
05:35:03,100.20703046152252,0,0,0
05:35:04,100.21417560255868,0,0,0
05:35:05,100.20881674678157,0,0,0
05:35:06,100.20345789100443,0,0,0
05:35:07,100.20703046152252,0,0,0
05:35:08,100.19809903522732,0,0,0
05:35:09,100.182022467896,0,0,0
05:35:10,100.17850348593568,0,0,0
05:35:11,100.19809903522732,0,0,0
05:35:12,100.2016716057454,0,0,0
05:35:13,100.19809903522732,0,0,0
05:35:14,100.21238931729962,0,0,0
05:35:15,100.21238931729962,0,0,0
05:35:16,100.21415773970608,0,0,0
05:35:17,100.21328245992916,0,0,0
05:35:18,100.2391835961852,0,0,0
05:35:19,100.2391835961852,0,0,0
05:35:20,100.23203845514904,0,0,0
05:35:21,100.22846588463098,0,0,0
05:35:22,100.22846588463098,0,0,0
05:35:23,100.22846588463098,0,0,0
05:35:24,100.23293159777856,0,0,0
05:35:25,100.24275616670327,0,0,0
05:35:26,100.23561102566713,0,0,0
05:35:27,100.2481150224804,0,0,0
05:35:28,100.24990130773944,0,0,0
05:35:29,100.24186302407377,0,0,0
05:35:30,100.25168759299848,0,0,0
05:35:31,100.26061901929366,0,0,0
05:35:32,100.26240530455269,0,0,0
05:35:33,100.27356958742168,0,0,0
05:35:34,100.27044358821836,0,0,0
05:35:35,100.27848187188404,0,0,0
05:35:36,100.27401615873644,0,0,0
05:35:37,100.26419158981172,0,0,0
05:35:38,100.2481150224804,0,0,0
05:35:39,100.25168759299848,0,0,0
05:35:40,100.2588327340346,0,0,0
05:35:41,100.26240530455269,0,0,0
05:35:42,100.25972587666412,0,0,0
05:35:43,100.27490930136597,0,0,0
05:35:44,100.26061901929366,0,0,0
05:35:45,100.26240530455269,0,0,0
05:35:46,100.26955044558886,0,0,0
05:35:47,100.26955044558886,0,0,0
05:35:48,100.27312301610694,0,0,0
05:35:49,100.27490930136597,0,0,0
05:35:50,100.28384072766114,0,0,0
05:35:51,100.28666305837044,0,0,0
05:35:52,100.30438300814008,0,0,0
05:35:53,100.29277215395636,0,0,0
05:35:54,100.29098586869732,0,0,0
05:35:55,100.28741329817922,0,0,0
05:35:56,100.2856270129202,0,0,0
05:35:57,100.30170358025154,0,0,0
05:35:58,100.2999172949925,0,0,0
05:35:59,100.29634472447442,0,0,0
05:36:00,100.2945584392154,0,0,0
05:36:01,100.2945584392154,0,0,0
05:36:02,100.2856270129202,0,0,0
05:36:03,100.26419158981172,0,0,0
05:36:04,100.26955044558886,0,0,0
05:36:05,100.28741329817922,0,0,0
05:36:06,100.28741329817922,0,0,0
05:36:07,100.27490930136597,0,0,0
05:36:08,100.27490930136597,0,0,0
05:36:09,100.26776416032982,0,0,0
05:36:10,100.276695586625,0,0,0
05:36:11,100.26955044558886,0,0,0
05:36:12,100.2588327340346,0,0,0
05:36:13,100.25168759299848,0,0,0
05:36:14,100.26240530455269,0,0,0
05:36:15,100.26240530455269,0,0,0
05:36:16,100.2588327340346,0,0,0
05:36:17,100.25347387825752,0,0,0
05:36:18,100.2481150224804,0,0,0
05:36:19,100.2542241180663,0,0,0
05:36:20,100.25168759299848,0,0,0
05:36:21,100.23739731092616,0,0,0
05:36:22,100.23389619181845,0,0,0
05:36:23,100.22846588463098,0,0,0
05:36:24,100.2159618878177,0,0,0
05:36:25,100.2248933141129,0,0,0
05:36:26,100.21953445833576,0,0,0
05:36:27,100.22132074359482,0,0,0
05:36:28,100.2248933141129,0,0,0
05:36:29,100.23382474040808,0,0,0
05:36:30,100.22310702885387,0,0,0
05:36:31,100.22417880000928,0,0,0
05:36:32,100.2106030320406,0,0,0
05:36:33,100.22132074359482,0,0,0
05:36:34,100.23382474040808,0,0,0
05:36:35,100.23382474040808,0,0,0
05:36:36,100.22667959937192,0,0,0
05:36:37,100.23561102566713,0,0,0
05:36:38,100.2588327340346,0,0,0
05:36:39,100.258511202688,0,0,0
05:36:40,100.2670675090788,0,0,0
05:36:41,100.27848187188404,0,0,0
05:36:42,100.28384072766114,0,0,0
05:36:43,100.2856270129202,0,0,0
05:36:44,100.28205444240211,0,0,0
05:36:45,100.28026815714308,0,0,0
05:36:46,100.28033960855343,0,0,0
05:36:47,100.30170358025154,0,0,0
05:36:48,100.28384072766114,0,0,0
05:36:49,100.28384072766114,0,0,0
05:36:50,100.2856270129202,0,0,0
05:36:51,100.41066698105288,0,0,0
05:36:52,100.4553241125288,0,0,0
05:36:53,100.43210240416133,0,0,0
05:36:54,100.42495726312518,0,0,0
05:36:55,100.39280412846249,0,0,0
05:36:56,100.43210240416133,0,0,0
05:36:57,100.44639268623364,0,0,0
05:36:58,100.4312092615318,0,0,0
05:36:59,100.41602583682996,0,0,0
05:37:00,100.41066698105288,0,0,0
05:37:01,100.43031611890228,0,0,0
05:37:02,100.45889668304687,0,0,0
05:37:03,100.47854582089631,0,0,0
05:37:04,100.48658410456198,0,0,0
05:37:05,100.4791531578844,0,0,0
05:37:06,100.48390467667342,0,0,0
05:37:07,100.46068296830592,0,0,0
05:37:08,100.44121245898242,0,0,0
05:37:09,100.43388868942036,0,0,0
05:37:10,100.41602583682996,0,0,0
05:37:11,100.4070944105348,0,0,0
05:37:12,100.43031611890228,0,0,0
05:37:13,100.42852983364324,0,0,0
05:37:14,100.41513269420044,0,0,0
05:37:15,100.39637669898056,0,0,0
05:37:16,100.40352184001672,0,0,0
05:37:17,100.3892315579444,0,0,0
05:37:18,100.38030013164922,0,0,0
05:37:19,100.39637669898056,0,0,0
05:37:20,100.39459041372152,0,0,0
05:37:21,100.38208641690828,0,0,0
05:37:22,100.3892315579444,0,0,0
05:37:23,100.4731869651192,0,0,0
05:37:24,100.47497325037824,0,0,0
05:37:25,100.43710400288664,0,0,0
05:37:26,100.40352184001672,0,0,0
05:37:27,100.4026286973872,0,0,0
05:37:28,100.4410338304565,0,0,0
05:37:29,100.45711039778786,0,0,0
05:37:30,100.46068296830592,0,0,0
05:37:31,100.45353782726978,0,0,0
05:37:32,100.43924754519747,0,0,0
05:37:33,100.43746125993844,0,0,0
05:37:34,100.43835440256797,0,0,0
05:37:35,100.4731869651192,0,0,0
05:37:36,100.44460640097458,0,0,0
05:37:37,100.42317097786614,0,0,0
05:37:38,100.43031611890228,0,0,0
05:37:39,100.4356749746794,0,0,0
05:37:40,100.41066698105288,0,0,0
05:37:41,100.4070944105348,0,0,0
05:37:42,100.39637669898056,0,0,0
05:37:43,100.40530812527577,0,0,0
05:37:44,100.39459041372152,0,0,0
05:37:45,100.37136870535402,0,0,0
05:37:46,100.36422356431788,0,0,0
05:37:47,100.37315499061306,0,0,0
05:37:48,100.37672756113112,0,0,0
05:37:49,100.3838727021673,0,0,0
05:37:50,100.3892315579444,0,0,0
05:37:51,100.39101784320344,0,0,0
05:37:52,100.37494127587208,0,0,0
05:37:53,100.34636071172748,0,0,0
05:37:54,100.32135271810095,0,0,0
05:37:55,100.32313900336,0,0,0
05:37:56,100.36422356431788,0,0,0
05:37:57,100.37315499061306,0,0,0
05:37:58,100.3838727021673,0,0,0
05:37:59,100.39099998035086,0,0,0
05:38:00,100.39099998035086,0,0,0
05:38:01,100.36779613483594,0,0,0
05:38:02,100.35529213802268,0,0,0
05:38:03,100.35886470854076,0,0,0
05:38:04,100.3704934255771,0,0,0
05:38:05,100.3427881412094,0,0,0
05:38:06,100.32313900336,0,0,0
05:38:07,100.31956643284192,0,0,0
05:38:08,100.32135271810095,0,0,0
05:38:09,100.33385671491423,0,0,0
05:38:10,100.3427881412094,0,0,0
05:38:11,100.35350585276365,0,0,0
05:38:12,100.33742928543232,0,0,0
05:38:13,100.32671157387809,0,0,0
05:38:14,100.33207042965518,0,0,0
05:38:15,100.33742928543232,0,0,0
05:38:16,100.3427881412094,0,0,0
05:38:17,100.31242129180578,0,0,0
05:38:18,100.30884872128767,0,0,0
05:38:19,100.3133144344353,0,0,0
05:38:20,100.31778014758288,0,0,0
05:38:21,100.35707842328172,0,0,0
05:38:22,100.37315499061306,0,0,0
05:38:23,100.38744527268535,0,0,0
05:38:24,100.39459041372152,0,0,0
05:38:25,100.38565898742634,0,0,0
05:38:26,100.39994926949862,0,0,0
05:38:27,100.39905612686913,0,0,0
05:38:28,100.3981629842396,0,0,0
05:38:29,100.3785138463902,0,0,0
05:38:30,100.38030013164922,0,0,0
05:38:31,100.3785138463902,0,0,0
05:38:32,100.3785138463902,0,0,0
05:38:33,100.36690299220643,0,0,0
05:38:34,100.369582420095,0,0,0
05:38:35,100.38680220999213,0,0,0
05:38:36,100.38744527268535,0,0,0
05:38:37,100.38030013164922,0,0,0
05:38:38,100.37136870535402,0,0,0
05:38:39,100.3517195675046,0,0,0
05:38:40,100.36243727905884,0,0,0
05:38:41,100.35529213802268,0,0,0
05:38:42,100.35886470854076,0,0,0
05:38:43,100.35886470854076,0,0,0
05:38:44,100.3785138463902,0,0,0
05:38:45,100.39280412846249,0,0,0
05:38:46,100.3838727021673,0,0,0
05:38:47,100.37315499061306,0,0,0
05:38:48,100.36600984957693,0,0,0
05:38:49,100.37315499061306,0,0,0
05:38:50,100.35886470854076,0,0,0
05:38:51,100.36243727905884,0,0,0
05:38:52,100.34100185595038,0,0,0
05:38:53,100.35707842328172,0,0,0
05:38:54,100.3638127187083,0,0,0
05:38:55,100.3606509937998,0,0,0
05:38:56,100.35529213802268,0,0,0
05:38:57,100.34993328224556,0,0,0
05:38:58,100.3517195675046,0,0,0
05:38:59,100.35707842328172,0,0,0
05:39:00,100.35529213802268,0,0,0
05:39:01,100.32313900336,0,0,0
05:39:02,100.32313900336,0,0,0
05:39:03,100.32313900336,0,0,0
05:39:04,100.32313900336,0,0,0
05:39:05,100.33028414439616,0,0,0
05:39:06,100.33742928543232,0,0,0
05:39:07,100.33921557069134,0,0,0
05:39:08,100.33742928543232,0,0,0
05:39:09,100.33564300017328,0,0,0
05:39:10,100.34100185595038,0,0,0
05:39:11,100.35707842328172,0,0,0
05:39:12,100.35709628613432,0,0,0
05:39:13,100.35886470854076,0,0,0
05:39:14,100.35707842328172,0,0,0
05:39:15,100.35886470854076,0,0,0
05:39:16,100.35529213802268,0,0,0
05:39:17,100.35529213802268,0,0,0
05:39:18,100.35584588645298,0,0,0
05:39:19,100.33921557069134,0,0,0
05:39:20,100.3133144344353,0,0,0
05:39:21,100.25526016351654,0,0,0
05:39:22,100.24096988144424,0,0,0
05:39:23,100.21774817307674,0,0,0
05:39:24,100.22132074359482,0,0,0
05:39:25,100.22525057116472,0,0,0
05:39:26,100.23382474040808,0,0,0
05:39:27,100.23561102566713,0,0,0
05:39:28,100.2588327340346,0,0,0
05:39:29,100.26597787507076,0,0,0
05:39:30,100.24990130773944,0,0,0
05:39:31,100.26955044558886,0,0,0
05:39:32,100.24275616670327,0,0,0
05:39:33,100.26240530455269,0,0,0
05:39:34,100.25168759299848,0,0,0
05:39:35,100.2588327340346,0,0,0
05:39:36,100.27312301610694,0,0,0
05:39:37,100.31599386232384,0,0,0
05:39:38,100.30706243602864,0,0,0
05:39:39,100.31242129180578,0,0,0
05:39:40,100.32671157387809,0,0,0
05:39:41,100.29634472447442,0,0,0
05:39:42,100.31063500654672,0,0,0
05:39:43,100.31778014758288,0,0,0
05:39:44,100.2999172949925,0,0,0
05:39:45,100.29098586869732,0,0,0
05:39:46,100.27490930136597,0,0,0
05:39:47,100.28026815714308,0,0,0
05:39:48,100.29098586869732,0,0,0
05:39:49,100.30706243602864,0,0,0
05:39:50,100.29098586869732,0,0,0
05:39:51,100.29634472447442,0,0,0
05:39:52,100.31242129180578,0,0,0
05:39:53,100.3145648341166,0,0,0
05:39:54,100.30348986551056,0,0,0
05:39:55,100.31242129180578,0,0,0
05:39:56,100.32313900336,0,0,0
05:39:57,100.30706243602864,0,0,0
05:39:58,100.31063500654672,0,0,0
05:39:59,100.31242129180578,0,0,0
05:40:00,100.30616929339912,0,0,0
05:40:01,100.2999172949925,0,0,0
05:40:02,100.30348986551056,0,0,0
05:40:03,100.29813100973348,0,0,0
05:40:04,100.29902415236296,0,0,0
05:40:05,100.31063500654672,0,0,0
05:40:06,100.28741329817922,0,0,0
05:40:07,100.28026815714308,0,0,0
05:40:08,100.28919958343828,0,0,0
05:40:09,100.276695586625,0,0,0
05:40:10,100.28205444240211,0,0,0
05:40:11,100.26955044558886,0,0,0
05:40:12,100.29634472447442,0,0,0
05:40:13,100.30348986551056,0,0,0
05:40:14,100.2945584392154,0,0,0
05:40:15,100.29277215395636,0,0,0
05:40:16,100.32492528861904,0,0,0
05:40:17,100.3097418639172,0,0,0
05:40:18,100.31706563347926,0,0,0
05:40:19,100.31778014758288,0,0,0
05:40:20,100.31063500654672,0,0,0
05:40:21,100.2999172949925,0,0,0
05:40:22,100.31242129180578,0,0,0
05:40:23,100.31599386232384,0,0,0
05:40:24,100.31778014758288,0,0,0
05:40:25,100.30884872128767,0,0,0
05:40:26,100.3052761507696,0,0,0
05:40:27,100.32135271810095,0,0,0
05:40:28,100.31956643284192,0,0,0
05:40:29,100.30706243602864,0,0,0
05:40:30,100.30348986551056,0,0,0
05:40:31,100.30322192272172,0,0,0
05:40:32,100.30170358025154,0,0,0
05:40:33,100.30929529260246,0,0,0
05:40:34,100.3142075770648,0,0,0
05:40:35,100.3142075770648,0,0,0
05:40:36,100.27848187188404,0,0,0
05:40:37,100.27044358821836,0,0,0
05:40:38,100.24990130773944,0,0,0
05:40:39,100.25168759299848,0,0,0
05:40:40,100.23739731092616,0,0,0
05:40:41,100.23203845514904,0,0,0
05:40:42,100.23025216989,0,0,0
05:40:43,100.20345789100443,0,0,0
05:40:44,100.1748773268598,0,0,0
05:40:45,100.19809903522732,0,0,0
05:40:46,100.19491944746623,0,0,0
05:40:47,100.20524417626348,0,0,0
05:40:48,100.20704832437512,0,0,0
05:40:49,100.2159618878177,0,0,0
05:40:50,100.2106030320406,0,0,0
05:40:51,100.18380875315502,0,0,0
05:40:52,100.1873813236731,0,0,0
05:40:53,100.19184703682068,0,0,0
05:40:54,100.2016716057454,0,0,0
05:40:55,100.19899217785684,0,0,0
05:40:56,100.20703046152252,0,0,0
05:40:57,100.20703046152252,0,0,0
05:40:58,100.20881674678157,0,0,0
05:40:59,100.21417560255868,0,0,0
05:41:00,100.20345789100443,0,0,0
05:41:01,100.20524417626348,0,0,0
05:41:02,100.21417560255868,0,0,0
05:41:03,100.21417560255868,0,0,0
05:41:04,100.2016716057454,0,0,0
05:41:05,100.22132074359482,0,0,0
05:41:06,100.23382474040808,0,0,0
05:41:07,100.24990130773944,0,0,0
05:41:08,100.25168759299848,0,0,0
05:41:09,100.26061901929366,0,0,0
05:41:10,100.26955044558886,0,0,0
05:41:11,100.26240530455269,0,0,0
05:41:12,100.26597787507076,0,0,0
05:41:13,100.26553130375602,0,0,0
05:41:14,100.25526016351654,0,0,0
05:41:15,100.27490930136597,0,0,0
05:41:16,100.276695586625,0,0,0
05:41:17,100.28205444240211,0,0,0
05:41:18,100.29098586869732,0,0,0
05:41:19,100.2945584392154,0,0,0
05:41:20,100.26061901929366,0,0,0
05:41:21,100.25704644877558,0,0,0
05:41:22,100.27133673084788,0,0,0
05:41:23,100.27848187188404,0,0,0
05:41:24,100.2632984471822,0,0,0
05:41:25,100.25347387825752,0,0,0
05:41:26,100.22846588463098,0,0,0
05:41:27,100.21774817307674,0,0,0
05:41:28,100.21417560255868,0,0,0
05:41:29,100.21953445833576,0,0,0
05:41:30,100.21417560255868,0,0,0
05:41:31,100.2106030320406,0,0,0
05:41:32,100.20524417626348,0,0,0
05:41:33,100.19809903522732,0,0,0
05:41:34,100.19809903522732,0,0,0
05:41:35,100.18916760893214,0,0,0
05:41:36,100.2016716057454,0,0,0
05:41:37,100.2106030320406,0,0,0
05:41:38,100.21278230005662,0,0,0
05:41:39,100.22132074359482,0,0,0
05:41:40,100.20703046152252,0,0,0
05:41:41,100.21953445833576,0,0,0
05:41:42,100.2106030320406,0,0,0
05:41:43,100.22667959937192,0,0,0
05:41:44,100.21953445833576,0,0,0
05:41:45,100.22846588463098,0,0,0
05:41:46,100.23561102566713,0,0,0
05:41:47,100.2481150224804,0,0,0
05:41:48,100.24990130773944,0,0,0
05:41:49,100.24275616670327,0,0,0
05:41:50,100.24988344488683,0,0,0
05:41:51,100.24096988144424,0,0,0
05:41:52,100.22846588463098,0,0,0
05:41:53,100.23382474040808,0,0,0
05:41:54,100.24990130773944,0,0,0
05:41:55,100.25347387825752,0,0,0
05:41:56,100.22901963306128,0,0,0
05:41:57,100.22882314168278,0,0,0
05:41:58,100.2248933141129,0,0,0
05:41:59,100.2380403736194,0,0,0
05:42:00,100.2106030320406,0,0,0
05:42:01,100.19988532048636,0,0,0
05:42:02,100.18916760893214,0,0,0
05:42:03,100.1748773268598,0,0,0
05:42:04,100.17666361211886,0,0,0
05:42:05,100.18827446630262,0,0,0
05:42:06,100.19095389419115,0,0,0
05:42:07,100.19988532048636,0,0,0
05:42:08,100.19809903522732,0,0,0
05:42:09,100.19452646470924,0,0,0
05:42:10,100.15880075952848,0,0,0
05:42:11,100.15344190375136,0,0,0
05:42:12,100.12730855041164,0,0,0
05:42:13,100.1485653449942,0,0,0
05:42:14,100.16237333004656,0,0,0
05:42:15,100.15701447426946,0,0,0
05:42:16,100.1641596153056,0,0,0
05:42:17,100.17666361211886,0,0,0
05:42:18,100.1945979161196,0,0,0
05:42:19,100.18559503841406,0,0,0
05:42:20,100.18559503841406,0,0,0
05:42:21,100.18559503841406,0,0,0
05:42:22,100.18561290126664,0,0,0
05:42:23,100.18916760893214,0,0,0
05:42:24,100.182022467896,0,0,0
05:42:25,100.16594590056464,0,0,0
05:42:26,100.16773218582368,0,0,0
05:42:27,100.17666361211886,0,0,0
05:42:28,100.18023618263696,0,0,0
05:42:29,100.20345789100443,0,0,0
05:42:30,100.2007784631159,0,0,0
05:42:31,100.19631274996829,0,0,0
05:42:32,100.2016716057454,0,0,0
05:42:33,100.21953445833576,0,0,0
05:42:34,100.2106030320406,0,0,0
05:42:35,100.2106030320406,0,0,0
05:42:36,100.21054944348282,0,0,0
05:42:37,100.23203845514904,0,0,0
05:42:38,100.23025216989,0,0,0
05:42:39,100.22667959937192,0,0,0
05:42:40,100.22310702885387,0,0,0
05:42:41,100.2248933141129,0,0,0
05:42:42,100.23382474040808,0,0,0
05:42:43,100.22132074359482,0,0,0
05:42:44,100.2204276009653,0,0,0
05:42:45,100.2204276009653,0,0,0
05:42:46,100.23025216989,0,0,0
05:42:47,100.21953445833576,0,0,0
05:42:48,100.22667959937192,0,0,0
05:42:49,100.19809903522732,0,0,0
05:42:50,100.19095389419115,0,0,0
05:42:51,100.18916760893214,0,0,0
05:42:52,100.18916760893214,0,0,0
05:42:53,100.19095389419115,0,0,0
05:42:54,100.1927401794502,0,0,0
05:42:55,100.1927401794502,0,0,0
05:42:56,100.21774817307674,0,0,0
05:42:57,100.21774817307674,0,0,0
05:42:58,100.2106030320406,0,0,0
05:42:59,100.2106030320406,0,0,0
05:43:00,100.21417560255868,0,0,0
05:43:01,100.21417560255868,0,0,0
05:43:02,100.1927401794502,0,0,0
05:43:03,100.19631274996829,0,0,0
05:43:04,100.1927401794502,0,0,0
05:43:05,100.1927401794502,0,0,0
05:43:06,100.19452646470924,0,0,0
05:43:07,100.18380875315502,0,0,0
05:43:08,100.1748773268598,0,0,0
05:43:09,100.17130475634174,0,0,0
05:43:10,100.16237333004656,0,0,0
05:43:11,100.15880075952848,0,0,0
05:43:12,100.16683904319416,0,0,0
05:43:13,100.15701447426946,0,0,0
05:43:14,100.16594590056464,0,0,0
05:43:15,100.15880075952848,0,0,0
05:43:16,100.14451047745618,0,0,0
05:43:17,100.13736533642005,0,0,0
05:43:18,100.1409379069381,0,0,0
05:43:19,100.14986933323328,0,0,0
05:43:20,100.14986933323328,0,0,0
05:43:21,100.13379276590196,0,0,0
05:43:22,100.14751143669136,0,0,0
05:43:23,100.15344190375136,0,0,0
05:43:24,100.1266476248658,0,0,0
05:43:25,100.10699848701636,0,0,0
05:43:26,100.0980670607212,0,0,0
05:43:27,100.09985334598022,0,0,0
05:43:28,100.1034259164983,0,0,0
05:43:29,100.10074648860974,0,0,0
05:43:30,100.09628077546216,0,0,0
05:43:31,100.09628077546216,0,0,0
05:43:32,100.09270820494407,0,0,0
05:43:33,100.0980491978686,0,0,0
05:43:34,100.08734934916694,0,0,0
05:43:35,100.07484535235368,0,0,0
05:43:36,100.0694864965766,0,0,0
05:43:37,100.08556306390793,0,0,0
05:43:38,100.08734934916694,0,0,0
05:43:39,100.08734934916694,0,0,0
05:43:40,100.08824249179648,0,0,0
05:43:41,100.08734934916694,0,0,0
05:43:42,100.09628077546216,0,0,0
05:43:43,100.08736721201956,0,0,0
05:43:44,100.0980670607212,0,0,0
05:43:45,100.08199049338984,0,0,0
05:43:46,100.08556306390793,0,0,0
05:43:47,100.0824370647046,0,0,0
05:43:48,100.0824370647046,0,0,0
05:43:49,100.0694864965766,0,0,0
05:43:50,100.089135634426,0,0,0
05:43:51,100.0880281375654,0,0,0
05:43:52,100.09810278642637,0,0,0
05:43:53,100.09092191968504,0,0,0
05:43:54,100.07663163761272,0,0,0
05:43:55,100.08199049338984,0,0,0
05:43:56,100.089135634426,0,0,0
05:43:57,100.08556306390793,0,0,0
05:43:58,100.07877517992355,0,0,0
05:43:59,100.08361601297555,0,0,0
05:44:00,100.07127278183562,0,0,0
05:44:01,100.07305906709466,0,0,0
05:44:02,100.06591392605851,0,0,0
05:44:03,100.07484535235368,0,0,0
05:44:04,100.08734934916694,0,0,0
05:44:05,100.06412764079946,0,0,0
05:44:06,100.07127278183562,0,0,0
05:44:07,100.0623413555404,0,0,0
05:44:08,100.07305906709466,0,0,0
05:44:09,100.07752478024224,0,0,0
05:44:10,100.07127278183562,0,0,0
05:44:11,100.07663163761272,0,0,0
05:44:12,100.05876878502234,0,0,0
05:44:13,100.06861121679964,0,0,0
05:44:14,100.06251998406634,0,0,0
05:44:15,100.03056334078217,0,0,0
05:44:16,100.03554707665484,0,0,0
05:44:17,100.01768422406448,0,0,0
05:44:18,99.98910365991986,0,0,0
05:44:19,100.0051802272512,0,0,0
05:44:20,99.98731737466082,0,0,0
05:44:21,99.99714194358552,0,0,0
05:44:22,100.0051802272512,0,0,0
05:44:23,100.01232536828736,0,0,0
05:44:24,100.0141116535464,0,0,0
05:44:25,100.01589793880542,0,0,0
05:44:26,99.996248800956,0,0,0
05:44:27,99.9962666638086,0,0,0
05:44:28,100.01475471623964,0,0,0
05:44:29,99.9998213714741,0,0,0
05:44:30,99.98910365991986,0,0,0
05:44:31,99.97838594836564,0,0,0
05:44:32,99.98731737466082,0,0,0
05:44:33,99.97124080732948,0,0,0
05:44:34,99.97302709258852,0,0,0
05:44:35,99.98374480414276,0,0,0
05:44:36,99.98374480414276,0,0,0
05:44:37,100.01768422406448,0,0,0
05:44:38,100.03108136350724,0,0,0
05:44:39,100.04090593243195,0,0,0
05:44:40,100.04983735872716,0,0,0
05:44:41,100.03911964717292,0,0,0
05:44:42,100.04090593243195,0,0,0
05:44:43,100.03911964717292,0,0,0
05:44:44,100.05519621450428,0,0,0
05:44:45,100.05519621450428,0,0,0
05:44:46,100.04447850295006,0,0,0
05:44:47,100.01589793880542,0,0,0
05:44:48,99.98731737466082,0,0,0
05:44:49,99.97838594836564,0,0,0
05:44:50,99.996248800956,0,0,0
05:44:51,99.99088994517888,0,0,0
05:44:52,99.98195851888372,0,0,0
05:44:53,99.98910365991986,0,0,0
05:44:54,99.9998213714741,0,0,0
05:44:55,99.9998213714741,0,0,0
05:44:56,99.99714194358552,0,0,0
05:44:57,99.99805294906764,0,0,0
05:44:58,100.00875279776928,0,0,0
05:44:59,100.0194705093235,0,0,0
05:45:00,99.98731737466082,0,0,0
05:45:01,99.96230938103427,0,0,0
05:45:02,99.9587368105162,0,0,0
05:45:03,99.96632852286712,0,0,0
05:45:04,99.97302709258852,0,0,0
05:45:05,99.96259018507702,0,0,0
05:45:06,99.99446251569697,0,0,0
05:45:07,99.98374480414276,0,0,0
05:45:08,99.98731737466082,0,0,0
05:45:09,99.97481337784754,0,0,0
05:45:10,99.96230938103427,0,0,0
05:45:11,99.97481337784754,0,0,0
05:45:12,99.96409566629332,0,0,0
05:45:13,99.96230938103427,0,0,0
05:45:14,99.96588195155236,0,0,0
05:45:15,99.96230938103427,0,0,0
05:45:16,99.96141623840477,0,0,0
05:45:17,99.9444465284439,0,0,0
05:45:18,99.97124080732948,0,0,0
05:45:19,99.97124080732948,0,0,0
05:45:20,99.9587368105162,0,0,0
05:45:21,99.95695052525718,0,0,0
05:45:22,99.9635362017502,0,0,0
05:45:23,99.95159166948004,0,0,0
05:45:24,99.94087395792585,0,0,0
05:45:25,99.91229339378124,0,0,0
05:45:26,99.89978939696796,0,0,0
05:45:27,99.8926442559318,0,0,0
05:45:28,99.89443054119084,0,0,0
05:45:29,99.89175111330228,0,0,0
05:45:30,99.89800311170892,0,0,0
05:45:31,99.91207903955014,0,0,0
05:45:32,99.91407967904028,0,0,0
05:45:33,99.92302896818804,0,0,0
05:45:34,99.9214034486023,0,0,0
05:45:35,99.90336196748602,0,0,0
05:45:36,99.89800311170892,0,0,0
05:45:37,99.88907168541373,0,0,0
05:45:38,99.90872082326314,0,0,0
05:45:39,99.88549911489564,0,0,0
05:45:40,99.89443054119084,0,0,0
05:45:41,99.89800311170892,0,0,0
05:45:42,99.87656768860046,0,0,0
05:45:43,99.88192654437756,0,0,0
05:45:44,99.88014025911852,0,0,0
05:45:45,99.88610645188372,0,0,0
05:45:46,99.8937874784976,0,0,0
05:45:47,99.88192654437756,0,0,0
05:45:48,99.9069345380041,0,0,0
05:45:49,99.92477952774188,0,0,0
05:45:50,99.92556549325587,0,0,0
05:45:51,99.91229339378124,0,0,0
05:45:52,99.90514825274506,0,0,0
05:45:53,99.9105071085222,0,0,0
05:45:54,99.90872082326314,0,0,0
05:45:55,99.9069345380041,0,0,0
05:45:56,99.90872082326314,0,0,0
05:45:57,99.90872082326314,0,0,0
05:45:58,99.91765224955832,0,0,0
05:45:59,99.90514825274506,0,0,0
05:46:00,99.91765224955832,0,0,0
05:46:01,99.92301110533543,0,0,0
05:46:02,99.93194253163064,0,0,0
05:46:03,99.9105071085222,0,0,0
05:46:04,99.93551510214871,0,0,0
05:46:05,99.93998081529632,0,0,0
05:46:06,99.94176710055535,0,0,0
05:46:07,99.93372881688968,0,0,0
05:46:08,99.90872082326314,0,0,0
05:46:09,99.93551510214871,0,0,0
05:46:10,99.93372881688968,0,0,0
05:46:11,99.94087395792585,0,0,0
05:46:12,99.93194253163064,0,0,0
05:46:13,99.9390876726668,0,0,0
05:46:14,99.9390876726668,0,0,0
05:46:15,99.9390876726668,0,0,0
05:46:16,99.93730138740776,0,0,0
05:46:17,99.92301110533543,0,0,0
05:46:18,99.95337795473908,0,0,0
05:46:19,99.96052309577526,0,0,0
05:46:20,99.95534286852404,0,0,0
05:46:21,99.96588195155236,0,0,0
05:46:22,99.97302709258852,0,0,0
05:46:23,99.96427429481923,0,0,0
05:46:24,99.96407780344074,0,0,0
05:46:25,99.9695259734808,0,0,0
05:46:26,99.95159166948004,0,0,0
05:46:27,99.94801909896198,0,0,0
05:46:28,99.95784366788668,0,0,0
05:46:29,99.96052309577526,0,0,0
05:46:30,99.96230938103427,0,0,0
05:46:31,99.95695052525718,0,0,0
05:46:32,99.95159166948004,0,0,0
05:46:33,99.95159166948004,0,0,0
05:46:34,99.949805384221,0,0,0
05:46:35,99.96052309577526,0,0,0
05:46:36,99.96588195155236,0,0,0
05:46:37,99.96945452207044,0,0,0
05:46:38,99.949805384221,0,0,0
05:46:39,99.949805384221,0,0,0
05:46:40,99.9587368105162,0,0,0
05:46:41,99.9609875299426,0,0,0
05:46:42,99.96409566629332,0,0,0
05:46:43,99.96945452207044,0,0,0
05:46:44,99.9587368105162,0,0,0
05:46:45,99.9587368105162,0,0,0
05:46:46,99.98195851888372,0,0,0
05:46:47,99.9765996631066,0,0,0
05:46:48,99.9765996631066,0,0,0
05:46:49,99.98017223362469,0,0,0
05:46:50,99.98374480414276,0,0,0
05:46:51,99.98910365991986,0,0,0
05:46:52,99.98910365991986,0,0,0
05:46:53,99.99446251569697,0,0,0
05:46:54,99.9855310894018,0,0,0
05:46:55,99.9998213714741,0,0,0
05:46:56,99.9998213714741,0,0,0
05:46:57,100.00875279776928,0,0,0
05:46:58,100.0194705093235,0,0,0
05:46:59,100.0284019356187,0,0,0
05:47:00,100.0230430798416,0,0,0
05:47:01,100.03018822087772,0,0,0
05:47:02,100.0230430798416,0,0,0
05:47:03,100.01053908302832,0,0,0
05:47:04,100.0284019356187,0,0,0
05:47:05,100.0284019356187,0,0,0
05:47:06,100.03179587761088,0,0,0
05:47:07,99.9998213714741,0,0,0
05:47:08,100.0051802272512,0,0,0
05:47:09,99.9855310894018,0,0,0
05:47:10,99.96588195155236,0,0,0
05:47:11,99.96681081988709,0,0,0
05:47:12,99.96305962084308,0,0,0
05:47:13,99.96305962084308,0,0,0
05:47:14,99.96305962084308,0,0,0
05:47:15,99.97093713883544,0,0,0
05:47:16,99.9676682368114,0,0,0
05:47:17,99.97481337784754,0,0,0
05:47:18,99.98195851888372,0,0,0
05:47:19,99.99535565832647,0,0,0
05:47:20,99.99267623043794,0,0,0
05:47:21,99.99088994517888,0,0,0
05:47:22,100.0051802272512,0,0,0
05:47:23,100.00785965513975,0,0,0
05:47:24,100.00339394199216,0,0,0
05:47:25,99.99088994517888,0,0,0
05:47:26,99.96945452207044,0,0,0
05:47:27,99.95695052525718,0,0,0
05:47:28,99.949805384221,0,0,0
05:47:29,99.94801909896198,0,0,0
05:47:30,99.94801909896198,0,0,0
05:47:31,99.95337795473908,0,0,0
05:47:32,99.95337795473908,0,0,0
05:47:33,99.94623281370292,0,0,0
05:47:34,99.95695052525718,0,0,0
05:47:35,99.94737603626872,0,0,0
05:47:36,99.94623281370292,0,0,0
05:47:37,99.94623281370292,0,0,0
05:47:38,99.94623281370292,0,0,0
05:47:39,99.94801909896198,0,0,0
05:47:40,99.9444465284439,0,0,0
05:47:41,99.93730138740776,0,0,0
05:47:42,99.96052309577526,0,0,0
05:47:43,99.96856137944091,0,0,0
05:47:44,99.96409566629332,0,0,0
05:47:45,99.96945452207044,0,0,0
05:47:46,99.9765996631066,0,0,0
05:47:47,99.98017223362469,0,0,0
05:47:48,99.9765996631066,0,0,0
05:47:49,99.97838594836564,0,0,0
05:47:50,99.9855310894018,0,0,0
05:47:51,99.9765996631066,0,0,0
05:47:52,99.9855310894018,0,0,0
05:47:53,99.9855310894018,0,0,0
05:47:54,99.95516423999814,0,0,0
05:47:55,99.97070492175176,0,0,0
05:47:56,99.97124080732948,0,0,0
05:47:57,99.9676682368114,0,0,0
05:47:58,99.96945452207044,0,0,0
05:47:59,99.97302709258852,0,0,0
05:48:00,99.97481337784754,0,0,0
05:48:01,99.97838594836564,0,0,0
05:48:02,99.99267623043794,0,0,0
05:48:03,99.98195851888372,0,0,0
05:48:04,99.98374480414276,0,0,0
05:48:05,99.99267623043794,0,0,0
05:48:06,99.98195851888372,0,0,0
05:48:07,99.9676682368114,0,0,0
05:48:08,99.96588195155236,0,0,0
05:48:09,99.9676682368114,0,0,0
05:48:10,99.94801909896198,0,0,0
05:48:11,99.949805384221,0,0,0
05:48:12,99.9444465284439,0,0,0
05:48:13,99.9444465284439,0,0,0
05:48:14,99.94801909896198,0,0,0
05:48:15,99.9390876726668,0,0,0
05:48:16,99.94266024318487,0,0,0
05:48:17,99.95337795473908,0,0,0
05:48:18,99.95337795473908,0,0,0
05:48:19,99.95337795473908,0,0,0
05:48:20,99.9489122415915,0,0,0
05:48:21,99.94801909896198,0,0,0
05:48:22,99.96230938103427,0,0,0
05:48:23,99.98261944442956,0,0,0
05:48:24,99.98017223362469,0,0,0
05:48:25,99.98017223362469,0,0,0
05:48:26,99.97406313803876,0,0,0
05:48:27,99.9765996631066,0,0,0
05:48:28,99.9810653762542,0,0,0
05:48:29,99.97481337784754,0,0,0
05:48:30,99.97302709258852,0,0,0
05:48:31,99.9587368105162,0,0,0
05:48:32,99.96588195155236,0,0,0
05:48:33,99.96945452207044,0,0,0
05:48:34,99.9676682368114,0,0,0
05:48:35,99.96409566629332,0,0,0
05:48:36,99.96275595234904,0,0,0
05:48:37,99.97034766469996,0,0,0
05:48:38,99.96409566629332,0,0,0
05:48:39,99.97124080732948,0,0,0
05:48:40,99.96945452207044,0,0,0
05:48:41,99.96498880892284,0,0,0
05:48:42,99.96498880892284,0,0,0
05:48:43,99.96588195155236,0,0,0
05:48:44,99.97124080732948,0,0,0
05:48:45,99.97481337784754,0,0,0
05:48:46,99.9676682368114,0,0,0
05:48:47,99.9676682368114,0,0,0
05:48:48,99.96945452207044,0,0,0
05:48:49,99.97302709258852,0,0,0
05:48:50,99.97302709258852,0,0,0
05:48:51,99.96677509418188,0,0,0
05:48:52,99.97124080732948,0,0,0
05:48:53,99.97481337784754,0,0,0
05:48:54,99.98017223362469,0,0,0
05:48:55,99.98017223362469,0,0,0
05:48:56,99.9855310894018,0,0,0
05:48:57,99.98195851888372,0,0,0
05:48:58,99.9855310894018,0,0,0
05:48:59,99.9855310894018,0,0,0
05:49:00,99.996248800956,0,0,0
05:49:01,99.99267623043794,0,0,0
05:49:02,100.02125679458256,0,0,0
05:49:03,99.996248800956,0,0,0
05:49:04,99.99803508621504,0,0,0
05:49:05,100.00160765673311,0,0,0
05:49:06,100.00160765673311,0,0,0
05:49:07,100.00339394199216,0,0,0
05:49:08,99.996248800956,0,0,0
05:49:09,99.97195532143309,0,0,0
05:49:10,99.9676682368114,0,0,0
05:49:11,99.96409566629332,0,0,0
05:49:12,99.9765996631066,0,0,0
05:49:13,99.98017223362469,0,0,0
05:49:14,99.99267623043794,0,0,0
05:49:15,99.99267623043794,0,0,0
05:49:16,100.00696651251025,0,0,0
05:49:17,100.0284019356187,0,0,0
05:49:18,100.02125679458256,0,0,0
05:49:19,100.02482936510064,0,0,0
05:49:20,100.02482936510064,0,0,0
05:49:21,100.03197450613678,0,0,0
05:49:22,100.03183160331604,0,0,0
05:49:23,100.04626478820909,0,0,0
05:49:24,100.06591392605851,0,0,0
05:49:25,100.0802042081308,0,0,0
05:49:26,100.09092191968504,0,0,0
05:49:27,100.0702010106802,0,0,0
05:49:28,100.06591392605851,0,0,0
05:49:29,100.08199049338984,0,0,0
05:49:30,100.09270820494407,0,0,0
05:49:31,100.08377677864888,0,0,0
05:49:32,100.08556306390793,0,0,0
05:49:33,100.07484535235368,0,0,0
05:49:34,100.06412764079946,0,0,0
05:49:35,100.06055507028138,0,0,0
05:49:36,100.06055507028138,0,0,0
05:49:37,100.06412764079946,0,0,0
05:49:38,100.07127278183562,0,0,0
05:49:39,100.08556306390793,0,0,0
05:49:40,100.09449449020312,0,0,0
05:49:41,100.08199049338984,0,0,0
05:49:42,100.07127278183562,0,0,0
05:49:43,100.08556306390793,0,0,0
05:49:44,100.09092191968504,0,0,0
05:49:45,100.08556306390793,0,0,0
05:49:46,100.08377677864888,0,0,0
05:49:47,100.08556306390793,0,0,0
05:49:48,100.09092191968504,0,0,0
05:49:49,100.10521220175734,0,0,0
05:49:50,100.1087847722754,0,0,0
05:49:51,100.1123573427935,0,0,0
05:49:52,100.11057105753449,0,0,0
05:49:53,100.1177161985706,0,0,0
05:49:54,100.12307505434772,0,0,0
05:49:55,100.1320064806429,0,0,0
05:49:56,100.1087847722754,0,0,0
05:49:57,100.11414362805252,0,0,0
05:49:58,100.1123573427935,0,0,0
05:49:59,100.1034259164983,0,0,0
05:50:00,100.08554520105533,0,0,0
05:50:01,100.10163963123928,0,0,0
05:50:02,100.11414362805252,0,0,0
05:50:03,100.09985334598022,0,0,0
05:50:04,100.07127278183562,0,0,0
05:50:05,100.07305906709466,0,0,0
05:50:06,100.08199049338984,0,0,0
05:50:07,100.08377677864888,0,0,0
05:50:08,100.04447850295006,0,0,0
05:50:09,100.0516236439862,0,0,0
05:50:10,100.05524980306204,0,0,0
05:50:11,100.06591392605851,0,0,0
05:50:12,100.06591392605851,0,0,0
05:50:13,100.05876878502234,0,0,0
05:50:14,100.04162044653556,0,0,0
05:50:15,100.0516236439862,0,0,0
05:50:16,100.05040897001004,0,0,0
05:50:17,100.0623413555404,0,0,0
05:50:18,100.03197450613678,0,0,0
05:50:19,100.03197450613678,0,0,0
05:50:20,100.0230430798416,0,0,0
05:50:21,100.02393622247112,0,0,0
05:50:22,100.042692217691,0,0,0
05:50:23,100.04090593243195,0,0,0
05:50:24,100.0284019356187,0,0,0
05:50:25,100.0284019356187,0,0,0
05:50:26,100.04447850295006,0,0,0
05:50:27,100.08199049338984,0,0,0
05:50:28,100.09092191968504,0,0,0
05:50:29,100.09092191968504,0,0,0
05:50:30,100.09092191968504,0,0,0
05:50:31,100.09985334598022,0,0,0
05:50:32,100.0980670607212,0,0,0
05:50:33,100.1266476248658,0,0,0
05:50:34,100.1087847722754,0,0,0
05:50:35,100.11146420016398,0,0,0
05:50:36,100.11057105753449,0,0,0
05:50:37,100.1123573427935,0,0,0
05:50:38,100.1123573427935,0,0,0
05:50:39,100.10431905912782,0,0,0
05:50:40,100.08288363601936,0,0,0
05:50:41,100.07127278183562,0,0,0
05:50:42,100.07305906709466,0,0,0
05:50:43,100.07127278183562,0,0,0
05:50:44,100.06859335394708,0,0,0
05:50:45,100.06680706868804,0,0,0
05:50:46,100.0703796392061,0,0,0
05:50:47,100.07395220972415,0,0,0
05:50:48,100.08556306390793,0,0,0
05:50:49,100.07931106550129,0,0,0
05:50:50,100.0846699212784,0,0,0
05:50:51,100.08377677864888,0,0,0
05:50:52,100.08734934916694,0,0,0
05:50:53,100.09181506231457,0,0,0
05:50:54,100.10699848701636,0,0,0
05:50:55,100.12396819697724,0,0,0
05:50:56,100.12128876908868,0,0,0
05:50:57,100.11950248382963,0,0,0
05:50:58,100.13468590853148,0,0,0
05:50:59,100.15522818901042,0,0,0
05:51:00,100.15701447426946,0,0,0
05:51:01,100.16594590056464,0,0,0
05:51:02,100.15701447426946,0,0,0
05:51:03,100.14451047745618,0,0,0
05:51:04,100.15165561849231,0,0,0
05:51:05,100.16594590056464,0,0,0
05:51:06,100.14737692941137,0,0,0
05:51:07,100.14737692941137,0,0,0
05:51:08,100.16058704478752,0,0,0
05:51:09,100.16146232456444,0,0,0
05:51:10,100.15701447426946,0,0,0
05:51:11,100.14808304797424,0,0,0
05:51:12,100.1409379069381,0,0,0
05:51:13,100.1409379069381,0,0,0
05:51:14,100.14808304797424,0,0,0
05:51:15,100.16594590056464,0,0,0
05:51:16,100.18023618263696,0,0,0
05:51:17,100.18916760893214,0,0,0
05:51:18,100.18559503841406,0,0,0
05:51:19,100.17666361211886,0,0,0
05:51:20,100.16951847108272,0,0,0
05:51:21,100.1748773268598,0,0,0
05:51:22,100.16594590056464,0,0,0
05:51:23,100.17491305256502,0,0,0
05:51:24,100.18023618263696,0,0,0
05:51:25,100.17668147497146,0,0,0
05:51:26,100.1829156105255,0,0,0
05:51:27,100.18559503841406,0,0,0
05:51:28,100.19452646470924,0,0,0
05:51:29,100.182022467896,0,0,0
05:51:30,100.17309104160078,0,0,0
05:51:31,100.16237333004656,0,0,0
05:51:32,100.15165561849231,0,0,0
05:51:33,100.13022019538388,0,0,0
05:51:34,100.12128876908868,0,0,0
05:51:35,100.1177161985706,0,0,0
05:51:36,100.1177161985706,0,0,0
05:51:37,100.1177161985706,0,0,0
05:51:38,100.12486133960677,0,0,0
05:51:39,100.12307505434772,0,0,0
05:51:40,100.12757649320052,0,0,0
05:51:41,100.11057105753449,0,0,0
05:51:42,100.11414362805252,0,0,0
05:51:43,100.08734934916694,0,0,0
05:51:44,100.07752478024224,0,0,0
05:51:45,100.07663163761272,0,0,0
05:51:46,100.07127278183562,0,0,0
05:51:47,100.06770021131754,0,0,0
05:51:48,100.06412764079946,0,0,0
05:51:49,100.07305906709466,0,0,0
05:51:50,100.06591392605851,0,0,0
05:51:51,100.0623413555404,0,0,0
05:51:52,100.07484535235368,0,0,0
05:51:53,100.07484535235368,0,0,0
05:51:54,100.07127278183562,0,0,0
05:51:55,100.07663163761272,0,0,0
05:51:56,100.07484535235368,0,0,0
05:51:57,100.07663163761272,0,0,0
05:51:58,100.07841792287176,0,0,0
05:51:59,100.03733336191388,0,0,0
05:52:00,100.03911964717292,0,0,0
05:52:01,100.04983735872716,0,0,0
05:52:02,100.05340992924523,0,0,0
05:52:03,100.05876878502234,0,0,0
05:52:04,100.04983735872716,0,0,0
05:52:05,100.03018822087772,0,0,0
05:52:06,100.03018822087772,0,0,0
05:52:07,100.0141116535464,0,0,0
05:52:08,100.01232536828736,0,0,0
05:52:09,100.02125679458256,0,0,0
05:52:10,100.0284019356187,0,0,0
05:52:11,100.02482936510064,0,0,0
05:52:12,100.04626478820909,0,0,0
05:52:13,100.03197450613678,0,0,0
05:52:14,100.03197450613678,0,0,0
05:52:15,100.042692217691,0,0,0
05:52:16,100.06412764079946,0,0,0
05:52:17,100.08193690483208,0,0,0
05:52:18,100.07127278183562,0,0,0
05:52:19,100.08734934916694,0,0,0
05:52:20,100.0802042081308,0,0,0
05:52:21,100.0802042081308,0,0,0
05:52:22,100.08556306390793,0,0,0
05:52:23,100.1034259164983,0,0,0
05:52:24,100.089135634426,0,0,0
05:52:25,100.09270820494407,0,0,0
05:52:26,100.13022019538388,0,0,0
05:52:27,100.1462967627152,0,0,0
05:52:28,100.135579051161,0,0,0
05:52:29,100.13711525648375,0,0,0
05:52:30,100.13022019538388,0,0,0
05:52:31,100.13379276590196,0,0,0
05:52:32,100.13379276590196,0,0,0
05:52:33,100.14213471806168,0,0,0
05:52:34,100.14272419219714,0,0,0
05:52:35,100.13825847904955,0,0,0
05:52:36,100.1123573427935,0,0,0
05:52:37,100.11950248382963,0,0,0
05:52:38,100.11592991331158,0,0,0
05:52:39,100.09270820494407,0,0,0
05:52:40,100.08556306390793,0,0,0
05:52:41,100.0516236439862,0,0,0
05:52:42,100.05698249976332,0,0,0
05:52:43,100.06770021131754,0,0,0
05:52:44,100.06412764079946,0,0,0
05:52:45,100.0516236439862,0,0,0
05:52:46,100.05340992924523,0,0,0
05:52:47,100.0627879268552,0,0,0
05:52:48,100.0657352975326,0,0,0
05:52:49,100.04626478820909,0,0,0
05:52:50,100.0345110312046,0,0,0
05:52:51,100.0284019356187,0,0,0
05:52:52,100.03554707665484,0,0,0
05:52:53,100.0284019356187,0,0,0
05:52:54,100.03554707665484,0,0,0
05:52:55,100.02125679458256,0,0,0
05:52:56,100.01232536828736,0,0,0
05:52:57,100.0051802272512,0,0,0
05:52:58,100.0051802272512,0,0,0
05:52:59,100.01053908302832,0,0,0
05:53:00,100.0051802272512,0,0,0
05:53:01,99.98910365991986,0,0,0
05:53:02,99.97838594836564,0,0,0
05:53:03,99.9855310894018,0,0,0
05:53:04,99.98195851888372,0,0,0
05:53:05,99.97481337784754,0,0,0
05:53:06,99.97838594836564,0,0,0
05:53:07,99.9855310894018,0,0,0
05:53:08,99.98195851888372,0,0,0
05:53:09,99.96945452207044,0,0,0
05:53:10,99.96230938103427,0,0,0
05:53:11,99.96230938103427,0,0,0
05:53:12,99.9444465284439,0,0,0
05:53:13,99.94623281370292,0,0,0
05:53:14,99.9390876726668,0,0,0
05:53:15,99.9444465284439,0,0,0
05:53:16,99.94801909896198,0,0,0
05:53:17,99.92658367585352,0,0,0
05:53:18,99.88549911489564,0,0,0
05:53:19,99.87120883282334,0,0,0
05:53:20,99.8729951180824,0,0,0
05:53:21,99.87835397385948,0,0,0
05:53:22,99.88817854278422,0,0,0
05:53:23,99.89085797067276,0,0,0
05:53:24,99.89800311170892,0,0,0
05:53:25,99.90514825274506,0,0,0
05:53:26,99.901575682227,0,0,0
05:53:27,99.90604139537456,0,0,0
05:53:28,99.91943853481736,0,0,0
05:53:29,99.9301562463716,0,0,0
05:53:30,99.91943853481736,0,0,0
05:53:31,99.90872082326314,0,0,0
05:53:32,99.9212248200764,0,0,0
05:53:33,99.9212248200764,0,0,0
05:53:34,99.93512211939174,0,0,0
05:53:35,99.9212248200764,0,0,0
05:53:36,99.90872082326314,0,0,0
05:53:37,99.901575682227,0,0,0
05:53:38,99.88192654437756,0,0,0
05:53:39,99.89621682644989,0,0,0
05:53:40,99.87835397385948,0,0,0
05:53:41,99.87120883282334,0,0,0
05:53:42,99.86942254756433,0,0,0
05:53:43,99.86584997704624,0,0,0
05:53:44,99.83725155004905,0,0,0
05:53:45,99.8462008391968,0,0,0
05:53:46,99.82119284557028,0,0,0
05:53:47,99.83369684238352,0,0,0
05:53:48,99.81226141927507,0,0,0
05:53:49,99.81940656031122,0,0,0
05:53:50,99.808688848757,0,0,0
05:53:51,99.81404770453412,0,0,0
05:53:52,99.81047513401604,0,0,0
05:53:53,99.82833798660644,0,0,0
05:53:54,99.82833798660644,0,0,0
05:53:55,99.8176202750522,0,0,0
05:53:56,99.80650958074098,0,0,0
05:53:57,99.82476541608835,0,0,0
05:53:58,99.82297913082932,0,0,0
05:53:59,99.81047513401604,0,0,0
05:54:00,99.7890397109076,0,0,0
05:54:01,99.80690256349796,0,0,0
05:54:02,99.8220859881998,0,0,0
05:54:03,99.84084198341968,0,0,0
05:54:04,99.8372694129016,0,0,0
05:54:05,99.8319105571245,0,0,0
05:54:06,99.84262826867874,0,0,0
05:54:07,99.84441455393778,0,0,0
05:54:08,99.86406369178718,0,0,0
05:54:09,99.86942254756433,0,0,0
05:54:10,99.88014025911852,0,0,0
05:54:11,99.87835397385948,0,0,0
05:54:12,99.88549911489564,0,0,0
05:54:13,99.8837128296366,0,0,0
05:54:14,99.88192654437756,0,0,0
05:54:15,99.87835397385948,0,0,0
05:54:16,99.87478140334142,0,0,0
05:54:17,99.86942254756433,0,0,0
05:54:18,99.8685294049348,0,0,0
05:54:19,99.88014025911852,0,0,0
05:54:20,99.88192654437756,0,0,0
05:54:21,99.88907168541373,0,0,0
05:54:22,99.88439161803504,0,0,0
05:54:23,99.86584997704624,0,0,0
05:54:24,99.8604911212691,0,0,0
05:54:25,99.86942254756433,0,0,0
05:54:26,99.87120883282334,0,0,0
05:54:27,99.84888026708536,0,0,0
05:54:28,99.83905569816064,0,0,0
05:54:29,99.83280369975402,0,0,0
05:54:30,99.8220859881998,0,0,0
05:54:31,99.8265517013474,0,0,0
05:54:32,99.85155969497391,0,0,0
05:54:33,99.86584997704624,0,0,0
05:54:34,99.855132265492,0,0,0
05:54:35,99.85334598023296,0,0,0
05:54:36,99.87120883282334,0,0,0
05:54:37,99.88907168541373,0,0,0
05:54:38,99.89978939696796,0,0,0
05:54:39,99.89621682644989,0,0,0
05:54:40,99.89444840404344,0,0,0
05:54:41,99.8872854001547,0,0,0
05:54:42,99.88192654437756,0,0,0
05:54:43,99.86584997704624,0,0,0
05:54:44,99.87835397385948,0,0,0
05:54:45,99.87478140334142,0,0,0
05:54:46,99.89085797067276,0,0,0
05:54:47,99.88907168541373,0,0,0
05:54:48,99.8926442559318,0,0,0
05:54:49,99.89800311170892,0,0,0
05:54:50,99.8971099690794,0,0,0
05:54:51,99.89800311170892,0,0,0
05:54:52,99.901575682227,0,0,0
05:54:53,99.9158659642993,0,0,0
05:54:54,99.91407967904028,0,0,0
05:54:55,99.90872082326314,0,0,0
05:54:56,99.90872082326314,0,0,0
05:54:57,99.90872082326314,0,0,0
05:54:58,99.90514825274506,0,0,0
05:54:59,99.92301110533543,0,0,0
05:55:00,99.9114002511517,0,0,0
05:55:01,99.91057855993252,0,0,0
05:55:02,99.90514825274506,0,0,0
05:55:03,99.90514825274506,0,0,0
05:55:04,99.92301110533543,0,0,0
05:55:05,99.9105071085222,0,0,0
05:55:06,99.901575682227,0,0,0
05:55:07,99.90872082326314,0,0,0
05:55:08,99.91407967904028,0,0,0
05:55:09,99.9212248200764,0,0,0
05:55:10,99.89978939696796,0,0,0
05:55:11,99.9069345380041,0,0,0
05:55:12,99.901575682227,0,0,0
05:55:13,99.90872082326314,0,0,0
05:55:14,99.9158659642993,0,0,0
05:55:15,99.949805384221,0,0,0
05:55:16,99.9390876726668,0,0,0
05:55:17,99.93730138740776,0,0,0
05:55:18,99.94087395792585,0,0,0
05:55:19,99.94623281370292,0,0,0
05:55:20,99.9444465284439,0,0,0
05:55:21,99.95159166948004,0,0,0
05:55:22,99.949805384221,0,0,0
05:55:23,99.94623281370292,0,0,0
05:55:24,99.949805384221,0,0,0
05:55:25,99.95159166948004,0,0,0
05:55:26,99.94801909896198,0,0,0
05:55:27,99.9158659642993,0,0,0
05:55:28,99.92301110533543,0,0,0
05:55:29,99.93372881688968,0,0,0
05:55:30,99.94266024318487,0,0,0
05:55:31,99.94176710055535,0,0,0
05:55:32,99.95695052525718,0,0,0
05:55:33,99.97481337784754,0,0,0
05:55:34,99.9587368105162,0,0,0
05:55:35,99.95516423999814,0,0,0
05:55:36,99.9676682368114,0,0,0
05:55:37,99.97124080732948,0,0,0
05:55:38,99.9765996631066,0,0,0
05:55:39,99.98017223362469,0,0,0
05:55:40,99.99446251569697,0,0,0
05:55:41,99.9855310894018,0,0,0
05:55:42,99.96588195155236,0,0,0
05:55:43,99.97481337784754,0,0,0
05:55:44,99.97481337784754,0,0,0
05:55:45,99.96052309577526,0,0,0
05:55:46,99.97481337784754,0,0,0
05:55:47,99.97481337784754,0,0,0
05:55:48,99.97302709258852,0,0,0
05:55:49,99.97124080732948,0,0,0
05:55:50,99.9765996631066,0,0,0
05:55:51,99.9765996631066,0,0,0
05:55:52,99.98910365991986,0,0,0
05:55:53,99.98821051729034,0,0,0
05:55:54,99.98195851888372,0,0,0
05:55:55,99.99265836758536,0,0,0
05:55:56,99.9855310894018,0,0,0
05:55:57,99.97481337784754,0,0,0
05:55:58,99.96409566629332,0,0,0
05:55:59,99.96588195155236,0,0,0
05:56:00,99.96052309577526,0,0,0
05:56:01,99.97302709258852,0,0,0
05:56:02,99.96052309577526,0,0,0
05:56:03,99.97722486294724,0,0,0
05:56:04,99.97124080732948,0,0,0
05:56:05,99.96677509418188,0,0,0
05:56:06,99.99714194358552,0,0,0
05:56:07,99.99267623043794,0,0,0
05:56:08,99.99356937306744,0,0,0
05:56:09,100.0085205806856,0,0,0
05:56:10,100.01645168723572,0,0,0
05:56:11,100.00160765673311,0,0,0
05:56:12,99.99267623043794,0,0,0
05:56:13,100.00339394199216,0,0,0
05:56:14,100.00875279776928,0,0,0
05:56:15,100.0051802272512,0,0,0
05:56:16,100.01232536828736,0,0,0
05:56:17,100.01393302502048,0,0,0
05:56:18,100.01053908302832,0,0,0
05:56:19,100.01589793880542,0,0,0
05:56:20,100.0284019356187,0,0,0
05:56:21,100.0284019356187,0,0,0
05:56:22,100.01321851091689,0,0,0
05:56:23,100.0194705093235,0,0,0
05:56:24,100.01589793880542,0,0,0
05:56:25,99.98731737466082,0,0,0
05:56:26,99.98731737466082,0,0,0
05:56:27,100.01589793880542,0,0,0
05:56:28,100.01768422406448,0,0,0
05:56:29,100.0284019356187,0,0,0
05:56:30,100.03552921380226,0,0,0
05:56:31,100.02036365195302,0,0,0
05:56:32,100.02661565035967,0,0,0
05:56:33,100.03197450613678,0,0,0
05:56:34,100.03733336191388,0,0,0
05:56:35,100.03911964717292,0,0,0
05:56:36,100.03018822087772,0,0,0
05:56:37,100.03903033290996,0,0,0
05:56:38,100.02661565035967,0,0,0
05:56:39,100.0337607913958,0,0,0
05:56:40,100.03911964717292,0,0,0
05:56:41,100.05212380385872,0,0,0
05:56:42,100.04821183914144,0,0,0
05:56:43,100.0518379982173,0,0,0
05:56:44,100.0536600091815,0,0,0
05:56:45,100.0518379982173,0,0,0
05:56:46,100.04840833051992,0,0,0
05:56:47,100.05698249976332,0,0,0
05:56:48,100.06412764079946,0,0,0
05:56:49,100.0523381580898,0,0,0
05:56:50,100.04090593243195,0,0,0
05:56:51,100.0337607913958,0,0,0
05:56:52,100.02125679458256,0,0,0
05:56:53,100.02302521698898,0,0,0
05:56:54,100.01321851091689,0,0,0
05:56:55,100.02123893172995,0,0,0
05:56:56,100.0141116535464,0,0,0
05:56:57,100.00696651251025,0,0,0
05:56:58,100.00696651251025,0,0,0
05:56:59,100.01589793880542,0,0,0
05:57:00,100.03197450613678,0,0,0
05:57:01,100.0284019356187,0,0,0
05:57:02,100.02482936510064,0,0,0
05:57:03,100.0319566432842,0,0,0
05:57:04,100.0337607913958,0,0,0
05:57:05,100.04090593243195,0,0,0
05:57:06,100.0382265045434,0,0,0
05:57:07,100.03197450613678,0,0,0
05:57:08,100.03197450613678,0,0,0
05:57:09,100.03197450613678,0,0,0
05:57:10,100.0337607913958,0,0,0
05:57:11,100.0337607913958,0,0,0
05:57:12,100.02661565035967,0,0,0
05:57:13,100.03197450613678,0,0,0
05:57:14,100.03197450613678,0,0,0
05:57:15,100.04304947474282,0,0,0
05:57:16,100.051980901038,0,0,0
05:57:17,100.04805107346812,0,0,0
05:57:18,100.03197450613678,0,0,0
05:57:19,100.00878852347444,0,0,0
05:57:20,100.01589793880542,0,0,0
05:57:21,100.0051802272512,0,0,0
05:57:22,100.0194705093235,0,0,0
05:57:23,100.0337607913958,0,0,0
05:57:24,100.04090593243195,0,0,0
05:57:25,100.05340992924523,0,0,0
05:57:26,100.04983735872716,0,0,0
05:57:27,100.042692217691,0,0,0
05:57:28,100.04447850295006,0,0,0
05:57:29,100.05060546138854,0,0,0
05:57:30,100.05698249976332,0,0,0
05:57:31,100.05698249976332,0,0,0
05:57:32,100.06412764079946,0,0,0
05:57:33,100.05869733361196,0,0,0
05:57:34,100.04805107346812,0,0,0
05:57:35,100.05519621450428,0,0,0
05:57:36,100.05519621450428,0,0,0
05:57:37,100.06055507028138,0,0,0
05:57:38,100.06055507028138,0,0,0
05:57:39,100.06055507028138,0,0,0
05:57:40,100.042692217691,0,0,0
05:57:41,100.03554707665484,0,0,0
05:57:42,100.04090593243195,0,0,0
05:57:43,100.03554707665484,0,0,0
05:57:44,100.0194705093235,0,0,0
05:57:45,100.0194705093235,0,0,0
05:57:46,100.03084914642358,0,0,0
05:57:47,100.042692217691,0,0,0
05:57:48,100.03733336191388,0,0,0
05:57:49,100.03018822087772,0,0,0
05:57:50,100.03018822087772,0,0,0
05:57:51,100.0337607913958,0,0,0
05:57:52,100.0337607913958,0,0,0
05:57:53,100.0230430798416,0,0,0
05:57:54,100.0194705093235,0,0,0
05:57:55,100.02482936510064,0,0,0
05:57:56,100.03733336191388,0,0,0
05:57:57,100.0337607913958,0,0,0
05:57:58,100.0337607913958,0,0,0
05:57:59,100.03018822087772,0,0,0
05:58:00,100.0516236439862,0,0,0
05:58:01,100.04805107346812,0,0,0
05:58:02,100.03724404765092,0,0,0
05:58:03,100.04179907506148,0,0,0
05:58:04,100.03733336191388,0,0,0
05:58:05,100.05876878502234,0,0,0
05:58:06,100.06770021131754,0,0,0
05:58:07,100.0694864965766,0,0,0
05:58:08,100.05503544883096,0,0,0
05:58:09,100.02929507824824,0,0,0
05:58:10,100.0141116535464,0,0,0
05:58:11,100.00875279776928,0,0,0
05:58:12,100.01053908302832,0,0,0
05:58:13,100.01089634008012,0,0,0
05:58:14,100.0051802272512,0,0,0
05:58:15,100.00160765673311,0,0,0
05:58:16,100.0051802272512,0,0,0
05:58:17,100.01768422406448,0,0,0
05:58:18,100.01230750543476,0,0,0
05:58:19,100.01589793880542,0,0,0
05:58:20,100.01589793880542,0,0,0
05:58:21,100.01948837217611,0,0,0
05:58:22,100.02125679458256,0,0,0
05:58:23,100.0141116535464,0,0,0
05:58:24,100.00339394199216,0,0,0
05:58:25,99.9998213714741,0,0,0
05:58:26,99.99803508621504,0,0,0
05:58:27,100.0051802272512,0,0,0
05:58:28,99.98910365991986,0,0,0
05:58:29,99.98285166151324,0,0,0
05:58:30,99.99088994517888,0,0,0
05:58:31,100.00160765673311,0,0,0
05:58:32,100.00160765673311,0,0,0
05:58:33,99.97481337784754,0,0,0
05:58:34,99.96230938103427,0,0,0
05:58:35,99.96588195155236,0,0,0
05:58:36,99.97124080732948,0,0,0
05:58:37,99.972133949959,0,0,0
05:58:38,99.97124080732948,0,0,0
05:58:39,99.97124080732948,0,0,0
05:58:40,99.97481337784754,0,0,0
05:58:41,99.9855310894018,0,0,0
05:58:42,99.97838594836564,0,0,0
05:58:43,99.97481337784754,0,0,0
05:58:44,99.97113363021394,0,0,0
05:58:45,99.96945452207044,0,0,0
05:58:46,99.97124080732948,0,0,0
05:58:47,99.9765996631066,0,0,0
05:58:48,99.96409566629332,0,0,0
05:58:49,99.96409566629332,0,0,0
05:58:50,99.95695052525718,0,0,0
05:58:51,99.95516423999814,0,0,0
05:58:52,99.96945452207044,0,0,0
05:58:53,99.98195851888372,0,0,0
05:58:54,99.97481337784754,0,0,0
05:58:55,99.996248800956,0,0,0
05:58:56,99.9676682368114,0,0,0
05:58:57,99.95784366788668,0,0,0
05:58:58,99.94801909896198,0,0,0
05:58:59,99.95516423999814,0,0,0
05:59:00,99.96890077364012,0,0,0
05:59:01,99.9743668065328,0,0,0
05:59:02,99.9998213714741,0,0,0
05:59:03,99.98999680254936,0,0,0
05:59:04,99.99446251569697,0,0,0
05:59:05,99.99088994517888,0,0,0
05:59:06,99.984780849593,0,0,0
05:59:07,99.98374480414276,0,0,0
05:59:08,99.94801909896198,0,0,0
05:59:09,99.94087395792585,0,0,0
05:59:10,99.95069852685052,0,0,0
05:59:11,99.94801909896198,0,0,0
05:59:12,99.9765996631066,0,0,0
05:59:13,99.949805384221,0,0,0
05:59:14,99.9442857627706,0,0,0
05:59:15,99.9301562463716,0,0,0
05:59:16,99.92301110533543,0,0,0
05:59:17,99.9212248200764,0,0,0
05:59:18,99.92301110533543,0,0,0
05:59:19,99.9301562463716,0,0,0
05:59:20,99.92836996111257,0,0,0
05:59:21,99.94087395792585,0,0,0
05:59:22,99.94801909896198,0,0,0
05:59:23,99.96409566629332,0,0,0
05:59:24,99.98195851888372,0,0,0
05:59:25,99.9765996631066,0,0,0
05:59:26,99.9810653762542,0,0,0
05:59:27,99.98017223362469,0,0,0
05:59:28,99.98731737466082,0,0,0
05:59:29,99.98910365991986,0,0,0
05:59:30,99.98374480414276,0,0,0
05:59:31,99.94930522434848,0,0,0
05:59:32,99.96945452207044,0,0,0
05:59:33,99.96588195155236,0,0,0
05:59:34,99.98195851888372,0,0,0
05:59:35,99.98374480414276,0,0,0
05:59:36,99.98821051729034,0,0,0
05:59:37,99.9775285314413,0,0,0
05:59:38,99.97481337784754,0,0,0
05:59:39,99.95337795473908,0,0,0
05:59:40,99.94801909896198,0,0,0
05:59:41,99.96054095862785,0,0,0
05:59:42,99.97674256592732,0,0,0
05:59:43,99.97838594836564,0,0,0
05:59:44,99.98374480414276,0,0,0
05:59:45,99.9676682368114,0,0,0
05:59:46,99.97124080732948,0,0,0
05:59:47,99.97124080732948,0,0,0
05:59:48,99.94801909896198,0,0,0
05:59:49,99.92481525344706,0,0,0
05:59:50,99.93194253163064,0,0,0
05:59:51,99.93551510214871,0,0,0
05:59:52,99.93551510214871,0,0,0
05:59:53,99.9301562463716,0,0,0
05:59:54,99.9390876726668,0,0,0
05:59:55,99.9212248200764,0,0,0
05:59:56,99.92836996111257,0,0,0
05:59:57,99.92658367585352,0,0,0
05:59:58,99.92658367585352,0,0,0
05:59:59,99.91229339378124,0,0,0
06:00:00,99.91522290160604,0,1,0
06:00:01,99.9212248200764,0,0,0
06:00:02,99.91497282166978,0,0,0
06:00:03,99.92479739059448,0,0,0
06:00:04,99.89443054119084,0,0,0
06:00:05,99.8837128296366,0,0,0
06:00:06,99.8926442559318,0,0,0
06:00:07,99.88907168541373,0,0,0
06:00:08,99.88907168541373,0,0,0
06:00:09,99.90336196748602,0,0,0
06:00:10,99.91322226211592,0,0,0
06:00:11,99.9444465284439,0,0,0
06:00:12,99.94801909896198,0,0,0
06:00:13,99.9535387204124,0,0,0
06:00:14,99.94623281370292,0,0,0
06:00:15,99.93915912407716,0,0,0
06:00:16,99.9444465284439,0,0,0
06:00:17,99.94801909896198,0,0,0
06:00:18,99.97922550243736,0,0,0
06:00:19,99.97124080732948,0,0,0
06:00:20,99.93194253163064,0,0,0
06:00:21,99.9439285057188,0,0,0
06:00:22,99.93998081529632,0,0,0
06:00:23,99.93998081529632,0,0,0
06:00:24,99.95695052525718,0,0,0
06:00:25,99.96588195155236,0,0,0
06:00:26,99.96945452207044,0,0,0
06:00:27,99.96588195155236,0,0,0
06:00:28,99.9676682368114,0,0,0
06:00:29,99.95516423999814,0,0,0
06:00:30,99.95516423999814,0,0,0
06:00:31,99.96052309577526,0,0,0
06:00:32,99.96686440844483,0,0,0
06:00:33,99.96588195155236,0,0,0
06:00:34,99.97302709258852,0,0,0
06:00:35,99.97481337784754,0,0,0
06:00:36,99.9587368105162,0,0,0
06:00:37,99.96052309577526,0,0,0
06:00:38,99.99446251569697,0,0,0
06:00:39,99.99916044592824,0,0,0
06:00:40,100.00250079936264,0,0,0
06:00:41,99.9998213714741,0,0,0
06:00:42,100.00160765673311,0,0,0
06:00:43,100.00696651251025,0,0,0
06:00:44,99.95337795473908,0,0,0
06:00:45,99.9587368105162,0,0,0
06:00:46,99.96052309577526,0,0,0
06:00:47,99.96409566629332,0,0,0
06:00:48,99.96409566629332,0,0,0
06:00:49,99.96407780344074,0,0,0
06:00:50,99.95695052525718,0,0,0
06:00:51,99.9587546733688,0,0,0
06:00:52,99.9765996631066,0,0,0
06:00:53,99.99446251569697,0,0,0
06:00:54,99.99446251569697,0,0,0
06:00:55,99.99446251569697,0,0,0
06:00:56,99.996248800956,0,0,0
06:00:57,99.99446251569697,0,0,0
06:00:58,99.99446251569697,0,0,0
06:00:59,99.99803508621504,0,0,0
06:01:00,99.996248800956,0,0,0
06:01:01,99.99446251569697,0,0,0
06:01:02,99.99803508621504,0,0,0
06:01:03,99.9855310894018,0,0,0
06:01:04,99.96588195155236,0,0,0
06:01:05,99.96230938103427,0,0,0
06:01:06,99.95695052525718,0,0,0
06:01:07,99.95695052525718,0,0,0
06:01:08,99.95516423999814,0,0,0
06:01:09,99.9444465284439,0,0,0
06:01:10,99.94266024318487,0,0,0
06:01:11,99.95516423999814,0,0,0
06:01:12,99.95159166948004,0,0,0
06:01:13,99.95337795473908,0,0,0
06:01:14,99.97481337784754,0,0,0
06:01:15,99.98017223362469,0,0,0
06:01:16,99.99088994517888,0,0,0
06:01:17,99.98195851888372,0,0,0
06:01:18,99.99707049217518,0,0,0
06:01:19,99.98195851888372,0,0,0
06:01:20,99.96409566629332,0,0,0
06:01:21,99.97570652047706,0,0,0
06:01:22,99.99446251569697,0,0,0
06:01:23,99.99267623043794,0,0,0
06:01:24,99.99678468653372,0,0,0
06:01:25,99.99678468653372,0,0,0
06:01:26,99.99267623043794,0,0,0
06:01:27,100.0141116535464,0,0,0
06:01:28,100.0141116535464,0,0,0
06:01:29,100.01053908302832,0,0,0
06:01:30,100.0141116535464,0,0,0
06:01:31,100.01768422406448,0,0,0
06:01:32,100.00339394199216,0,0,0
06:01:33,100.0284019356187,0,0,0
06:01:34,100.02482936510064,0,0,0
06:01:35,100.03197450613678,0,0,0
06:01:36,100.03199236898936,0,0,0
06:01:37,100.03733336191388,0,0,0
06:01:38,100.02482936510064,0,0,0
06:01:39,100.0284019356187,0,0,0
06:01:40,100.0284019356187,0,0,0
06:01:41,100.0284019356187,0,0,0
06:01:42,100.0284019356187,0,0,0
06:01:43,100.0284019356187,0,0,0
06:01:44,100.0194705093235,0,0,0
06:01:45,100.02482936510064,0,0,0
06:01:46,100.0194705093235,0,0,0
06:01:47,100.02661565035967,0,0,0
06:01:48,100.02838407276612,0,0,0
06:01:49,100.0230430798416,0,0,0
06:01:50,100.03074196930804,0,0,0
06:01:51,100.0284019356187,0,0,0
06:01:52,100.0284019356187,0,0,0
06:01:53,100.02661565035967,0,0,0
06:01:54,100.0230430798416,0,0,0
06:01:55,100.02482936510064,0,0,0
06:01:56,100.02482936510064,0,0,0
06:01:57,100.042692217691,0,0,0
06:01:58,100.02482936510064,0,0,0
06:01:59,100.02929507824824,0,0,0
06:02:00,100.01591580165804,0,0,0
06:02:01,99.99803508621504,0,0,0
06:02:02,100.00482297019938,0,0,0
06:02:03,99.98374480414276,0,0,0
06:02:04,99.99267623043794,0,0,0
06:02:05,99.98374480414276,0,0,0
06:02:06,99.99446251569697,0,0,0
06:02:07,99.9864242320313,0,0,0
06:02:08,99.99088994517888,0,0,0
06:02:09,99.95337795473908,0,0,0
06:02:10,99.949805384221,0,0,0
06:02:11,99.9676682368114,0,0,0
06:02:12,99.93551510214871,0,0,0
06:02:13,99.9587368105162,0,0,0
06:02:14,99.96259518667571,0,0,0
06:02:15,99.95159166948004,0,0,0
06:02:16,99.95337795473908,0,0,0
06:02:17,99.95695052525718,0,0,0
06:02:18,99.96052309577526,0,0,0
06:02:19,99.98194065603111,0,0,0
06:02:20,99.996248800956,0,0,0
06:02:21,100.01232536828736,0,0,0
06:02:22,99.9998213714741,0,0,0
06:02:23,99.96052309577526,0,0,0
06:02:24,99.96052309577526,0,0,0
06:02:25,99.97838594836564,0,0,0
06:02:26,99.97765357140943,0,0,0
06:02:27,99.97838594836564,0,0,0
06:02:28,99.9855310894018,0,0,0
06:02:29,99.98731737466082,0,0,0
06:02:30,99.9998213714741,0,0,0
06:02:31,100.00339394199216,0,0,0
06:02:32,100.03911964717292,0,0,0
06:02:33,100.04090593243195,0,0,0
06:02:34,100.03520768245563,0,0,0
06:02:35,100.02661565035967,0,0,0
06:02:36,100.01768422406448,0,0,0
06:02:37,100.00160765673311,0,0,0
06:02:38,100.02125679458256,0,0,0
06:02:39,100.02125679458256,0,0,0
06:02:40,99.996248800956,0,0,0
06:02:41,100.0096459403988,0,0,0
06:02:42,100.01589793880542,0,0,0
06:02:43,100.00607336988072,0,0,0
06:02:44,100.01053908302832,0,0,0
06:02:45,99.99803508621504,0,0,0
06:02:46,99.97838594836564,0,0,0
06:02:47,99.99446251569697,0,0,0
06:02:48,99.98910365991986,0,0,0
06:02:49,99.98910365991986,0,0,0
06:02:50,99.98910365991986,0,0,0
06:02:51,100.00160765673311,0,0,0
06:02:52,99.9919974420395,0,0,0
06:02:53,99.97124080732948,0,0,0
06:02:54,99.96945452207044,0,0,0
06:02:55,99.96945452207044,0,0,0
06:02:56,99.97913618817444,0,0,0
06:02:57,99.9855132265492,0,0,0
06:02:58,99.98195851888372,0,0,0
06:02:59,99.98017223362469,0,0,0
06:03:00,99.99088994517888,0,0,0
06:03:01,99.97481337784754,0,0,0
06:03:02,99.99088994517888,0,0,0
06:03:03,99.97838594836564,0,0,0
06:03:04,99.97302709258852,0,0,0
06:03:05,99.97838594836564,0,0,0
06:03:06,99.97838594836564,0,0,0
06:03:07,99.99088994517888,0,0,0
06:03:08,100.00160765673311,0,0,0
06:03:09,100.00160765673311,0,0,0
06:03:10,100.02125679458256,0,0,0
06:03:11,100.02750879298918,0,0,0
06:03:12,100.01589793880542,0,0,0
06:03:13,100.01053908302832,0,0,0
06:03:14,99.9998213714741,0,0,0
06:03:15,100.00875279776928,0,0,0
06:03:16,100.00158979388053,0,0,0
06:03:17,100.00875279776928,0,0,0
06:03:18,100.00160765673311,0,0,0
06:03:19,100.00696651251025,0,0,0
06:03:20,100.00160765673311,0,0,0
06:03:21,100.00696651251025,0,0,0
06:03:22,100.0230430798416,0,0,0
06:03:23,100.0230430798416,0,0,0
06:03:24,100.02482936510064,0,0,0
06:03:25,100.0230430798416,0,0,0
06:03:26,100.03733336191388,0,0,0
06:03:27,100.0284019356187,0,0,0
06:03:28,100.0230430798416,0,0,0
06:03:29,100.02482936510064,0,0,0
06:03:30,100.0337607913958,0,0,0
06:03:31,100.00071451410362,0,0,0
06:03:32,100.00044657131474,0,0,0
06:03:33,99.99803508621504,0,0,0
06:03:34,100.0141116535464,0,0,0
06:03:35,100.01589793880542,0,0,0
06:03:36,100.0141116535464,0,0,0
06:03:37,99.99803508621504,0,0,0
06:03:38,99.97481337784754,0,0,0
06:03:39,99.97838594836564,0,0,0
06:03:40,99.97838594836564,0,0,0
06:03:41,99.98195851888372,0,0,0
06:03:42,99.98320891856504,0,0,0
06:03:43,99.97302709258852,0,0,0
06:03:44,99.97302709258852,0,0,0
06:03:45,99.98017223362469,0,0,0
06:03:46,99.96945452207044,0,0,0
06:03:47,99.93551510214871,0,0,0
06:03:48,99.94087395792585,0,0,0
06:03:49,99.93730138740776,0,0,0
06:03:50,99.94087395792585,0,0,0
06:03:51,99.91407967904028,0,0,0
06:03:52,99.93819453003728,0,0,0
06:03:53,99.89800311170892,0,0,0
06:03:54,99.89085797067276,0,0,0
06:03:55,99.89800311170892,0,0,0
06:03:56,99.901575682227,0,0,0
06:03:57,99.91943853481736,0,0,0
06:03:58,99.91943853481736,0,0,0
06:03:59,99.91943853481736,0,0,0
06:04:00,99.90872082326314,0,0,0
06:04:01,99.89978939696796,0,0,0
06:04:02,99.91943853481736,0,0,0
06:04:03,99.92479739059448,0,0,0
06:04:04,99.95516423999814,0,0,0
06:04:05,99.9676682368114,0,0,0
06:04:06,99.96230938103427,0,0,0
06:04:07,99.96409566629332,0,0,0
06:04:08,99.95337795473908,0,0,0
06:04:09,99.949805384221,0,0,0
06:04:10,99.9444465284439,0,0,0
06:04:11,99.9444465284439,0,0,0
06:04:12,99.94623281370292,0,0,0
06:04:13,99.96230938103427,0,0,0
06:04:14,99.97124080732948,0,0,0
06:04:15,100.00339394199216,0,0,0
06:04:16,100.00696651251025,0,0,0
06:04:17,100.00875279776928,0,0,0
06:04:18,100.01589793880542,0,0,0
06:04:19,100.03018822087772,0,0,0
06:04:20,100.02482936510064,0,0,0
06:04:21,100.01768422406448,0,0,0
06:04:22,100.0230430798416,0,0,0
06:04:23,100.01232536828736,0,0,0
06:04:24,100.03197450613678,0,0,0
06:04:25,100.03197450613678,0,0,0
06:04:26,100.02661565035967,0,0,0
06:04:27,100.0319566432842,0,0,0
06:04:28,100.01232536828736,0,0,0
06:04:29,100.03197450613678,0,0,0
06:04:30,100.02125679458256,0,0,0
06:04:31,100.0194705093235,0,0,0
06:04:32,100.03197450613678,0,0,0
06:04:33,100.01589793880542,0,0,0
06:04:34,100.01768422406448,0,0,0
06:04:35,100.01768422406448,0,0,0
06:04:36,100.01597224827222,0,0,0
06:04:37,100.01597224827222,0,0,0
06:04:38,100.02661565035967,0,0,0
06:04:39,100.03554707665484,0,0,0
06:04:40,100.02482936510064,0,0,0
06:04:41,100.04805107346812,0,0,0
06:04:42,100.05876878502234,0,0,0
06:04:43,100.04447850295006,0,0,0
06:04:44,100.04983735872716,0,0,0
06:04:45,100.05698249976332,0,0,0
06:04:46,100.05251678661573,0,0,0
06:04:47,100.08199049338984,0,0,0
06:04:48,100.0790788484176,0,0,0
06:04:49,100.07127278183562,0,0,0
06:04:50,100.04447850295006,0,0,0
06:04:51,100.03391834175568,0,0,0
06:04:52,100.04090593243195,0,0,0
06:04:53,100.04090593243195,0,0,0
06:04:54,100.05876878502234,0,0,0
06:04:55,100.05251678661573,0,0,0
06:04:56,100.042692217691,0,0,0
06:04:57,100.03733336191388,0,0,0
06:04:58,100.0284019356187,0,0,0
06:04:59,100.03771223301732,0,0,0
06:05:00,100.0337607913958,0,0,0
06:05:01,100.03018822087772,0,0,0
06:05:02,100.03911964717292,0,0,0
06:05:03,100.05340992924523,0,0,0
06:05:04,100.05340992924523,0,0,0
06:05:05,100.07127278183562,0,0,0
06:05:06,100.0575362481936,0,0,0
06:05:07,100.04687212519715,0,0,0
06:05:08,100.03911964717292,0,0,0
06:05:09,100.042692217691,0,0,0
06:05:10,100.07841792287176,0,0,0
06:05:11,100.07127278183562,0,0,0
06:05:12,100.0683611368634,0,0,0
06:05:13,100.06591392605851,0,0,0
06:05:14,100.05876878502234,0,0,0
06:05:15,100.06412764079946,0,0,0
06:05:16,100.06412764079946,0,0,0
06:05:17,100.06412764079946,0,0,0
06:05:18,100.06768234846494,0,0,0
06:05:19,100.04090593243195,0,0,0
06:05:20,100.03197450613678,0,0,0
06:05:21,100.03197450613678,0,0,0
06:05:22,100.01768422406448,0,0,0
06:05:23,100.0141116535464,0,0,0
06:05:24,100.00875279776928,0,0,0
06:05:25,99.99446251569697,0,0,0
06:05:26,99.99267623043794,0,0,0
06:05:27,99.9855310894018,0,0,0
06:05:28,99.9676682368114,0,0,0
06:05:29,99.96945452207044,0,0,0
06:05:30,99.97481337784754,0,0,0
06:05:31,99.9765996631066,0,0,0
06:05:32,99.9301562463716,0,0,0
06:05:33,99.9212248200764,0,0,0
06:05:34,99.94176710055535,0,0,0
06:05:35,99.94801909896198,0,0,0
06:05:36,99.96947238492302,0,0,0
06:05:37,99.9765996631066,0,0,0
06:05:38,99.98017223362469,0,0,0
06:05:39,99.96230938103427,0,0,0
06:05:40,99.96402421488295,0,0,0
06:05:41,99.95695052525718,0,0,0
06:05:42,99.94087395792585,0,0,0
06:05:43,99.93730138740776,0,0,0
06:05:44,99.95055562402985,0,0,0
06:05:45,99.95055562402985,0,0,0
06:05:46,99.9765996631066,0,0,0
06:05:47,99.97942199381586,0,0,0
06:05:48,99.98195851888372,0,0,0
06:05:49,99.98195851888372,0,0,0
06:05:50,100.01768422406448,0,0,0
06:05:51,100.01589793880542,0,0,0
06:05:52,100.01232536828736,0,0,0
06:05:53,100.0194705093235,0,0,0
06:05:54,100.0230430798416,0,0,0
06:05:55,100.01589793880542,0,0,0
06:05:56,100.0194705093235,0,0,0
06:05:57,100.01839873816807,0,0,0
06:05:58,100.0194705093235,0,0,0
06:05:59,100.03018822087772,0,0,0
06:06:00,100.0230430798416,0,0,0
06:06:01,100.01589793880542,0,0,0
06:06:02,100.01589793880542,0,0,0
06:06:03,100.01143222565784,0,0,0
06:06:04,100.02125679458256,0,0,0
06:06:05,100.02125679458256,0,0,0
06:06:06,100.03197450613678,0,0,0
06:06:07,100.0284019356187,0,0,0
06:06:08,100.04090593243195,0,0,0
06:06:09,100.042692217691,0,0,0
06:06:10,100.04447850295006,0,0,0
06:06:11,100.0560893571338,0,0,0
06:06:12,100.04983735872716,0,0,0
06:06:13,100.05876878502234,0,0,0
06:06:14,100.05519621450428,0,0,0
06:06:15,100.06055507028138,0,0,0
06:06:16,100.06591392605851,0,0,0
06:06:17,100.05519621450428,0,0,0
06:06:18,100.06412764079946,0,0,0
06:06:19,100.042692217691,0,0,0
06:06:20,100.0284019356187,0,0,0
06:06:21,100.02661565035967,0,0,0
06:06:22,100.0284019356187,0,0,0
06:06:23,99.98731737466082,0,0,0
06:06:24,99.99742774922696,0,0,0
06:06:25,99.99088994517888,0,0,0
06:06:26,99.99803508621504,0,0,0
06:06:27,100.00339394199216,0,0,0
06:06:28,100.00160765673311,0,0,0
06:06:29,99.99892822884458,0,0,0
06:06:30,99.99892822884458,0,0,0
06:06:31,100.00339394199216,0,0,0
06:06:32,99.99803508621504,0,0,0
06:06:33,100.01232536828736,0,0,0
06:06:34,100.00696651251025,0,0,0
06:06:35,100.01232536828736,0,0,0
06:06:36,100.00875279776928,0,0,0
06:06:37,99.98017223362469,0,0,0
06:06:38,99.98194065603111,0,0,0
06:06:39,99.97124080732948,0,0,0
06:06:40,99.96945452207044,0,0,0
06:06:41,99.9444465284439,0,0,0
06:06:42,99.96052309577526,0,0,0
06:06:43,99.95516423999814,0,0,0
06:06:44,99.9632025236638,0,0,0
06:06:45,99.9632025236638,0,0,0
06:06:46,99.96588195155236,0,0,0
06:06:47,99.96052309577526,0,0,0
06:06:48,99.9587368105162,0,0,0
06:06:49,99.9542889602212,0,0,0
06:06:50,99.95962995314574,0,0,0
06:06:51,99.96052309577526,0,0,0
06:06:52,99.94087395792585,0,0,0
06:06:53,99.9587368105162,0,0,0
06:06:54,99.95159166948004,0,0,0
06:06:55,99.98017223362469,0,0,0
06:06:56,99.96945452207044,0,0,0
06:06:57,99.99267623043794,0,0,0
06:06:58,100.01768422406448,0,0,0
06:06:59,100.0194705093235,0,0,0
06:07:00,100.01053908302832,0,0,0
06:07:01,99.96588195155236,0,0,0
06:07:02,99.9390876726668,0,0,0
06:07:03,99.949805384221,0,0,0
06:07:04,99.94801909896198,0,0,0
06:07:05,99.94801909896198,0,0,0
06:07:06,99.96945452207044,0,0,0
06:07:07,99.99803508621504,0,0,0
06:07:08,100.00160765673311,0,0,0
06:07:09,99.9765996631066,0,0,0
06:07:10,99.9855310894018,0,0,0
06:07:11,99.97124080732948,0,0,0
06:07:12,99.96409566629332,0,0,0
06:07:13,99.96588195155236,0,0,0
06:07:14,99.96588195155236,0,0,0
06:07:15,99.96141623840477,0,0,0
06:07:16,99.96230938103427,0,0,0
06:07:17,99.95159166948004,0,0,0
06:07:18,99.95159166948004,0,0,0
06:07:19,99.95337795473908,0,0,0
06:07:20,99.94087395792585,0,0,0
06:07:21,99.94087395792585,0,0,0
06:07:22,99.94194572908124,0,0,0
06:07:23,99.96588195155236,0,0,0
06:07:24,99.9676682368114,0,0,0
06:07:25,99.98731737466082,0,0,0
06:07:26,99.99803508621504,0,0,0
06:07:27,99.99088994517888,0,0,0
06:07:28,99.99088994517888,0,0,0
06:07:29,99.9855310894018,0,0,0
06:07:30,99.9765996631066,0,0,0
06:07:31,99.97302709258852,0,0,0
06:07:32,99.9676682368114,0,0,0
06:07:33,99.96052309577526,0,0,0
06:07:34,99.97481337784754,0,0,0
06:07:35,99.96945452207044,0,0,0
06:07:36,99.97838594836564,0,0,0
06:07:37,99.98731737466082,0,0,0
06:07:38,99.97302709258852,0,0,0
06:07:39,99.98285166151324,0,0,0
06:07:40,99.98017223362469,0,0,0
06:07:41,99.97302709258852,0,0,0
06:07:42,99.98285166151324,0,0,0
06:07:43,99.98285166151324,0,0,0
06:07:44,99.98731737466082,0,0,0
06:07:45,99.98017223362469,0,0,0
06:07:46,99.98731737466082,0,0,0
06:07:47,100.00160765673311,0,0,0
06:07:48,99.996248800956,0,0,0
06:07:49,99.9998213714741,0,0,0
06:07:50,99.9998213714741,0,0,0
06:07:51,100.0051802272512,0,0,0
06:07:52,100.00160765673311,0,0,0
06:07:53,99.9998213714741,0,0,0
06:07:54,100.01768422406448,0,0,0
06:07:55,100.0141116535464,0,0,0
06:07:56,99.991800950661,0,0,0
06:07:57,99.97392023521805,0,0,0
06:07:58,99.95337795473908,0,0,0
06:07:59,99.95639677682688,0,0,0
06:08:00,99.96945452207044,0,0,0
06:08:01,99.9676682368114,0,0,0
06:08:02,99.96052309577526,0,0,0
06:08:03,99.9676682368114,0,0,0
06:08:04,99.949805384221,0,0,0
06:08:05,99.95159166948004,0,0,0
06:08:06,99.95516423999814,0,0,0
06:08:07,99.95695052525718,0,0,0
06:08:08,99.93730138740776,0,0,0
06:08:09,99.92836996111257,0,0,0
06:08:10,99.94266024318487,0,0,0
06:08:11,99.93372881688968,0,0,0
06:08:12,99.92836996111257,0,0,0
06:08:13,99.89978939696796,0,0,0
06:08:14,99.8729951180824,0,0,0
06:08:15,99.88551697774824,0,0,0
06:08:16,99.89775303177264,0,0,0
06:08:17,99.91229339378124,0,0,0
06:08:18,99.92836996111257,0,0,0
06:08:19,99.93194253163064,0,0,0
06:08:20,99.93372881688968,0,0,0
06:08:21,99.93551510214871,0,0,0
06:08:22,99.92301110533543,0,0,0
06:08:23,99.91765224955832,0,0,0
06:08:24,99.90782768063362,0,0,0
06:08:25,99.91229339378124,0,0,0
06:08:26,99.89621682644989,0,0,0
06:08:27,99.8872854001547,0,0,0
06:08:28,99.8926442559318,0,0,0
06:08:29,99.9069345380041,0,0,0
06:08:30,99.90514825274506,0,0,0
06:08:31,99.89980725982052,0,0,0
06:08:32,99.89621682644989,0,0,0
06:08:33,99.8926442559318,0,0,0
06:08:34,99.8926442559318,0,0,0
06:08:35,99.89175111330228,0,0,0
06:08:36,99.89405542128644,0,0,0
06:08:37,99.92301110533543,0,0,0
06:08:38,99.89978939696796,0,0,0
06:08:39,99.88907168541373,0,0,0
06:08:40,99.88880374262486,0,0,0
06:08:41,99.88907168541373,0,0,0
06:08:42,99.87835397385948,0,0,0
06:08:43,99.86406369178718,0,0,0
06:08:44,99.86227740652814,0,0,0
06:08:45,99.85334598023296,0,0,0
06:08:46,99.85691855075105,0,0,0
06:08:47,99.86584997704624,0,0,0
06:08:48,99.85870483601008,0,0,0
06:08:49,99.855132265492,0,0,0
06:08:50,99.8319105571245,0,0,0
06:08:51,99.84262826867874,0,0,0
06:08:52,99.8462008391968,0,0,0
06:08:53,99.8460222106709,0,0,0
06:08:54,99.86406369178718,0,0,0
06:08:55,99.86157378876462,0,0,0
06:08:56,99.86942254756433,0,0,0
06:08:57,99.87835397385948,0,0,0
06:08:58,99.87478140334142,0,0,0
06:08:59,99.879247116489,0,0,0
06:09:00,99.87835397385948,0,0,0
06:09:01,99.8729951180824,0,0,0
06:09:02,99.8604911212691,0,0,0
06:09:03,99.8604911212691,0,0,0
06:09:04,99.85870483601008,0,0,0
06:09:05,99.86408155463978,0,0,0
06:09:06,99.8604911212691,0,0,0
06:09:07,99.8604911212691,0,0,0
06:09:08,99.85155969497391,0,0,0
06:09:09,99.8506665523444,0,0,0
06:09:10,99.84262826867874,0,0,0
06:09:11,99.83012427186549,0,0,0
06:09:12,99.8319105571245,0,0,0
06:09:13,99.84084198341968,0,0,0
06:09:14,99.8372694129016,0,0,0
06:09:15,99.83905569816064,0,0,0
06:09:16,99.84977340971489,0,0,0
06:09:17,99.85155969497391,0,0,0
06:09:18,99.86018745277508,0,0,0
06:09:19,99.86227740652814,0,0,0
06:09:20,99.85334598023296,0,0,0
06:09:21,99.8604911212691,0,0,0
06:09:22,99.8506665523444,0,0,0
06:09:23,99.85155969497391,0,0,0
06:09:24,99.85870483601008,0,0,0
06:09:25,99.86227740652814,0,0,0
06:09:26,99.85691855075105,0,0,0
06:09:27,99.86942254756433,0,0,0
06:09:28,99.87120883282334,0,0,0
06:09:29,99.86763626230528,0,0,0
06:09:30,99.85781169338055,0,0,0
06:09:31,99.86138426389864,0,0,0
06:09:32,99.84798712445586,0,0,0
06:09:33,99.86284901781104,0,0,0
06:09:34,99.84262826867874,0,0,0
06:09:35,99.82833798660644,0,0,0
06:09:36,99.81940656031122,0,0,0
06:09:37,99.81226141927507,0,0,0
06:09:38,99.808688848757,0,0,0
06:09:39,99.80511627823893,0,0,0
06:09:40,99.80690256349796,0,0,0
06:09:41,99.81404770453412,0,0,0
06:09:42,99.81226141927507,0,0,0
06:09:43,99.83548312764258,0,0,0
06:09:44,99.83548312764258,0,0,0
06:09:45,99.84441455393778,0,0,0
06:09:46,99.83905569816064,0,0,0
06:09:47,99.8265517013474,0,0,0
06:09:48,99.83548312764258,0,0,0
06:09:49,99.83905569816064,0,0,0
06:09:50,99.83441135648717,0,0,0
06:09:51,99.82476541608835,0,0,0
06:09:52,99.81226141927507,0,0,0
06:09:53,99.808688848757,0,0,0
06:09:54,99.808688848757,0,0,0
06:09:55,99.82297913082932,0,0,0
06:09:56,99.82297913082932,0,0,0
06:09:57,99.83369684238352,0,0,0
06:09:58,99.83523304770632,0,0,0
06:09:59,99.8372694129016,0,0,0
06:10:00,99.83012427186549,0,0,0
06:10:01,99.8265517013474,0,0,0
06:10:02,99.8209784913392,0,0,0
06:10:03,99.80154370772088,0,0,0
06:10:04,99.80511627823893,0,0,0
06:10:05,99.79439856668468,0,0,0
06:10:06,99.79082599616662,0,0,0
06:10:07,99.79082599616662,0,0,0
06:10:08,99.79171913879614,0,0,0
06:10:09,99.7801082846124,0,0,0
06:10:10,99.76760428779912,0,0,0
06:10:11,99.75688657624492,0,0,0
06:10:12,99.77473156598268,0,0,0
06:10:13,99.7756425714648,0,0,0
06:10:14,99.7711768583172,0,0,0
06:10:15,99.75956600413346,0,0,0
06:10:16,99.762245432022,0,0,0
06:10:17,99.73991686628403,0,0,0
06:10:18,99.73098543998886,0,0,0
06:10:19,99.72205401369364,0,0,0
06:10:20,99.71848144317558,0,0,0
06:10:21,99.72385816180528,0,0,0
06:10:22,99.71410504429092,0,0,0
06:10:23,99.71222944476897,0,0,0
06:10:24,99.72651972684125,0,0,0
06:10:25,99.74438257943164,0,0,0
06:10:26,99.75865499865137,0,0,0
06:10:27,99.7479551499497,0,0,0
06:10:28,99.76403171728106,0,0,0
06:10:29,99.76403171728106,0,0,0
06:10:30,99.76403171728106,0,0,0
06:10:31,99.75510029098588,0,0,0
06:10:32,99.75510029098588,0,0,0
06:10:33,99.77474942883528,0,0,0
06:10:34,99.7801082846124,0,0,0
06:10:35,99.79082599616662,0,0,0
06:10:36,99.78012614746498,0,0,0
06:10:37,99.7890397109076,0,0,0
06:10:38,99.79261228142566,0,0,0
06:10:39,99.7890397109076,0,0,0
06:10:40,99.79082599616662,0,0,0
06:10:41,99.77653571409432,0,0,0
06:10:42,99.78546714038951,0,0,0
06:10:43,99.7890397109076,0,0,0
06:10:44,99.7890397109076,0,0,0
06:10:45,99.7890397109076,0,0,0
06:10:46,99.80154370772088,0,0,0
06:10:47,99.81047513401604,0,0,0
06:10:48,99.81404770453412,0,0,0
06:10:49,99.82297913082932,0,0,0
06:10:50,99.82119284557028,0,0,0
06:10:51,99.8319105571245,0,0,0
06:10:52,99.8176202750522,0,0,0
06:10:53,99.81940656031122,0,0,0
06:10:54,99.82119284557028,0,0,0
06:10:55,99.81583398979316,0,0,0
06:10:56,99.79439856668468,0,0,0
06:10:57,99.78546714038951,0,0,0
06:10:58,99.77474942883528,0,0,0
06:10:59,99.77980461611835,0,0,0
06:11:00,99.79261228142566,0,0,0
06:11:01,99.84262826867874,0,0,0
06:11:02,99.83351821385764,0,0,0
06:11:03,99.83905569816064,0,0,0
06:11:04,99.84084198341968,0,0,0
06:11:05,99.84977340971489,0,0,0
06:11:06,99.85691855075105,0,0,0
06:11:07,99.86584997704624,0,0,0
06:11:08,99.86227740652814,0,0,0
06:11:09,99.85870483601008,0,0,0
06:11:10,99.86584997704624,0,0,0
06:11:11,99.8761211172857,0,0,0
06:11:12,99.87835397385948,0,0,0
06:11:13,99.8872854001547,0,0,0
06:11:14,99.88192654437756,0,0,0
06:11:15,99.89978939696796,0,0,0
06:11:16,99.91229339378124,0,0,0
06:11:17,99.89978939696796,0,0,0
06:11:18,99.88907168541373,0,0,0
06:11:19,99.88192654437756,0,0,0
06:11:20,99.8729951180824,0,0,0
06:11:21,99.87656768860046,0,0,0
06:11:22,99.87478140334142,0,0,0
06:11:23,99.86584997704624,0,0,0
06:11:24,99.85334598023296,0,0,0
06:11:25,99.8604911212691,0,0,0
06:11:26,99.855132265492,0,0,0
06:11:27,99.84084198341968,0,0,0
06:11:28,99.84948760407345,0,0,0
06:11:29,99.84084198341968,0,0,0
06:11:30,99.85334598023296,0,0,0
06:11:31,99.85155969497391,0,0,0
06:11:32,99.83548312764258,0,0,0
06:11:33,99.83550099049516,0,0,0
06:11:34,99.83012427186549,0,0,0
06:11:35,99.83905569816064,0,0,0
06:11:36,99.8363762702721,0,0,0
06:11:37,99.84441455393778,0,0,0
06:11:38,99.84084198341968,0,0,0
06:11:39,99.8462008391968,0,0,0
06:11:40,99.84262826867874,0,0,0
06:11:41,99.855132265492,0,0,0
06:11:42,99.8604911212691,0,0,0
06:11:43,99.85870483601008,0,0,0
06:11:44,99.87478140334142,0,0,0
06:11:45,99.86763626230528,0,0,0
06:11:46,99.86227740652814,0,0,0
06:11:47,99.86763626230528,0,0,0
06:11:48,99.86763626230528,0,0,0
06:11:49,99.86763626230528,0,0,0
06:11:50,99.86451026310196,0,0,0
06:11:51,99.8837128296366,0,0,0
06:11:52,99.90872082326314,0,0,0
06:11:53,99.9069345380041,0,0,0
06:11:54,99.89982512267316,0,0,0
06:11:55,99.91765224955832,0,0,0
06:11:56,99.90782768063362,0,0,0
06:11:57,99.90514825274506,0,0,0
06:11:58,99.89528795811516,0,0,0
06:11:59,99.89528795811516,0,0,0
06:12:00,99.87835397385948,0,0,0
06:12:01,99.88105126460064,0,0,0
06:12:02,99.86227740652814,0,0,0
06:12:03,99.87478140334142,0,0,0
06:12:04,99.86227740652814,0,0,0
06:12:05,99.85959797863958,0,0,0
06:12:06,99.86942254756433,0,0,0
06:12:07,99.87656768860046,0,0,0
06:12:08,99.86584997704624,0,0,0
06:12:09,99.88014025911852,0,0,0
06:12:10,99.88192654437756,0,0,0
06:12:11,99.8837128296366,0,0,0
06:12:12,99.8835342011107,0,0,0
06:12:13,99.88192654437756,0,0,0
06:12:14,99.88192654437756,0,0,0
06:12:15,99.87478140334142,0,0,0
06:12:16,99.87656768860046,0,0,0
06:12:17,99.86942254756433,0,0,0
06:12:18,99.86942254756433,0,0,0
06:12:19,99.86138426389864,0,0,0
06:12:20,99.86406369178718,0,0,0
06:12:21,99.86406369178718,0,0,0
06:12:22,99.86763626230528,0,0,0
06:12:23,99.8729951180824,0,0,0
06:12:24,99.8604911212691,0,0,0
06:12:25,99.8462008391968,0,0,0
06:12:26,99.85334598023296,0,0,0
06:12:27,99.83907356101324,0,0,0
06:12:28,99.8604911212691,0,0,0
06:12:29,99.85602540812152,0,0,0
06:12:30,99.86047325841652,0,0,0
06:12:31,99.85781169338055,0,0,0
06:12:32,99.87120883282334,0,0,0
06:12:33,99.8604911212691,0,0,0
06:12:34,99.86406369178718,0,0,0
06:12:35,99.86942254756433,0,0,0
06:12:36,99.8604911212691,0,0,0
06:12:37,99.86227740652814,0,0,0
06:12:38,99.86406369178718,0,0,0
06:12:39,99.8604911212691,0,0,0
06:12:40,99.86227740652814,0,0,0
06:12:41,99.85870483601008,0,0,0
06:12:42,99.86406369178718,0,0,0
06:12:43,99.84977340971489,0,0,0
06:12:44,99.84262826867874,0,0,0
06:12:45,99.83012427186549,0,0,0
06:12:46,99.8176202750522,0,0,0
06:12:47,99.79618485194374,0,0,0
06:12:48,99.80690256349796,0,0,0
06:12:49,99.8176202750522,0,0,0
06:12:50,99.80154370772088,0,0,0
06:12:51,99.8111181967093,0,0,0
06:12:52,99.8372694129016,0,0,0
06:12:53,99.83012427186549,0,0,0
06:12:54,99.81940656031122,0,0,0
06:12:55,99.82119284557028,0,0,0
06:12:56,99.81940656031122,0,0,0
06:12:57,99.81940656031122,0,0,0
06:12:58,99.82297913082932,0,0,0
06:12:59,99.81940656031122,0,0,0
06:13:00,99.82833798660644,0,0,0
06:13:01,99.82833798660644,0,0,0
06:13:02,99.8319105571245,0,0,0
06:13:03,99.8462008391968,0,0,0
06:13:04,99.84977340971489,0,0,0
06:13:05,99.84441455393778,0,0,0
06:13:06,99.855132265492,0,0,0
06:13:07,99.86763626230528,0,0,0
06:13:08,99.88014025911852,0,0,0
06:13:09,99.88014025911852,0,0,0
06:13:10,99.87567454597094,0,0,0
06:13:11,99.86449240024936,0,0,0
06:13:12,99.88014025911852,0,0,0
06:13:13,99.85959797863958,0,0,0
06:13:14,99.88549911489564,0,0,0
06:13:15,99.88014025911852,0,0,0
06:13:16,99.89621682644989,0,0,0
06:13:17,99.89443054119084,0,0,0
06:13:18,99.88014025911852,0,0,0
06:13:19,99.88014025911852,0,0,0
06:13:20,99.87120883282334,0,0,0
06:13:21,99.879247116489,0,0,0
06:13:22,99.87656768860046,0,0,0
06:13:23,99.87478140334142,0,0,0
06:13:24,99.8729951180824,0,0,0
06:13:25,99.88549911489564,0,0,0
06:13:26,99.89619896359729,0,0,0
06:13:27,99.91765224955832,0,0,0
06:13:28,99.92461876206858,0,0,0
06:13:29,99.9158659642993,0,0,0
06:13:30,99.9105071085222,0,0,0
06:13:31,99.90325479037048,0,0,0
06:13:32,99.90325479037048,0,0,0
06:13:33,99.90336196748602,0,0,0
06:13:34,99.90336196748602,0,0,0
06:13:35,99.90336196748602,0,0,0
06:13:36,99.9069345380041,0,0,0
06:13:37,99.9158659642993,0,0,0
06:13:38,99.93194253163064,0,0,0
06:13:39,99.92836996111257,0,0,0
06:13:40,99.92658367585352,0,0,0
06:13:41,99.925690533224,0,0,0
06:13:42,99.93194253163064,0,0,0
06:13:43,99.9390876726668,0,0,0
06:13:44,99.95695052525718,0,0,0
06:13:45,99.93551510214871,0,0,0
06:13:46,99.93372881688968,0,0,0
06:13:47,99.9390876726668,0,0,0
06:13:48,99.9444465284439,0,0,0
06:13:49,99.9301562463716,0,0,0
06:13:50,99.93551510214871,0,0,0
06:13:51,99.9444465284439,0,0,0
06:13:52,99.95159166948004,0,0,0
06:13:53,99.94712595633246,0,0,0
06:13:54,99.949805384221,0,0,0
06:13:55,99.9444465284439,0,0,0
06:13:56,99.94176710055535,0,0,0
06:13:57,99.95337795473908,0,0,0
06:13:58,99.95695052525718,0,0,0
06:13:59,99.9444465284439,0,0,0
06:14:00,99.94087395792585,0,0,0
06:14:01,99.97302709258852,0,0,0
06:14:02,99.97481337784754,0,0,0
06:14:03,99.98285166151324,0,0,0
06:14:04,99.97302709258852,0,0,0
06:14:05,99.96947238492302,0,0,0
06:14:06,99.96409566629332,0,0,0
06:14:07,99.96831129950463,0,0,0
06:14:08,99.9855310894018,0,0,0
06:14:09,99.9765996631066,0,0,0
06:14:10,99.9855310894018,0,0,0
06:14:11,99.9676682368114,0,0,0
06:14:12,99.96588195155236,0,0,0
06:14:13,99.96052309577526,0,0,0
06:14:14,99.95516423999814,0,0,0
06:14:15,99.949805384221,0,0,0
06:14:16,99.94801909896198,0,0,0
06:14:17,99.94801909896198,0,0,0
06:14:18,99.94623281370292,0,0,0
06:14:19,99.95159166948004,0,0,0
06:14:20,99.96588195155236,0,0,0
06:14:21,99.9765996631066,0,0,0
06:14:22,99.97124080732948,0,0,0
06:14:23,99.97302709258852,0,0,0
06:14:24,99.9765996631066,0,0,0
06:14:25,99.95695052525718,0,0,0
06:14:26,99.96052309577526,0,0,0
06:14:27,99.95159166948004,0,0,0
06:14:28,99.94623281370292,0,0,0
06:14:29,99.949805384221,0,0,0
06:14:30,99.95516423999814,0,0,0
06:14:31,99.95159166948004,0,0,0
06:14:32,99.93730138740776,0,0,0
06:14:33,99.93730138740776,0,0,0
06:14:34,99.92658367585352,0,0,0
06:14:35,99.92479739059448,0,0,0
06:14:36,99.93372881688968,0,0,0
06:14:37,99.93372881688968,0,0,0
06:14:38,99.92836996111257,0,0,0
06:14:39,99.9212248200764,0,0,0
06:14:40,99.9069345380041,0,0,0
06:14:41,99.901575682227,0,0,0
06:14:42,99.89978939696796,0,0,0
06:14:43,99.89621682644989,0,0,0
06:14:44,99.901575682227,0,0,0
06:14:45,99.89621682644989,0,0,0
06:14:46,99.90336196748602,0,0,0
06:14:47,99.89978939696796,0,0,0
06:14:48,99.89978939696796,0,0,0
06:14:49,99.8926442559318,0,0,0
06:14:50,99.88015812197112,0,0,0
06:14:51,99.8837128296366,0,0,0
06:14:52,99.88907168541373,0,0,0
06:14:53,99.88549911489564,0,0,0
06:14:54,99.88549911489564,0,0,0
06:14:55,99.87522797465616,0,0,0
06:14:56,99.86674311967576,0,0,0
06:14:57,99.85155969497391,0,0,0
06:14:58,99.84441455393778,0,0,0
06:14:59,99.84262826867874,0,0,0
06:15:00,99.83012427186549,0,0,0
06:15:01,99.83012427186549,0,0,0
06:15:02,99.8372694129016,0,0,0
06:15:03,99.82833798660644,0,0,0
06:15:04,99.8265517013474,0,0,0
06:15:05,99.82565855871788,0,0,0
06:15:06,99.81672713242268,0,0,0
06:15:07,99.81404770453412,0,0,0
06:15:08,99.83012427186549,0,0,0
06:15:09,99.85155969497391,0,0,0
06:15:10,99.83548312764258,0,0,0
06:15:11,99.83012427186549,0,0,0
06:15:12,99.82565855871788,0,0,0
06:15:13,99.82833798660644,0,0,0
06:15:14,99.8372694129016,0,0,0
06:15:15,99.85334598023296,0,0,0
06:15:16,99.85334598023296,0,0,0
06:15:17,99.86942254756433,0,0,0
06:15:18,99.87478140334142,0,0,0
06:15:19,99.87478140334142,0,0,0
06:15:20,99.8872854001547,0,0,0
06:15:21,99.88192654437756,0,0,0
06:15:22,99.8926442559318,0,0,0
06:15:23,99.8872854001547,0,0,0
06:15:24,99.8837128296366,0,0,0
06:15:25,99.8872854001547,0,0,0
06:15:26,99.901575682227,0,0,0
06:15:27,99.90068253959748,0,0,0
06:15:28,99.9105071085222,0,0,0
06:15:29,99.89085797067276,0,0,0
06:15:30,99.88907168541373,0,0,0
06:15:31,99.89085797067276,0,0,0
06:15:32,99.89175111330228,0,0,0
06:15:33,99.88996482804323,0,0,0
06:15:34,99.89175111330228,0,0,0
06:15:35,99.88817854278422,0,0,0
06:15:36,99.88014025911852,0,0,0
06:15:37,99.86942254756433,0,0,0
06:15:38,99.84977340971489,0,0,0
06:15:39,99.85155969497391,0,0,0
06:15:40,99.84977340971489,0,0,0
06:15:41,99.84441455393778,0,0,0
06:15:42,99.83189269427191,0,0,0
06:15:43,99.82833798660644,0,0,0
06:15:44,99.8265517013474,0,0,0
06:15:45,99.82476541608835,0,0,0
06:15:46,99.84798712445586,0,0,0
06:15:47,99.84798712445586,0,0,0
06:15:48,99.85155969497391,0,0,0
06:15:49,99.84977340971489,0,0,0
06:15:50,99.85155969497391,0,0,0
06:15:51,99.84798712445586,0,0,0
06:15:52,99.85155969497391,0,0,0
06:15:53,99.85870483601008,0,0,0
06:15:54,99.86406369178718,0,0,0
06:15:55,99.86942254756433,0,0,0
06:15:56,99.86942254756433,0,0,0
06:15:57,99.87301298093496,0,0,0
06:15:58,99.87835397385948,0,0,0
06:15:59,99.87567454597094,0,0,0
06:16:00,99.87120883282334,0,0,0
06:16:01,99.855132265492,0,0,0
06:16:02,99.84084198341968,0,0,0
06:16:03,99.84441455393778,0,0,0
06:16:04,99.84441455393778,0,0,0
06:16:05,99.83012427186549,0,0,0
06:16:06,99.8176202750522,0,0,0
06:16:07,99.8176381379048,0,0,0
06:16:08,99.83012427186549,0,0,0
06:16:09,99.82923112923596,0,0,0
06:16:10,99.84977340971489,0,0,0
06:16:11,99.86763626230528,0,0,0
06:16:12,99.87120883282334,0,0,0
06:16:13,99.87478140334142,0,0,0
06:16:14,99.87835397385948,0,0,0
06:16:15,99.8837128296366,0,0,0
06:16:16,99.8837128296366,0,0,0
06:16:17,99.87656768860046,0,0,0
06:16:18,99.88014025911852,0,0,0
06:16:19,99.88014025911852,0,0,0
06:16:20,99.88014025911852,0,0,0
06:16:21,99.8872854001547,0,0,0
06:16:22,99.87656768860046,0,0,0
06:16:23,99.87835397385948,0,0,0
06:16:24,99.88014025911852,0,0,0
06:16:25,99.87835397385948,0,0,0
06:16:26,99.8837128296366,0,0,0
06:16:27,99.8872854001547,0,0,0
06:16:28,99.88639225752516,0,0,0
06:16:29,99.86942254756433,0,0,0
06:16:30,99.85155969497391,0,0,0
06:16:31,99.85334598023296,0,0,0
06:16:32,99.85691855075105,0,0,0
06:16:33,99.84977340971489,0,0,0
06:16:34,99.86406369178718,0,0,0
06:16:35,99.8729951180824,0,0,0
06:16:36,99.8872854001547,0,0,0
06:16:37,99.8872854001547,0,0,0
06:16:38,99.88014025911852,0,0,0
06:16:39,99.87835397385948,0,0,0
06:16:40,99.88192654437756,0,0,0
06:16:41,99.88696386880808,0,0,0
06:16:42,99.8837128296366,0,0,0
06:16:43,99.8926442559318,0,0,0
06:16:44,99.89443054119084,0,0,0
06:16:45,99.8971099690794,0,0,0
06:16:46,99.901575682227,0,0,0
06:16:47,99.91229339378124,0,0,0
06:16:48,99.91765224955832,0,0,0
06:16:49,99.9105071085222,0,0,0
06:16:50,99.90514825274506,0,0,0
06:16:51,99.90872082326314,0,0,0
06:16:52,99.91061428563772,0,0,0
06:16:53,99.9069345380041,0,0,0
06:16:54,99.90872082326314,0,0,0
06:16:55,99.9069345380041,0,0,0
06:16:56,99.90336196748602,0,0,0
06:16:57,99.9105071085222,0,0,0
06:16:58,99.92658367585352,0,0,0
06:16:59,99.91765224955832,0,0,0
06:17:00,99.91854539218784,0,0,0
06:17:01,99.89978939696796,0,0,0
06:17:02,99.89800311170892,0,0,0
06:17:03,99.91229339378124,0,0,0
06:17:04,99.9105071085222,0,0,0
06:17:05,99.91031061714368,0,0,0
06:17:06,99.91227553092862,0,0,0
06:17:07,99.930138383519,0,0,0
06:17:08,99.92497601912038,0,0,0
06:17:09,99.91229339378124,0,0,0
06:17:10,99.901575682227,0,0,0
06:17:11,99.901575682227,0,0,0
06:17:12,99.92301110533543,0,0,0
06:17:13,99.9242615050168,0,0,0
06:17:14,99.92301110533543,0,0,0
06:17:15,99.9270123843157,0,0,0
06:17:16,99.92390424796496,0,0,0
06:17:17,99.92479739059448,0,0,0
06:17:18,99.92301110533543,0,0,0
06:17:19,99.92301110533543,0,0,0
06:17:20,99.92390424796496,0,0,0
06:17:21,99.91675910692882,0,0,0
06:17:22,99.92120695722384,0,0,0
06:17:23,99.91943853481736,0,0,0
06:17:24,99.91943853481736,0,0,0
06:17:25,99.9212248200764,0,0,0
06:17:26,99.9158659642993,0,0,0
06:17:27,99.90872082326314,0,0,0
06:17:28,99.91407967904028,0,0,0
06:17:29,99.92435081927974,0,0,0
06:17:30,99.93551510214871,0,0,0
06:17:31,99.92836996111257,0,0,0
06:17:32,99.92479739059448,0,0,0
06:17:33,99.89621682644989,0,0,0
06:17:34,99.89621682644989,0,0,0
06:17:35,99.87656768860046,0,0,0
06:17:36,99.89085797067276,0,0,0
06:17:37,99.8926442559318,0,0,0
06:17:38,99.89443054119084,0,0,0
06:17:39,99.89443054119084,0,0,0
06:17:40,99.89443054119084,0,0,0
06:17:41,99.90961396589267,0,0,0
06:17:42,99.92970967505684,0,0,0
06:17:43,99.93551510214871,0,0,0
06:17:44,99.92658367585352,0,0,0
06:17:45,99.91407967904028,0,0,0
06:17:46,99.90782768063362,0,0,0
06:17:47,99.9114002511517,0,0,0
06:17:48,99.9114002511517,0,0,0
06:17:49,99.91407967904028,0,0,0
06:17:50,99.93372881688968,0,0,0
06:17:51,99.9444465284439,0,0,0
06:17:52,99.95160953233264,0,0,0
06:17:53,99.95337795473908,0,0,0
06:17:54,99.94533967107344,0,0,0
06:17:55,99.94801909896198,0,0,0
06:17:56,99.95337795473908,0,0,0
06:17:57,99.95605738262766,0,0,0
06:17:58,99.96677509418188,0,0,0
06:17:59,99.96498880892284,0,0,0
06:18:00,99.96677509418188,0,0,0
06:18:01,99.96945452207044,0,0,0
06:18:02,99.96588195155236,0,0,0
06:18:03,99.96588195155236,0,0,0
06:18:04,99.96945452207044,0,0,0
06:18:05,99.99088994517888,0,0,0
06:18:06,99.99714194358552,0,0,0
06:18:07,100.0051802272512,0,0,0
06:18:08,100.0230430798416,0,0,0
06:18:09,100.00875279776928,0,0,0
06:18:10,100.0051802272512,0,0,0
06:18:11,100.0230430798416,0,0,0
06:18:12,100.0230430798416,0,0,0
06:18:13,100.01702329851862,0,0,0
06:18:14,100.01232536828736,0,0,0
06:18:15,100.01232536828736,0,0,0
06:18:16,100.01053908302832,0,0,0
06:18:17,100.01053908302832,0,0,0
06:18:18,100.00189346237455,0,0,0
06:18:19,99.99267623043794,0,0,0
06:18:20,100.00339394199216,0,0,0
06:18:21,100.00875279776928,0,0,0
06:18:22,100.01588007595284,0,0,0
06:18:23,100.01232536828736,0,0,0
06:18:24,100.01053908302832,0,0,0
06:18:25,99.99803508621504,0,0,0
06:18:26,99.98017223362469,0,0,0
06:18:27,99.98374480414276,0,0,0
06:18:28,99.98731737466082,0,0,0
06:18:29,99.99446251569697,0,0,0
06:18:30,99.9855310894018,0,0,0
06:18:31,100.00250079936264,0,0,0
06:18:32,100.01232536828736,0,0,0
06:18:33,100.0194705093235,0,0,0
06:18:34,100.01589793880542,0,0,0
06:18:35,100.01589793880542,0,0,0
06:18:36,99.9998213714741,0,0,0
06:18:37,100.00607336988072,0,0,0
06:18:38,100.01427241921972,0,0,0
06:18:39,100.0194705093235,0,0,0
06:18:40,100.0141116535464,0,0,0
06:18:41,99.9998213714741,0,0,0
06:18:42,100.00696651251025,0,0,0
06:18:43,100.00875279776928,0,0,0
06:18:44,100.0230430798416,0,0,0
06:18:45,100.03018822087772,0,0,0
06:18:46,100.0230430798416,0,0,0
06:18:47,100.02482936510064,0,0,0
06:18:48,100.02661565035967,0,0,0
06:18:49,100.0141116535464,0,0,0
06:18:50,100.02661565035967,0,0,0
06:18:51,100.01768422406448,0,0,0
06:18:52,100.0230430798416,0,0,0
06:18:53,100.02125679458256,0,0,0
06:18:54,100.01053908302832,0,0,0
06:18:55,100.0141116535464,0,0,0
06:18:56,100.01053908302832,0,0,0
06:18:57,100.0230430798416,0,0,0
06:18:58,100.0230430798416,0,0,0
06:18:59,100.0141116535464,0,0,0
06:19:00,99.9105071085222,0,0,0
06:19:01,99.9212248200764,0,0,0
06:19:02,99.91229339378124,0,0,0
06:19:03,99.93372881688968,0,0,0
06:19:04,99.92658367585352,0,0,0
06:19:05,99.95516423999814,0,0,0
06:19:06,99.94801909896198,0,0,0
06:19:07,99.92658367585352,0,0,0
06:19:08,99.9069345380041,0,0,0
06:19:09,99.89443054119084,0,0,0
06:19:10,99.88549911489564,0,0,0
06:19:11,99.88192654437756,0,0,0
06:19:12,99.87656768860046,0,0,0
06:19:13,99.89978939696796,0,0,0
06:19:14,99.91407967904028,0,0,0
06:19:15,99.89984298552572,0,0,0
06:19:16,99.89621682644989,0,0,0
06:19:17,99.87478140334142,0,0,0
06:19:18,99.8372694129016,0,0,0
06:19:19,99.83371470523612,0,0,0
06:19:20,99.84084198341968,0,0,0
06:19:21,99.83012427186549,0,0,0
06:19:22,99.83905569816064,0,0,0
06:19:23,99.83548312764258,0,0,0
06:19:24,99.8033299929799,0,0,0
06:19:25,99.81226141927507,0,0,0
06:19:26,99.81226141927507,0,0,0
06:19:27,99.8176202750522,0,0,0
06:19:28,99.8265517013474,0,0,0
06:19:29,99.8274448439769,0,0,0
06:19:30,99.82297913082932,0,0,0
06:19:31,99.8319105571245,0,0,0
06:19:32,99.8462008391968,0,0,0
06:19:33,99.85155969497391,0,0,0
06:19:34,99.855132265492,0,0,0
06:19:35,99.84977340971489,0,0,0
06:19:36,99.84888026708536,0,0,0
06:19:37,99.855132265492,0,0,0
06:19:38,99.855132265492,0,0,0
06:19:39,99.84798712445586,0,0,0
06:19:40,99.84441455393778,0,0,0
06:19:41,99.85155969497391,0,0,0
06:19:42,99.82297913082932,0,0,0
06:19:43,99.80511627823893,0,0,0
06:19:44,99.79975742246182,0,0,0
06:19:45,99.808688848757,0,0,0
06:19:46,99.80511627823893,0,0,0
06:19:47,99.80154370772088,0,0,0
06:19:48,99.8033299929799,0,0,0
06:19:49,99.79261228142566,0,0,0
06:19:50,99.8033299929799,0,0,0
06:19:51,99.81226141927507,0,0,0
06:19:52,99.81583398979316,0,0,0
06:19:53,99.81940656031122,0,0,0
06:19:54,99.82387227345885,0,0,0
06:19:55,99.82387227345885,0,0,0
06:19:56,99.81940656031122,0,0,0
06:19:57,99.81226141927507,0,0,0
06:19:58,99.79261228142566,0,0,0
06:19:59,99.78636028301904,0,0,0
06:20:00,99.77832199935337,0,0,1
06:20:01,99.76760428779912,0,0,0
06:20:02,99.75867286150394,0,0,0
06:20:03,99.7524208630973,0,0,0
06:20:04,99.7529924743802,0,0,0
06:20:05,99.75688657624492,0,0,0
06:20:06,99.73902372365453,0,0,0
06:20:07,99.75218864601364,0,0,0
06:20:08,99.74527572206117,0,0,0
06:20:09,99.74438257943164,0,0,0
06:20:10,99.73970251205294,0,0,0
06:20:11,99.72651972684125,0,0,0
06:20:12,99.71222944476897,0,0,0
06:20:13,99.70687058899182,0,0,0
06:20:14,99.71044315950992,0,0,0
06:20:15,99.7193745858051,0,0,0
06:20:16,99.72205401369364,0,0,0
06:20:17,99.7247334415822,0,0,0
06:20:18,99.72651972684125,0,0,0
06:20:19,99.70865687425088,0,0,0
06:20:20,99.69436659217855,0,0,0
06:20:21,99.69436659217855,0,0,0
06:20:22,99.68990087903096,0,0,0
06:20:23,99.69436659217855,0,0,0
06:20:24,99.68543516588336,0,0,0
06:20:25,99.67293116907013,0,0,0
06:20:26,99.66935859855204,0,0,0
06:20:27,99.67471745432914,0,0,0
06:20:28,99.6782900248472,0,0,0
06:20:29,99.67650373958818,0,0,0
06:20:30,99.67650373958818,0,0,0
06:20:31,99.68364888062432,0,0,0
06:20:32,99.6764858767356,0,0,0
06:20:33,99.68186259536527,0,0,0
06:20:34,99.6782900248472,0,0,0
06:20:35,99.67293116907013,0,0,0
06:20:36,99.67114488381108,0,0,0
06:20:37,99.67650373958818,0,0,0
06:20:38,99.65685460173876,0,0,0
06:20:39,99.65506831647971,0,0,0
06:20:40,99.67114488381108,0,0,0
06:20:41,99.66935859855204,0,0,0
06:20:42,99.66794743319738,0,0,0
06:20:43,99.66399974277492,0,0,0
06:20:44,99.64613689018454,0,0,0
06:20:45,99.64256431966646,0,0,0
06:20:46,99.65328203122068,0,0,0
06:20:47,99.66673275922123,0,0,0
06:20:48,99.65149574596164,0,0,0
06:20:49,99.64613689018454,0,0,0
06:20:50,99.6519423172764,0,0,0
06:20:51,99.6586408869978,0,0,0
06:20:52,99.67114488381108,0,0,0
06:20:53,99.66578602803396,0,0,0
06:20:54,99.65685460173876,0,0,0
06:20:55,99.67293116907013,0,0,0
06:20:56,99.68007631010626,0,0,0
06:20:57,99.68186259536527,0,0,0
06:20:58,99.70329801847376,0,0,0
06:20:59,99.69793916269664,0,0,0
06:21:00,99.6961528774376,0,0,0
06:21:01,99.67650373958818,0,0,0
06:21:02,99.68543516588336,0,0,0
06:21:03,99.67650373958818,0,0,0
06:21:04,99.69793916269664,0,0,0
06:21:05,99.67114488381108,0,0,0
06:21:06,99.6497094607026,0,0,0
06:21:07,99.64792317544358,0,0,0
06:21:08,99.65328203122068,0,0,0
06:21:09,99.64792317544358,0,0,0
06:21:10,99.6354191786303,0,0,0
06:21:11,99.61934261129898,0,0,0
06:21:12,99.60489156355337,0,0,0
06:21:13,99.6068386144857,0,0,0
06:21:14,99.60505232922668,0,0,0
06:21:15,99.60492728925853,0,0,0
06:21:16,99.6068386144857,0,0,0
06:21:17,99.6068386144857,0,0,0
06:21:18,99.60505232922668,0,0,0
06:21:19,99.60326604396762,0,0,0
06:21:20,99.6068386144857,0,0,0
06:21:21,99.60505232922668,0,0,0
06:21:22,99.60505232922668,0,0,0
06:21:23,99.60212282140184,0,0,0
06:21:24,99.6068386144857,0,0,0
06:21:25,99.6309534654827,0,0,0
06:21:26,99.62470146707608,0,0,0
06:21:27,99.62827403759415,0,0,0
06:21:28,99.621128896558,0,0,0
06:21:29,99.62470146707608,0,0,0
06:21:30,99.61821725158578,0,0,0
06:21:31,99.59612090293146,0,0,0
06:21:32,99.59880033082004,0,0,0
06:21:33,99.59969347344956,0,0,0
06:21:34,99.58897576189533,0,0,0
06:21:35,99.58540319137724,0,0,0
06:21:36,99.59076204715434,0,0,0
06:21:37,99.58540319137724,0,0,0
06:21:38,99.59433461767242,0,0,0
06:21:39,99.59433461767242,0,0,0
06:21:40,99.61041118500376,0,0,0
06:21:41,99.6300603228532,0,0,0
06:21:42,99.6253981183271,0,0,0
06:21:43,99.62648775233512,0,0,0
06:21:44,99.63704469821604,0,0,0
06:21:45,99.62470146707608,0,0,0
06:21:46,99.6300603228532,0,0,0
06:21:47,99.62827403759415,0,0,0
06:21:48,99.6354191786303,0,0,0
06:21:49,99.6309534654827,0,0,0
06:21:50,99.61577004078087,0,0,0
06:21:51,99.63184660811224,0,0,0
06:21:52,99.6407780344074,0,0,0
06:21:53,99.64613689018454,0,0,0
06:21:54,99.63899174914836,0,0,0
06:21:55,99.64613689018454,0,0,0
06:21:56,99.63363289337128,0,0,0
06:21:57,99.63543704148287,0,0,0
06:21:58,99.64792317544358,0,0,0
06:21:59,99.65685460173876,0,0,0
06:22:00,99.65685460173876,0,0,0
06:22:01,99.66399974277492,0,0,0
06:22:02,99.65685460173876,0,0,0
06:22:03,99.67114488381108,0,0,0
06:22:04,99.68364888062432,0,0,0
06:22:05,99.68722145114242,0,0,0
06:22:06,99.6907940216605,0,0,0
06:22:07,99.65685460173876,0,0,0
06:22:08,99.68086227562024,0,0,0
06:22:09,99.66935859855204,0,0,0
06:22:10,99.66221345751588,0,0,0
06:22:11,99.67114488381108,0,0,0
06:22:12,99.6497094607026,0,0,0
06:22:13,99.65506831647971,0,0,0
06:22:14,99.6497094607026,0,0,0
06:22:15,99.6443506049255,0,0,0
06:22:16,99.62380832444656,0,0,0
06:22:17,99.61936047415156,0,0,0
06:22:18,99.6121974702628,0,0,0
06:22:19,99.61041118500376,0,0,0
06:22:20,99.59969347344956,0,0,0
06:22:21,99.5925483324134,0,0,0
06:22:22,99.5836169061182,0,0,0
06:22:23,99.5925483324134,0,0,0
06:22:24,99.58451004874772,0,0,0
06:22:25,99.59076204715434,0,0,0
06:22:26,99.57111290930492,0,0,0
06:22:27,99.57289919456396,0,0,0
06:22:28,99.56754033878686,0,0,0
06:22:29,99.5702197666754,0,0,0
06:22:30,99.55771576986216,0,0,0
06:22:31,99.56754033878686,0,0,0
06:22:32,99.5657540535278,0,0,0
06:22:33,99.54342548778985,0,0,0
06:22:34,99.5514637714555,0,0,0
06:22:35,99.56307462563926,0,0,0
06:22:36,99.56396776826878,0,0,0
06:22:37,99.5657540535278,0,0,0
06:22:38,99.56218148300974,0,0,0
06:22:39,99.56039519775072,0,0,0
06:22:40,99.56396776826878,0,0,0
06:22:41,99.56754033878686,0,0,0
06:22:42,99.56218148300974,0,0,0
06:22:43,99.56932662404589,0,0,0
06:22:44,99.58540319137724,0,0,0
06:22:45,99.58895789904273,0,0,0
06:22:46,99.59433461767242,0,0,0
06:22:47,99.59790718819052,0,0,0
06:22:48,99.6014797587086,0,0,0
06:22:49,99.60326604396762,0,0,0
06:22:50,99.597014045561,0,0,0
06:22:51,99.59969347344956,0,0,0
06:22:52,99.6121974702628,0,0,0
06:22:53,99.60505232922668,0,0,0
06:22:54,99.59790718819052,0,0,0
06:22:55,99.59880033082004,0,0,0
06:22:56,99.59612090293146,0,0,0
06:22:57,99.60326604396762,0,0,0
06:22:58,99.60326604396762,0,0,0
06:22:59,99.57647176508203,0,0,0
06:23:00,99.55860891249166,0,0,0
06:23:01,99.5657540535278,0,0,0
06:23:02,99.58718947663628,0,0,0
06:23:03,99.59433461767242,0,0,0
06:23:04,99.60505232922668,0,0,0
06:23:05,99.60326604396762,0,0,0
06:23:06,99.62291518181704,0,0,0
06:23:07,99.62291518181704,0,0,0
06:23:08,99.61934261129898,0,0,0
06:23:09,99.60862489974473,0,0,0
06:23:10,99.6407780344074,0,0,0
06:23:11,99.65149574596164,0,0,0
06:23:12,99.66578602803396,0,0,0
06:23:13,99.6497094607026,0,0,0
06:23:14,99.6443506049255,0,0,0
06:23:15,99.658283629946,0,0,0
06:23:16,99.66221345751588,0,0,0
06:23:17,99.65685460173876,0,0,0
06:23:18,99.65617581334033,0,0,0
06:23:19,99.6497094607026,0,0,0
06:23:20,99.64256431966646,0,0,0
06:23:21,99.65931967539623,0,0,0
06:23:22,99.667572313293,0,0,0
06:23:23,99.68186259536527,0,0,0
06:23:24,99.68364888062432,0,0,0
06:23:25,99.68339880068808,0,0,0
06:23:26,99.67471745432914,0,0,0
06:23:27,99.67471745432914,0,0,0
06:23:28,99.68007631010626,0,0,0
06:23:29,99.68186259536527,0,0,0
06:23:30,99.71044315950992,0,0,0
06:23:31,99.70329801847376,0,0,0
06:23:32,99.69436659217855,0,0,0
06:23:33,99.68007631010626,0,0,0
06:23:34,99.70865687425088,0,0,0
06:23:35,99.7247334415822,0,0,0
06:23:36,99.73545115313644,0,0,0
06:23:37,99.7247334415822,0,0,0
06:23:38,99.71758830054608,0,0,0
06:23:39,99.72116087106411,0,0,0
06:23:40,99.69436659217855,0,0,0
06:23:41,99.6961528774376,0,0,0
06:23:42,99.6961528774376,0,0,0
06:23:43,99.6907940216605,0,0,0
06:23:44,99.68543516588336,0,0,0
06:23:45,99.67114488381108,0,0,0
06:23:46,99.65685460173876,0,0,0
06:23:47,99.66042717225685,0,0,0
06:23:48,99.66042717225685,0,0,0
06:23:49,99.6586408869978,0,0,0
06:23:50,99.66578602803396,0,0,0
06:23:51,99.66221345751588,0,0,0
06:23:52,99.66935859855204,0,0,0
06:23:53,99.67650373958818,0,0,0
06:23:54,99.68900773640144,0,0,0
06:23:55,99.68007631010626,0,0,0
06:23:56,99.67471745432914,0,0,0
06:23:57,99.68007631010626,0,0,0
06:23:58,99.67473531718171,0,0,0
06:23:59,99.66042717225685,0,0,0
06:24:00,99.62470146707608,0,0,0
06:24:01,99.6166631834104,0,0,0
06:24:02,99.59612090293146,0,0,0
06:24:03,99.58897576189533,0,0,0
06:24:04,99.58897576189533,0,0,0
06:24:05,99.5903154758396,0,0,0
06:24:06,99.59522776030194,0,0,0
06:24:07,99.59433461767242,0,0,0
06:24:08,99.62646988948254,0,0,0
06:24:09,99.6121974702628,0,0,0
06:24:10,99.6068386144857,0,0,0
06:24:11,99.6014797587086,0,0,0
06:24:12,99.6014797587086,0,0,0
06:24:13,99.60862489974473,0,0,0
06:24:14,99.59969347344956,0,0,0
06:24:15,99.59790718819052,0,0,0
06:24:16,99.597014045561,0,0,0
06:24:17,99.58540319137724,0,0,0
06:24:18,99.57825805034108,0,0,0
06:24:19,99.56932662404589,0,0,0
06:24:20,99.56754033878686,0,0,0
06:24:21,99.58004433560012,0,0,0
06:24:22,99.58629633400676,0,0,0
06:24:23,99.59299490372815,0,0,0
06:24:24,99.6070172430116,0,0,0
06:24:25,99.62648775233512,0,0,0
06:24:26,99.6300603228532,0,0,0
06:24:27,99.61934261129898,0,0,0
06:24:28,99.62470146707608,0,0,0
06:24:29,99.63363289337128,0,0,0
06:24:30,99.63720546388932,0,0,0
06:24:31,99.64613689018454,0,0,0
06:24:32,99.621128896558,0,0,0
06:24:33,99.60505232922668,0,0,0
06:24:34,99.58897576189533,0,0,0
06:24:35,99.58004433560012,0,0,0
06:24:36,99.56932662404589,0,0,0
06:24:37,99.5657540535278,0,0,0
06:24:38,99.56932662404589,0,0,0
06:24:39,99.56396776826878,0,0,0
06:24:40,99.5657540535278,0,0,0
06:24:41,99.56352119695404,0,0,0
06:24:42,99.55860891249166,0,0,0
06:24:43,99.56039519775072,0,0,0
06:24:44,99.55682262723263,0,0,0
06:24:45,99.55325005671456,0,0,0
06:24:46,99.54253234516032,0,0,0
06:24:47,99.54074605990128,0,0,0
06:24:48,99.53538720412418,0,0,0
06:24:49,99.53895977464224,0,0,0
06:24:50,99.53895977464224,0,0,0
06:24:51,99.54074605990128,0,0,0
06:24:52,99.54253234516032,0,0,0
06:24:53,99.5514637714555,0,0,0
06:24:54,99.55325005671456,0,0,0
06:24:55,99.55325005671456,0,0,0
06:24:56,99.5318146336061,0,0,0
06:24:57,99.53360091886512,0,0,0
06:24:58,99.53538720412418,0,0,0
06:24:59,99.53895977464224,0,0,0
06:25:00,99.5228832073109,0,0,0
06:25:01,99.51216549575668,0,0,0
06:25:02,99.51395178101572,0,0,0
06:25:03,99.5085929252386,0,0,0
06:25:04,99.50502035472051,0,0,0
06:25:05,99.50323406946148,0,0,0
06:25:06,99.49787521368437,0,0,0
06:25:07,99.48358493161206,0,0,0
06:25:08,99.48358493161206,0,0,0
06:25:09,99.48090550372348,0,0,0
06:25:10,99.48358493161206,0,0,0
06:25:11,99.48715750213016,0,0,0
06:25:12,99.50144778420244,0,0,0
06:25:13,99.4889437873892,0,0,0
06:25:14,99.47733293320545,0,0,0
06:25:15,99.47465350531688,0,0,0
06:25:16,99.481798646353,0,0,0
06:25:17,99.47465350531688,0,0,0
06:25:18,99.45857693798553,0,0,0
06:25:19,99.47286722005784,0,0,0
06:25:20,99.47465350531688,0,0,0
06:25:21,99.47819035012976,0,0,0
06:25:22,99.46393579376264,0,0,0
06:25:23,99.46929464953976,0,0,0
06:25:24,99.46527550770692,0,0,0
06:25:25,99.46393579376264,0,0,0
06:25:26,99.46572207902167,0,0,0
06:25:27,99.45857693798553,0,0,0
06:25:28,99.45500436746744,0,0,0
06:25:29,99.45143179694938,0,0,0
06:25:30,99.4478592264313,0,0,0
06:25:31,99.44607294117226,0,0,0
06:25:32,99.45679065272648,0,0,0
06:25:33,99.4532180822084,0,0,0
06:25:34,99.4532180822084,0,0,0
06:25:35,99.4478592264313,0,0,0
06:25:36,99.44607294117226,0,0,0
06:25:37,99.4532180822084,0,0,0
06:25:38,99.44428665591325,0,0,0
06:25:39,99.44428665591325,0,0,0
06:25:40,99.4389278001361,0,0,0
06:25:41,99.44964551169032,0,0,0
06:25:42,99.45500436746744,0,0,0
06:25:43,99.44964551169032,0,0,0
06:25:44,99.45839830945962,0,0,0
06:25:45,99.45875556651144,0,0,0
06:25:46,99.457683795356,0,0,0
06:25:47,99.4390885658094,0,0,0
06:25:48,99.4425003706542,0,0,0
06:25:49,99.43714151487708,0,0,0
06:25:50,99.43803465750658,0,0,0
06:25:51,99.44607294117226,0,0,0
06:25:52,99.4514139340968,0,0,0
06:25:53,99.45143179694938,0,0,0
06:25:54,99.46572207902167,0,0,0
06:25:55,99.4621495085036,0,0,0
06:25:56,99.46750836428072,0,0,0
06:25:57,99.4710809347988,0,0,0
06:25:58,99.45721936118866,0,0,0
06:25:59,99.4532180822084,0,0,0
06:26:00,99.4478592264313,0,0,0
06:26:01,99.45500436746744,0,0,0
06:26:02,99.46393579376264,0,0,0
06:26:03,99.46036322324456,0,0,0
06:26:04,99.4777795045202,0,0,0
06:26:05,99.4943026431663,0,0,0
06:26:06,99.48715750213016,0,0,0
06:26:07,99.4951957857958,0,0,0
06:26:08,99.49608892842532,0,0,0
06:26:09,99.50321620660888,0,0,0
06:26:10,99.49787521368437,0,0,0
06:26:11,99.49608892842532,0,0,0
06:26:12,99.4972500138437,0,0,0
06:26:13,99.528242063088,0,0,0
06:26:14,99.5318146336061,0,0,0
06:26:15,99.54789120093744,0,0,0
06:26:16,99.54923091488172,0,0,0
06:26:17,99.56396776826878,0,0,0
06:26:18,99.55682262723263,0,0,0
06:26:19,99.54253234516032,0,0,0
06:26:20,99.53360091886512,0,0,0
06:26:21,99.54074605990128,0,0,0
06:26:22,99.54253234516032,0,0,0
06:26:23,99.5550363419736,0,0,0
06:26:24,99.54253234516032,0,0,0
06:26:25,99.528242063088,0,0,0
06:26:26,99.523097561542,0,0,0
06:26:27,99.5371734893832,0,0,0
06:26:28,99.51279069559732,0,0,0
06:26:29,99.51127235312715,0,0,0
06:26:30,99.49787521368437,0,0,0
06:26:31,99.49073007264822,0,0,0
06:26:32,99.48358493161206,0,0,0
06:26:33,99.47376036268736,0,0,0
06:26:34,99.48537121687112,0,0,0
06:26:35,99.48826499899072,0,0,0
06:26:36,99.49073007264822,0,0,0
06:26:37,99.49608892842532,0,0,0
06:26:38,99.4889437873892,0,0,0
06:26:39,99.4923477325788,0,0,0
06:26:40,99.48537121687112,0,0,0
06:26:41,99.48358493161206,0,0,0
06:26:42,99.48537121687112,0,0,0
06:26:43,99.48090550372348,0,0,0
06:26:44,99.48269178898254,0,0,0
06:26:45,99.47822607583494,0,0,0
06:26:46,99.47822607583494,0,0,0
06:26:47,99.47643979057592,0,0,0
06:26:48,99.47733293320545,0,0,0
06:26:49,99.48358493161206,0,0,0
06:26:50,99.48805064475968,0,0,0
06:26:51,99.49251635790723,0,0,0
06:26:52,99.48715750213016,0,0,0
06:26:53,99.48715750213016,0,0,0
06:26:54,99.49251635790723,0,0,0
06:26:55,99.4996614989434,0,0,0
06:26:56,99.50680663997954,0,0,0
06:26:57,99.51573806627476,0,0,0
06:26:58,99.51234412428258,0,0,0
06:26:59,99.50680663997954,0,0,0
06:27:00,99.51573806627476,0,0,0
06:27:01,99.5175243515338,0,0,0
06:27:02,99.50323406946148,0,0,0
06:27:03,99.50680663997954,0,0,0
06:27:04,99.51216549575668,0,0,0
06:27:05,99.5085929252386,0,0,0
06:27:06,99.50680663997954,0,0,0
06:27:07,99.49787521368437,0,0,0
06:27:08,99.49787521368437,0,0,0
06:27:09,99.50055464157292,0,0,0
06:27:10,99.50144778420244,0,0,0
06:27:11,99.50680663997954,0,0,0
06:27:12,99.51573806627476,0,0,0
06:27:13,99.50502035472051,0,0,0
06:27:14,99.50502035472051,0,0,0
06:27:15,99.5085929252386,0,0,0
06:27:16,99.51573806627476,0,0,0
06:27:17,99.51573806627476,0,0,0
06:27:18,99.51573806627476,0,0,0
06:27:19,99.50680663997954,0,0,0
06:27:20,99.49073007264822,0,0,0
06:27:21,99.49608892842532,0,0,0
06:27:22,99.4889437873892,0,0,0
06:27:23,99.4996614989434,0,0,0
06:27:24,99.50144778420244,0,0,0
06:27:25,99.51037921049765,0,0,0
06:27:26,99.51216549575668,0,0,0
06:27:27,99.51395178101572,0,0,0
06:27:28,99.50680663997954,0,0,0
06:27:29,99.50055464157292,0,0,0
06:27:30,99.48715750213016,0,0,0
06:27:31,99.48358493161206,0,0,0
06:27:32,99.47465350531688,0,0,0
06:27:33,99.47286722005784,0,0,0
06:27:34,99.46929464953976,0,0,0
06:27:35,99.472902945763,0,0,0
06:27:36,99.47463564246428,0,0,0
06:27:37,99.48001236109398,0,0,0
06:27:38,99.48537121687112,0,0,0
06:27:39,99.47643979057592,0,0,0
06:27:40,99.48001236109398,0,0,0
06:27:41,99.48447807424157,0,0,0
06:27:42,99.48001236109398,0,0,0
06:27:43,99.49073007264822,0,0,0
06:27:44,99.50144778420244,0,0,0
06:27:45,99.4943026431663,0,0,0
06:27:46,99.49073007264822,0,0,0
06:27:47,99.48447807424157,0,0,0
06:27:48,99.48447807424157,0,0,0
06:27:49,99.49251635790723,0,0,0
06:27:50,99.47643979057592,0,0,0
06:27:51,99.47822607583494,0,0,0
06:27:52,99.46840150691024,0,0,0
06:27:53,99.46750836428072,0,0,0
06:27:54,99.4666152216512,0,0,0
06:27:55,99.46929464953976,0,0,0
06:27:56,99.47018779216928,0,0,0
06:27:57,99.47286722005784,0,0,0
06:27:58,99.46929464953976,0,0,0
06:27:59,99.46393579376264,0,0,0
06:28:00,99.44428665591325,0,0,0
06:28:01,99.4532180822084,0,0,0
06:28:02,99.44428665591325,0,0,0
06:28:03,99.43714151487708,0,0,0
06:28:04,99.39695009654872,0,0,0
06:28:05,99.39873638180777,0,0,0
06:28:06,99.38891181288304,0,0,0
06:28:07,99.38176667184688,0,0,0
06:28:08,99.3692626750336,0,0,0
06:28:09,99.3764078160698,0,0,0
06:28:10,99.37908724395834,0,0,0
06:28:11,99.3915912407716,0,0,0
06:28:12,99.39069809814208,0,0,0
06:28:13,99.38948342416592,0,0,0
06:28:14,99.40856095073244,0,0,0
06:28:15,99.42285123280476,0,0,0
06:28:16,99.41213352125052,0,0,0
06:28:17,99.4157060917686,0,0,0
06:28:18,99.4157060917686,0,0,0
06:28:19,99.415688228916,0,0,0
06:28:20,99.4157239546212,0,0,0
06:28:21,99.433568944359,0,0,0
06:28:22,99.41749237702764,0,0,0
06:28:23,99.41749237702764,0,0,0
06:28:24,99.40856095073244,0,0,0
06:28:25,99.3960569539192,0,0,0
06:28:26,99.3764078160698,0,0,0
06:28:27,99.37819410132882,0,0,0
06:28:28,99.38176667184688,0,0,0
06:28:29,99.40320209495536,0,0,0
06:28:30,99.3960569539192,0,0,0
06:28:31,99.40856095073244,0,0,0
06:28:32,99.4103472359915,0,0,0
06:28:33,99.40320209495536,0,0,0
06:28:34,99.387125527624,0,0,0
06:28:35,99.38891181288304,0,0,0
06:28:36,99.3639038192565,0,0,0
06:28:37,99.35586553559084,0,0,0
06:28:38,99.34872039455468,0,0,0
06:28:39,99.32996439933478,0,0,0
06:28:40,99.32460554355768,0,0,0
06:28:41,99.33353696985286,0,0,0
06:28:42,99.33621639774142,0,0,0
06:28:43,99.32816025122315,0,0,0
06:28:44,99.3308575419643,0,0,0
06:28:45,99.32817811407573,0,0,0
06:28:46,99.32817811407573,0,0,0
06:28:47,99.34336153877756,0,0,0
06:28:48,99.32281925829862,0,0,0
06:28:49,99.35139982244324,0,0,0
06:28:50,99.3782119641814,0,0,0
06:28:51,99.38623238499449,0,0,0
06:28:52,99.36211753399746,0,0,0
06:28:53,99.35318610770229,0,0,0
06:28:54,99.3585449634794,0,0,0
06:28:55,99.36033124873843,0,0,0
06:28:56,99.3692626750336,0,0,0
06:28:57,99.35497239296132,0,0,0
06:28:58,99.35139982244324,0,0,0
06:28:59,99.33889582562998,0,1,1
